Actor,Degree,Weighted Degree,Degree Centrality,Betweenness Centrality,Closeness Centrality,Eigenvector Centrality,Degree Rank,Betweenness Rank,Closeness Rank,Eigenvector Rank,Average Rank
יוסף שילוח,180,259.0,0.05705229793977813,0.080866947851735,0.5667227722559973,0.2288692586217018,6,1,1,1,2.25
זאב רווח,187,263.0,0.05927099841521395,0.06776439326105094,0.5602345513119737,0.2014603851278238,5,2,3,5,3.75
גבי עמרני,175,242.0,0.05546751188589541,0.05147367288571883,0.5631902138631159,0.21024616610786856,8,4,2,4,4.5
גילה אלמגור,216,276.0,0.06846275752773376,0.06549059060294343,0.5567902218928765,0.18382933514451283,2,3,6,7,4.5
גדעון זינגר,126,201.0,0.03993660855784469,0.038684710711792414,0.5545540539267146,0.21278997190681115,21,10,7,3,10.25
שייקה אופיר,121,199.0,0.03835182250396196,0.03449053968703955,0.5598500120350912,0.22581456406768355,24,14,5,2,11.25
משה איבגי,205,238.0,0.06497622820919176,0.04770360529656395,0.5430389868872697,0.09029525412127498,3,6,8,30,11.75
לבנה פינקלשטיין,158,186.0,0.05007923930269414,0.0401851594759751,0.539717882609986,0.10206729957125875,11,8,10,20,12.25
אריה מוסקונה,156,187.0,0.04944532488114105,0.032108736072428784,0.5416690198880675,0.11627325979326775,12,17,9,14,13.0
אבנר חזקיהו,111,172.0,0.03518225039619652,0.03997731015308686,0.5599182628134702,0.19158108210475605,34,9,4,6,13.25
אלון אבוטבול,224,252.0,0.07099841521394612,0.04537925360008993,0.5240067246665462,0.07497614575504637,1,7,20,38,16.5
עמוס לביא,177,204.0,0.05610142630744849,0.05066322606692862,0.5334061805868903,0.07117941871875778,7,5,12,44,17.0
צחי נוי,142,195.0,0.045007923930269415,0.03282381922025894,0.5213242839631216,0.11235952482569483,14,16,23,15,17.0
אסי דיין,202,235.0,0.06402535657686212,0.0374928535548676,0.512648771134262,0.09747800175855995,4,11,35,23,18.25
אלישבע מיכאלי,125,153.0,0.039619651347068144,0.0173643515858608,0.5248537586133597,0.12058542684315993,22,25,17,10,18.5
מוסקו אלקלעי,133,163.0,0.042155309033280505,0.0125430930715131,0.5262950528639995,0.13384637522225254,19,36,16,8,19.75
אורי גבריאל,166,192.0,0.0526148969889065,0.03528131028562632,0.5297916177752375,0.06676206100004191,9,13,13,49,21.0
אלברט אילוז,156,182.0,0.04944532488114105,0.034200915919645164,0.5380880509680529,0.065725055019556,12,15,11,53,22.75
אריה אליאס,131,161.0,0.04152139461172742,0.012141986080355098,0.5228280437522795,0.11906398940786571,20,39,21,12,23.0
יהודה בארקן,104,139.0,0.0329635499207607,0.013965856050722694,0.5246958082312392,0.09549446975810004,41,31,18,26,29.0
אורי זוהר,97,141.0,0.030744849445324882,0.015551511477629522,0.5147316829244355,0.11905175312030312,51,28,33,13,31.25
יונה אליאן,107,128.0,0.03391442155309034,0.01339291954587535,0.51565220890615,0.09448541448873675,37,33,31,27,32.0
מוני מושונוב,137,164.0,0.043423137876386686,0.02947103594738603,0.5182642880766396,0.055907526671560556,16,18,28,67,32.25
יגאל עדיקא,125,145.0,0.039619651347068144,0.0157839295918293,0.5188584693241276,0.06470401303443447,22,27,27,55,32.75
ז'אק כהן,106,134.0,0.03359746434231379,0.008182430286601079,0.5271169697233341,0.10952732905917298,39,66,15,17,34.25
יהודה אפרוני,112,140.0,0.03549920760697306,0.008075278977225432,0.5191058096931257,0.10656427922958672,32,68,26,18,36.0
אורי לוי,92,117.0,0.029160063391442156,0.012386112457740149,0.5213860878558444,0.09724437772319572,61,37,22,24,36.0
יהודה ברקן,84,121.0,0.026624405705229795,0.01447682216464741,0.5286896487867999,0.09821560243167574,81,29,14,22,36.5
שמיל בן ארי,136,156.0,0.043106180665610144,0.02139847121266484,0.5121718312523327,0.050462587093339194,18,21,36,74,37.25
ראובן דיין,104,115.0,0.0329635499207607,0.011156469438318427,0.5154800596519634,0.07070419553878428,41,45,32,45,40.75
אילן דר,120,132.0,0.03803486529318542,0.011188098409074653,0.4923530438837879,0.07848235019133863,25,44,58,37,41.0
צחי גראד,160,178.0,0.05071315372424723,0.03713393074087724,0.5107184430165601,0.03657193722076085,10,12,37,107,41.5
משה איש כסית,85,107.0,0.02694136291600634,0.009233772746025836,0.5243455377505872,0.10358501332677883,79,54,19,19,42.75
ששון גבאי,113,127.0,0.0358161648177496,0.019820028138032072,0.5206684540153484,0.0383094100957836,30,22,25,100,44.25
שרון אלכסנדר,138,154.0,0.043740095087163235,0.018043105687310865,0.4962510793119874,0.03908129514685017,15,23,54,96,47.0
ליאור אשכנזי,137,150.0,0.043423137876386686,0.022400645953690675,0.5049364698231771,0.03380347134115457,16,19,44,123,50.5
יוסף כרמון,116,126.0,0.03676703645007924,0.011854753406115182,0.48705413372788586,0.052149111865501446,27,40,68,71,51.5
עודד תאומי,82,101.0,0.025990491283676705,0.007825151583454789,0.5162844077758634,0.08754549945098204,85,70,29,31,53.75
גילת אנקורי,91,106.0,0.02884310618066561,0.01301277830202802,0.5012253017586045,0.0519790806111499,65,34,50,72,55.25
רונית אלקבץ,91,108.0,0.02884310618066561,0.013630516716948595,0.5057008572328122,0.04246322487325342,65,32,42,85,56.0
רבקה מיכאלי,97,101.0,0.030744849445324882,0.009127862326143068,0.49132146961210077,0.06179458455881068,51,56,59,58,56.0
אברהם מור,97,110.0,0.030744849445324882,0.005364386386817856,0.5031899318083408,0.09328881497564136,51,104,47,28,57.5
יחזקאל לזרוב,104,113.0,0.0329635499207607,0.021792668753279582,0.5064203465101738,0.0312910572229068,41,20,38,137,59.0
יעקב בודו,87,99.0,0.02757527733755943,0.006998563139269627,0.5018413652861806,0.07327776903196963,75,74,48,40,59.25
יהורם גאון,95,103.0,0.030110935023771792,0.009548360800522054,0.4866534564343531,0.06148113726094736,58,52,71,59,60.0
ניצה שאול,88,105.0,0.027892234548335976,0.005062557040144386,0.5138757105227709,0.09120969856094222,72,110,34,29,61.25
מנשה נוי,99,116.0,0.031378763866877976,0.012248814714962208,0.5058383884762526,0.03422446289778903,47,38,41,121,61.75
חנה אזולאי-הספרי,90,99.0,0.028526148969889066,0.00901933288795173,0.5052757751919844,0.04469312846943749,69,58,43,81,62.75
יעל אבקסיס,88,101.0,0.027892234548335976,0.011331147138567928,0.5017014257601706,0.03991670417560869,72,42,49,93,64.0
קרן מור,97,110.0,0.030744849445324882,0.00880651290041369,0.4979508257514647,0.039051185576688456,51,62,53,98,66.0
חנה לסלאו,112,118.0,0.03549920760697306,0.00965212299812842,0.465792639262241,0.0540562663397644,32,51,114,69,66.5
זהרירה חריפאי,70,91.0,0.022187004754358162,0.005938815379926193,0.515998213043342,0.09700053327995965,127,90,30,25,68.0
אשר צרפתי,113,121.0,0.0358161648177496,0.005254567657241749,0.4737735769169705,0.07132823642156626,30,107,98,43,69.5
גברי בנאי,66,102.0,0.020919175911251982,0.006424080336285038,0.5045032062734542,0.11973596652311569,141,81,45,11,69.5
ארנון צדוק,115,129.0,0.0364500792393027,0.008409662395120875,0.4740973227524381,0.04013075624092951,28,65,97,92,70.5
ליא קניג,87,100.0,0.02757527733755943,0.006357436424386283,0.48696357883559976,0.0590668819752227,75,82,69,61,71.75
יעקב בן-סירא,85,98.0,0.02694136291600634,0.0063264705044062276,0.48512354791153495,0.06575734856127181,79,83,74,51,71.75
גאולה נוני,91,106.0,0.02884310618066561,0.003576417475994224,0.5033983127515081,0.08325814633008109,65,151,46,32,73.5
דני שטג,110,118.0,0.03486529318541997,0.01057870993982144,0.4783811679350448,0.03358913947381475,35,47,88,126,74.0
יבגניה דודינה,110,117.0,0.03486529318541997,0.011301277229304161,0.4780571586988068,0.032289831738338264,35,43,89,132,74.75
דן תורן,90,96.0,0.028526148969889066,0.006166643167134111,0.48766894476601463,0.04570604687624819,69,85,65,80,74.75
אלברט כהן,87,93.0,0.02757527733755943,0.005695811376800087,0.4854360708756989,0.05913454508931353,75,92,72,60,74.75
בומבה צור,74,107.0,0.023454833597464343,0.003384886406009183,0.5213226638334508,0.12295518237539341,116,158,24,9,76.75
ולדימיר פרידמן,117,126.0,0.03708399366085578,0.016821549359146308,0.4762171869311789,0.02770878971370301,26,26,94,164,77.5
שלמה וישינסקי,101,108.0,0.03201267828843106,0.005904497768845518,0.4643314260985557,0.06360090198846506,46,91,118,57,78.0
אורי קלאוזנר,106,115.0,0.03359746434231379,0.006866851629616327,0.4793999341994839,0.03554855249819054,39,76,86,112,78.25
שייקה לוי,76,107.0,0.024088748019017434,0.0036449399244393634,0.48982115892369116,0.11145513604625439,111,145,60,16,83.0
ריימונד אמסלם,99,107.0,0.031378763866877976,0.011670313086550197,0.4810591897093432,0.02590431189758613,47,41,81,176,86.25
אושיק לוי,92,105.0,0.029160063391442156,0.0034416005490923566,0.48151151036215484,0.06630948128361291,61,156,79,50,86.5
מנשה ורשבסקי,71,97.0,0.022503961965134708,0.006568638924709388,0.47676862841222045,0.05741377100375868,120,79,91,64,88.5
צבי שיסל,80,99.0,0.025356576862123614,0.004998175640763411,0.4836093363303969,0.04648271954481925,92,112,75,78,89.25
ענת עצמון,94,101.0,0.029793977812995247,0.009204147518918071,0.46508323389151246,0.033368818042412096,59,55,116,128,89.5
ששי קשת,81,95.0,0.02567353407290016,0.0030400399742673825,0.4994743058337732,0.06833719803014594,88,173,52,47,90.0
סלים דאו,93,99.0,0.0294770206022187,0.010868244111005683,0.4561633009229235,0.033830739225911566,60,46,135,122,90.75
דביר בנדק,103,111.0,0.03264659270998416,0.014262116992800798,0.4635658485801881,0.027139614282503163,44,30,122,170,91.5
יעקב בנאי,84,93.0,0.026624405705229795,0.0022485423263999124,0.505998306277797,0.07947770922837484,81,218,39,36,93.5
עזרא כפרי,79,92.0,0.02503961965134707,0.0054024690201383,0.48304577502941903,0.03756487660585211,95,102,77,103,94.25
ישראל פוליאקוב,79,108.0,0.02503961965134707,0.0023858342037942756,0.48710737148243627,0.10130327816717824,95,209,67,21,98.0
מכרם ח'ורי,92,99.0,0.029160063391442156,0.01016880555801512,0.46217526926516284,0.027977131232463627,61,48,124,162,98.75
דאנה איבגי,115,120.0,0.0364500792393027,0.01287939788464738,0.45281649099268095,0.024862423156544022,28,35,148,186,99.25
אריק איינשטיין,57,81.0,0.018066561014263075,0.0055234226908381185,0.49330411556243314,0.056005038879484555,180,97,57,66,100.0
אברהם רונאי,83,101.0,0.02630744849445325,0.0025600716559839587,0.4790686152536235,0.08069386299913235,84,197,87,35,100.75
לירון לבו,87,96.0,0.02757527733755943,0.017766890371227133,0.48119678825148626,0.020748754696349767,75,24,80,228,101.75
אייל גפן,79,87.0,0.02503961965134707,0.004558324011637202,0.4704671064408582,0.04195435188264658,95,118,108,87,102.0
דב נבון,96,101.0,0.030427892234548337,0.009984847846902893,0.46397852312217397,0.02332919615233985,56,49,120,200,106.25
אתי גרוטס,60,80.0,0.01901743264659271,0.0027550537245750024,0.5058768873843587,0.0829559190473801,169,184,40,33,106.5
גדי יגיל,65,76.0,0.020602218700475437,0.0029840898642983257,0.4831412727473356,0.07363044713721822,146,176,76,39,109.25
מאיר סוויסה,96,108.0,0.030427892234548337,0.009357947835784211,0.438071733869515,0.03377734265020514,56,53,205,124,109.5
יוסי פולק,98,105.0,0.031061806656101427,0.0025093502028289273,0.45599498803292626,0.0586845464759647,49,199,137,62,111.75
אוולין הגואל,77,89.0,0.02440570522979398,0.009708160338628357,0.4757076791708399,0.02333555875316321,106,50,95,199,112.5
יעקב כהן,70,78.0,0.022187004754358162,0.005636044242290538,0.4766741495690129,0.0306545896489705,127,94,92,140,113.25
אושרי כהן,97,105.0,0.030744849445324882,0.006548858994178076,0.4466379949591023,0.02830335168455111,51,80,165,159,113.75
צחי הלוי,72,80.0,0.022820919175911253,0.008087493231808214,0.489799093287757,0.021510996988084875,118,67,61,217,115.75
אסי לוי,82,87.0,0.025990491283676705,0.007447284791949488,0.47170643820258285,0.0231185199519429,85,72,103,206,116.5
רמי דנון,75,86.0,0.02377179080824089,0.005031194379159527,0.4682038138033014,0.032030781616245035,114,111,111,133,117.25
מיכל בת-אדם,56,67.0,0.01774960380348653,0.0027484218651690315,0.5007022166277076,0.06573272511010622,188,186,51,52,119.25
רותם זיסמן כהן,79,85.0,0.02503961965134707,0.0041818420275939,0.48045597415363134,0.02667780318744447,95,127,83,172,119.25
מיכאל מושונוב,80,90.0,0.025356576862123614,0.008807374564239866,0.47338219819112864,0.020756508833424375,92,61,100,227,120.0
פולי רשף,78,83.0,0.024722662440570524,0.005342041694643529,0.47349943251990007,0.025266495289320606,101,105,99,179,121.0
טוביה צפיר,59,70.0,0.018700475435816166,0.0024343919067188646,0.48668522412947623,0.06806594126255301,172,205,70,48,123.75
חיים זנאתי,98,103.0,0.031061806656101427,0.005070958057370967,0.4506014453040829,0.025260598298094013,49,109,157,180,123.75
אלכס פלג,65,71.0,0.020602218700475437,0.0028970035200712213,0.4937703894159001,0.034674764933608965,146,179,56,118,124.75
דבורה קידר,70,106.0,0.022187004754358162,0.0015870379415828223,0.4897166712060427,0.07051823438583778,127,264,62,46,124.75
יוסי גרבר,102,108.0,0.03232963549920761,0.0021024809825760547,0.4472950177388864,0.05675068084488731,45,226,164,65,125.0
שלומי קוריאט,81,93.0,0.02567353407290016,0.006946413889586234,0.46661552997810185,0.02077759047902854,88,75,113,226,125.5
יפתח קצור,57,99.0,0.018066561014263075,0.0022349104953301047,0.493976858582767,0.064493778549984,180,220,55,56,127.75
שושיק שני,63,69.0,0.019968304278922346,0.0024585797786762778,0.476468580291815,0.05834706652671766,157,203,93,63,129.0
רבקה בכר,57,63.0,0.018066561014263075,0.005641603519760067,0.4690030944229924,0.030649388372166984,180,93,109,141,130.75
שלמה תרשיש,75,82.0,0.02377179080824089,0.0023769387336198947,0.4705907276279936,0.0390572699350568,114,211,106,97,132.0
יגאל נאור,91,96.0,0.02884310618066561,0.004408797731569549,0.44616653140572693,0.025810838715508478,65,121,169,177,133.0
אסתי זקהיים,77,80.0,0.02440570522979398,0.004733336340800228,0.45139997709906426,0.027295498574998783,106,114,152,166,134.5
ריטה שוקרון,79,81.0,0.02503961965134707,0.0021616099044608392,0.4704941881904098,0.03515243986909906,95,223,107,116,135.25
תיקי דיין,80,83.0,0.025356576862123614,0.005543829129728807,0.4396318286522305,0.028113994458724395,92,96,197,161,136.5
רות גלר,92,94.0,0.029160063391442156,0.0045211239214344,0.43044231367133673,0.033390338339074156,61,119,241,127,137.0
יונתן צ'רצ'י,71,72.0,0.022503961965134708,0.0033472544454283895,0.45749304907405425,0.031507718487619636,120,160,133,135,137.0
ענת וקסמן,67,71.0,0.021236133122028527,0.004518597877003127,0.46445511952119645,0.026022794977645678,137,120,117,175,137.25
אלון דהן,77,79.0,0.02440570522979398,0.005082693893365582,0.4556170397855526,0.022600809904500894,106,108,138,210,140.5
רפאל קלצ'קין,78,88.0,0.024722662440570524,0.0009561028911558054,0.47998938098810773,0.07246315740570539,101,340,84,41,141.5
דרור קרן,76,80.0,0.024088748019017434,0.008045393978729668,0.4530951151100532,0.01959886744085381,111,69,145,244,142.25
רותם אבוהב,74,81.0,0.023454833597464343,0.00844562924693956,0.4635672211125427,0.0181252840635771,116,64,121,268,142.25
שמואל אדלמן,77,79.0,0.02440570522979398,0.006800783135741969,0.4538944468525797,0.019504931693579555,106,77,140,248,142.75
אייל רוזלס,107,110.0,0.03391442155309034,0.0075746417552529435,0.43143105458077186,0.020177299725401446,37,71,237,234,144.75
רבקה גור,78,79.0,0.024722662440570524,0.0029272601335126242,0.444232293193798,0.03307604355604775,101,178,176,130,146.25
ניר לוי,64,67.0,0.02028526148969889,0.0060300150542607536,0.4538345394766263,0.022170434612424267,152,88,141,213,148.5
מיכאל אלוני,76,81.0,0.024088748019017434,0.008896944777393216,0.4464656591120024,0.018675239449132883,111,59,168,259,149.25
יוסי וירז'נסקי,71,76.0,0.022503961965134708,0.003908267322660527,0.4404099249996106,0.028937165795740998,120,134,193,154,150.25
דינה דורון,78,81.0,0.024722662440570524,0.0019227326563493177,0.4504361743190026,0.036419412735345734,101,237,159,108,151.25
איילת זורר,66,72.0,0.020919175911251982,0.0023914768454757367,0.47124520311648577,0.028701742800481645,141,208,104,155,152.0
יורם חטב,66,72.0,0.020919175911251982,0.0033581058956847687,0.47115302650853746,0.023106600994408692,141,159,105,207,153.0
עירית שלג,68,69.0,0.021553090332805072,0.00299954091663897,0.45079149685531106,0.02937023101360451,134,175,156,148,153.25
אופליה שטראל,52,56.0,0.01648177496038035,0.0030207827241830318,0.4561362195821971,0.04126280616014573,214,174,136,89,153.25
עדנה פלידל,53,57.0,0.016798732171156894,0.0027316988718255083,0.4567412209003026,0.03956902868460081,207,187,134,95,155.75
שאול מזרחי,57,60.0,0.018066561014263075,0.005616346564576997,0.4651216435518384,0.02010736322971466,180,95,115,236,156.5
שרגא פרידמן,59,79.0,0.018700475435816166,0.0009016143502888288,0.4851589246886074,0.08200832672598944,172,350,73,34,157.25
יהונתן סגל,39,75.0,0.012361331220285262,0.003298347730924099,0.4871299025377324,0.04399658503790066,324,161,66,82,158.25
מוחמד בכרי,71,76.0,0.022503961965134708,0.00264466328613208,0.450549232267448,0.028287781686752774,120,195,158,160,158.25
רוברטו פולק,65,69.0,0.020602218700475437,0.004694529750945278,0.44742974576989425,0.02088952189773433,146,115,163,223,161.75
רוזינה קמבוס,81,84.0,0.02567353407290016,0.0036664202186788885,0.438270225893698,0.02216295311025575,88,143,204,214,162.25
אקי אבני,77,79.0,0.02440570522979398,0.0053387045325267515,0.44430625072413216,0.01842951365229984,106,106,174,263,162.25
מיכל ינאי,66,70.0,0.020919175911251982,0.006090640547434722,0.44155274649694815,0.019695706946042533,141,86,186,242,163.75
שמואל שילה,90,96.0,0.028526148969889066,0.003271083629157589,0.42648136863627,0.026095912264901402,69,164,256,174,165.75
נתן כוגן,64,67.0,0.02028526148969889,0.0022763975812884287,0.4425613897114132,0.03487542746111371,152,215,182,117,166.5
רובי פורת-שובל,58,61.0,0.01838351822503962,0.0021487732298934433,0.4595642689713083,0.029143094296309797,177,224,128,152,170.25
משה טימור,47,55.0,0.014896988906497623,0.0017665467476070537,0.4722567514037321,0.04062752806217505,248,249,101,91,172.25
טליה שפירא,47,62.0,0.014896988906497623,0.000948580549656661,0.48921928968393535,0.07229419935915682,248,342,63,42,173.75
עזרא דגן,58,60.0,0.01838351822503962,0.004239902627180232,0.4365517214632846,0.02482669110043736,177,125,211,187,175.0
יובל סגל,78,81.0,0.024722662440570524,0.005485587645296549,0.44900143877003523,0.014038045433107434,101,98,161,344,176.0
שמואל קלדרון,62,67.0,0.0196513470681458,0.003866135111129494,0.45253280298587534,0.017948711060415158,162,136,149,270,179.25
יאיר רובין,68,70.0,0.021553090332805072,0.0018636038145006019,0.4375677290870104,0.03076631506481014,134,239,208,138,179.75
שמואל אומני,57,58.0,0.018066561014263075,0.002093508527264783,0.438400880727134,0.03587493367731401,180,227,203,110,180.0
ציון ברוך,79,87.0,0.02503961965134707,0.006701208064966291,0.42559036779369225,0.016443270297476047,95,78,260,298,182.75
אורלי זילברשץ,71,75.0,0.022503961965134708,0.005473721213255258,0.4331533107334805,0.01714711898092809,120,99,229,284,183.0
תומר שרון,57,62.0,0.018066561014263075,0.002715139451913196,0.46097426170455663,0.02005459155367318,180,190,125,237,183.0
אוהד קנולר,88,90.0,0.027892234548335976,0.004204708616034194,0.4273629907670448,0.017208298841206112,72,126,253,281,183.0
תקווה עזיז,64,71.0,0.02028526148969889,0.0005386656747431941,0.4776305342829793,0.05546333721419739,152,423,90,68,183.25
אריק לביא,55,68.0,0.017432646592709985,0.0006937870868205596,0.4686628214557817,0.06559985392214426,196,381,110,54,185.25
מרים גבריאלי,67,69.0,0.021236133122028527,0.001911390870881248,0.4282780199876532,0.03362498529917426,137,238,249,125,187.25
נתן וולפוביץ',50,52.0,0.01584786053882726,0.0038024449919992626,0.41797970870829815,0.036659107849092244,226,138,287,106,189.25
שמואל רודנסקי,59,62.0,0.018700475435816166,0.0010891667494229062,0.4422892635573836,0.04327950469522528,172,318,183,84,189.25
חני נחמיאס,46,49.0,0.014580031695721078,0.003166552473826598,0.4466011901289603,0.027200259163212337,256,167,166,168,189.25
טל פרידמן,64,65.0,0.02028526148969889,0.0042696431942519045,0.4352669084798143,0.01777050971464937,152,124,216,273,191.25
אפרת לביא,57,60.0,0.018066561014263075,0.0012665244504529705,0.4401201188763446,0.03985770745997754,180,298,194,94,191.5
יפתח קליין,63,66.0,0.019968304278922346,0.003711775143970121,0.43990250633285516,0.01736353559804814,157,140,195,278,192.5
שרון רג'יניאנו,56,58.0,0.01774960380348653,0.0020454310680662917,0.4412678465663424,0.027276113233864942,188,228,188,167,192.75
ישי גולן,71,75.0,0.022503961965134708,0.0046369765581973366,0.42362813613113715,0.01748539473875755,120,116,266,276,194.5
אלי כהן,53,59.0,0.016798732171156894,0.0012119542733620976,0.452934707125785,0.03310543798938747,207,301,147,129,196.0
גדעון שמר,69,73.0,0.021870047543581617,0.001777606733582853,0.42896511105288243,0.02831186900353761,131,248,247,158,196.0
נתן דטנר,61,62.0,0.019334389857369256,0.0016711234989490926,0.44360104386945315,0.024882773460664503,165,259,179,184,196.75
אבי חדש,38,54.0,0.012044374009508717,0.00229492757331216,0.4633584151651311,0.03171743792501676,332,212,123,134,200.25
איצ'ו אביטל,56,60.0,0.01774960380348653,0.00275257100227017,0.4343826162871669,0.02291712202161708,188,185,223,209,201.25
שרית וינו אלעד,52,53.0,0.01648177496038035,0.002892627424395326,0.44326647147804393,0.02044138426588676,214,181,180,231,201.5
אבי קושניר,56,57.0,0.01774960380348653,0.003566630095356187,0.4370034803518069,0.01884960321741155,188,154,209,256,201.75
מירי פביאן,55,57.0,0.017432646592709985,0.0027216294836668186,0.4356374237133209,0.022497372951674408,196,188,214,211,202.25
דובי גל,56,59.0,0.01774960380348653,0.001318704049977466,0.43910137773583696,0.030729598200335433,188,291,199,139,204.25
אריה צ'רנר,82,83.0,0.025990491283676705,0.003657465158109371,0.41521225416137375,0.017088219719576553,85,144,305,286,205.0
יצחק חזקיה,57,60.0,0.018066561014263075,0.0010401435814282167,0.4452045272150805,0.03059827404923728,180,327,173,142,205.5
אניה בוקשטיין,59,64.0,0.018700475435816166,0.002505534360702255,0.45239318369288484,0.01623000435207439,172,200,151,303,206.5
דליה שימקו,68,72.0,0.021553090332805072,0.0019995826873416885,0.4290150010800883,0.0214393646693627,134,229,246,218,206.75
ישראל גוריון,48,50.0,0.015213946117274169,0.0010113304686195116,0.4511852851256434,0.037411829760445395,240,332,153,104,207.25
אברהם סלקטר,60,62.0,0.01901743264659271,0.0012977864233794094,0.4323709292221791,0.03017210073211576,169,294,233,143,209.75
שמעון מימרן,84,86.0,0.026624405705229795,0.0039495110110975935,0.4136183559390012,0.01600149522979103,81,133,316,309,209.75
שלמה בר-שביט,54,57.0,0.01711568938193344,0.0016969953984361874,0.4334589443244148,0.02905434441122129,201,258,227,153,209.75
עודד קוטלר,55,57.0,0.017432646592709985,0.0031266775397464433,0.41208019543442,0.02719417932328749,196,169,330,169,216.0
ג'וליאנו מר,69,73.0,0.021870047543581617,0.0010209836078285042,0.43892731522024464,0.023160109676212674,131,330,200,204,216.25
חלי גולדנברג,65,67.0,0.020602218700475437,0.0017663071412824952,0.4123470303798392,0.0301686831255891,146,250,327,145,217.0
צופית גרנט,60,61.0,0.01901743264659271,0.0019590808584279283,0.4262756899155177,0.02175384825091156,169,232,257,216,218.5
חינה רוזובסקה,43,44.0,0.013629160063391443,0.0019991384930507367,0.4417883112003177,0.025091515589701577,281,230,185,182,219.5
רועי אסף,53,57.0,0.016798732171156894,0.0026690283533614043,0.45304130300302325,0.014181601261488534,207,193,146,342,222.0
סמדר קילצ'ינסקי,50,54.0,0.01584786053882726,0.0010908018232597507,0.4596775174631756,0.02065761873110681,226,316,126,229,224.25
מיכה סלקטר,64,66.0,0.02028526148969889,0.0029688455487305067,0.4251204808629105,0.015584393456547108,152,177,262,318,227.25
יוסי מרשק,81,85.0,0.02567353407290016,0.0046028251226350745,0.41072735869885446,0.012882533141072633,88,117,336,375,229.0
משה פולקנפליק,56,58.0,0.01774960380348653,0.003531757277946233,0.43345662426669246,0.01362989824761771,188,155,228,355,231.5
עפר שכטר,69,75.0,0.021870047543581617,0.0036094801160945016,0.42793464939836456,0.012213847280249586,131,148,250,398,231.75
אלי דנקר,53,56.0,0.016798732171156894,0.0008468247048008643,0.4442849854120942,0.02342575470324742,207,360,175,197,234.75
מני פאר,50,54.0,0.01584786053882726,0.0006560825794935845,0.43591226540536104,0.03636047462468327,226,393,213,109,235.25
זהר שטראוס,67,73.0,0.021236133122028527,0.0036924640725608795,0.4302261772267299,0.011405406312173657,137,141,242,435,238.75
טינקרבל,45,49.0,0.014263074484944533,0.0011115001042153586,0.45823582229490856,0.01925002294166489,260,312,132,252,239.0
תקוה מור,39,45.0,0.012361331220285262,0.0007213618211902783,0.44217664936322904,0.04768995178413831,324,375,184,77,240.0
מיקי לאון,61,65.0,0.019334389857369256,0.0018327525573256238,0.4214044354183546,0.017148846160919405,165,241,278,283,241.75
מוטי גלעדי,37,43.0,0.011727416798732172,0.0014065150508380563,0.44886367513421216,0.024622316586119075,344,279,162,192,244.25
חנן גולדבלט,52,56.0,0.01648177496038035,0.0006019002012284474,0.4387371887636689,0.028514319231363855,214,405,202,156,244.25
רמי הויברגר,72,72.0,0.022820919175911253,0.0017903057316945431,0.40973780455871983,0.017625856529732798,118,244,340,275,244.25
ג'טה לוקה,49,53.0,0.015530903328050714,0.0009451077403163664,0.4273827447552148,0.02936595492121948,235,343,252,149,244.75
מונה זילברשטיין,48,53.0,0.015213946117274169,0.0003387075464215447,0.4456359315075803,0.04630846165862474,240,498,171,79,247.0
שי אביבי,63,68.0,0.019968304278922346,0.0031479901923371838,0.42427464699261236,0.012195943066874106,157,168,265,399,247.25
גדליה בסר,61,64.0,0.019334389857369256,0.0010854001748066542,0.4145906803204907,0.023648451648101698,165,319,311,196,247.75
גבי שושן,67,68.0,0.021236133122028527,0.0015326404543190787,0.4088494517167784,0.01956992526475648,137,267,345,245,248.5
ציפי שביט,30,36.0,0.009508716323296355,0.0013181614590242574,0.4453014640522042,0.03763819563897775,432,292,172,101,249.25
חיים בנאי,43,45.0,0.013629160063391443,0.0005426512419863323,0.44649480166638844,0.03282080100205141,281,421,167,131,250.0
יהודה פוקס,50,53.0,0.01584786053882726,0.0003643436620149736,0.4394032982584518,0.04155822039523166,226,490,198,88,250.5
גיל פרנק,55,56.0,0.017432646592709985,0.0018037721049964756,0.42089555981284893,0.016878328974803576,196,243,280,288,251.75
יעל הדר,47,50.0,0.014896988906497623,0.0014028363338005703,0.45336900606289626,0.014433338493362539,248,281,142,338,252.25
עמוס תמם,53,54.0,0.016798732171156894,0.0032812058346948438,0.4144517896075788,0.015048075378519245,207,163,312,328,252.5
אביטל דיקר,40,44.0,0.012678288431061807,0.0013882483030684676,0.45862257771549436,0.016787024936182768,318,283,130,291,255.5
יהושע לוף,40,43.0,0.012678288431061807,0.000385622420092773,0.4672354684461585,0.03528559054214603,318,479,112,113,255.5
יוסי בנאי,41,48.0,0.012995245641838352,0.00020522980195350552,0.48871115413738925,0.049613110858252,304,579,64,76,255.75
שושנה דואר,42,43.0,0.013312202852614897,0.000512647445033759,0.44061563972942475,0.034320949991024925,292,430,192,120,258.5
יעקב זדה דניאל,70,73.0,0.022187004754358162,0.0059968762397996835,0.4056528563793594,0.010826924848065333,127,89,369,452,259.25
עמי סמולרצ'יק,62,64.0,0.0196513470681458,0.002462709012746188,0.41612176931055705,0.012787142445761296,162,202,298,377,259.75
אייל שכטר,43,48.0,0.013629160063391443,0.0013897323660610114,0.4436943776558452,0.016419140942922957,281,282,178,300,260.25
זאב שמשוני,61,64.0,0.019334389857369256,0.0012775398992020265,0.4134590298917116,0.018176841201439056,165,297,317,266,261.25
טלי שרון,48,51.0,0.015213946117274169,0.0053777545070311196,0.41886653589501066,0.01165273936399568,240,103,285,422,262.5
אורי הוכמן,71,73.0,0.022503961965134708,0.0024781923696317815,0.4076400335644069,0.01273182505024972,120,201,352,382,263.75
גידי גוב,54,59.0,0.01711568938193344,0.0014498064988558248,0.4224640585754928,0.016198969438945745,201,278,273,304,264.0
עליזה רוזן,65,65.0,0.020602218700475437,0.00048177255033705945,0.4058536054715524,0.03709663366054813,146,441,367,105,264.75
עידית טפרסון,53,57.0,0.016798732171156894,0.0009631017841694162,0.4334892406910027,0.016576779838867763,207,338,226,296,266.75
שמוליק קראוס,41,48.0,0.012995245641838352,0.00031814090931948745,0.446027677980632,0.04094332873773696,304,509,170,90,268.25
רבקה נוימן,39,44.0,0.012361331220285262,0.001357210159989753,0.4595937675715405,0.014503788843947155,324,286,127,337,268.5
נטע גרטי,44,45.0,0.013946117274167988,0.001972518940824258,0.4253168555509912,0.01560011494321471,269,231,261,316,269.25
רמי ברוך,63,65.0,0.019968304278922346,0.0022825239057795163,0.4069386628452489,0.01363345084992295,157,214,358,354,270.75
מיכאל הנגבי,52,54.0,0.01648177496038035,0.0011167904636928383,0.427267979383652,0.0161810987389822,214,310,254,305,270.75
מרדכי בן זאב,45,50.0,0.014263074484944533,0.00018693045469948518,0.4503466323801506,0.05277844690996335,260,595,160,70,271.25
יוסי קאנץ,62,62.0,0.0196513470681458,0.0006005273192984188,0.40400333709196085,0.03002780417683451,162,406,379,147,273.5
קרוליין לנגפורד,44,51.0,0.013946117274167988,0.0002887849960669071,0.452418079301651,0.0292861093877479,269,529,150,151,274.75
חיים טופול,35,44.0,0.011093502377179081,0.00018272941628889405,0.4807728114822762,0.0511070331161223,363,599,82,73,279.25
איתי תורג'מן,44,47.0,0.013946117274167988,0.0010002233639653348,0.4387865904922558,0.015827593373080904,269,335,201,313,279.5
אילנה ברקוביץ',29,36.0,0.00919175911251981,0.0013348315153037828,0.45410136436966314,0.019490082868959056,445,289,139,249,280.5
אלונה קמחי,41,45.0,0.012995245641838352,0.0010769523577892242,0.43510914593732847,0.017168837367135585,304,322,217,282,281.25
שרה אדלר,55,56.0,0.017432646592709985,0.0019380603846768398,0.41926966635923624,0.011799739159569372,196,234,284,413,281.75
רפי תבור,54,54.0,0.01711568938193344,0.002692614044693306,0.4036567663166232,0.013395444549084378,201,192,381,361,283.75
אבי פניני,49,50.0,0.015530903328050714,0.0006867883318797029,0.4179158913898767,0.020166931124219738,235,384,290,235,286.0
חנה מרון,51,53.0,0.016164817749603804,0.00041773478271428673,0.4213063861630346,0.024933080657163327,221,461,279,183,286.0
לאורה ריבלין,45,48.0,0.014263074484944533,0.000593056451040724,0.42433308643532697,0.02243933528566044,260,409,264,212,286.25
מושון אלבוחר,42,50.0,0.013312202852614897,0.00024126101207140108,0.4509124382935627,0.030092059446918173,292,553,155,146,286.5
מאיר סויסה,51,53.0,0.016164817749603804,0.0007903634194568681,0.4127874694040767,0.019741068340076984,221,366,321,241,287.25
מייק בורשטיין,44,47.0,0.013946117274167988,0.0015004537406233059,0.4062452529177284,0.019518972313387797,269,273,364,246,288.0
ג'וי ריגר,63,66.0,0.019968304278922346,0.003905071198919004,0.4128571328109078,0.008586653014592221,157,135,320,555,291.75
דבורה בקון,36,43.0,0.011410459587955626,0.00014824124937361206,0.48165094830551736,0.03521853615911183,349,627,78,115,292.25
גל זייד,53,55.0,0.016798732171156894,0.0013136677456030907,0.41463069420886806,0.013458417179743803,207,293,310,359,292.25
אסתר גרינברג,35,45.0,0.011093502377179081,0.00017264033108287742,0.46431098522633746,0.04355712804049018,363,606,119,83,292.75
דוד ברוך,41,44.0,0.012995245641838352,0.0002498135223541103,0.4377517841644741,0.03435001365632028,304,547,207,119,294.25
אוהד שחר,65,65.0,0.020602218700475437,0.0011070352339819715,0.4027038033925051,0.013620802564406438,146,314,383,356,299.75
גילי שושן,44,45.0,0.013946117274167988,0.0028938019904442345,0.4024687482717351,0.013224258460587664,269,180,384,369,300.5
דליה פרידלנד,50,52.0,0.01584786053882726,0.0006204618965017215,0.397925894195234,0.026914530308375064,226,401,409,171,301.75
סנדרה שדה,41,44.0,0.012995245641838352,0.0016304364529905965,0.42585967590453955,0.012323569873093592,304,261,259,394,304.5
שלמה בראבא,50,52.0,0.01584786053882726,0.0004000294406277066,0.42672696687572037,0.018366472747238686,226,472,255,265,304.5
דני גבע,49,50.0,0.015530903328050714,0.002654067710702563,0.4172027086300465,0.009659477094220837,235,194,292,499,305.0
אלי גורנשטיין,48,50.0,0.015213946117274169,0.0012876559056480292,0.40823300133439694,0.014432084899293441,240,296,348,339,305.75
שולי רנד,46,47.0,0.014580031695721078,0.0006839925159014322,0.42021550902132165,0.015641612200259492,256,387,282,315,310.0
ראובן בר יותם,50,55.0,0.01584786053882726,6.084354377545139e-05,0.4510146774769123,0.05037440262524971,226,785,154,75,310.0
דן תורג'מן,59,60.0,0.018700475435816166,0.0010834709300746876,0.40696517721003644,0.011955577030501093,172,320,357,407,314.0
ספי ריבלין,54,54.0,0.01711568938193344,0.0003293432070519788,0.39030425173531424,0.038362451587850996,201,505,456,99,315.25
שלום שמואלוב,42,45.0,0.013312202852614897,0.0009290396783735148,0.43430322440238506,0.012032906962935125,292,344,225,401,315.5
נלי תגר,52,52.0,0.01648177496038035,0.001193754610065388,0.4104872709148802,0.01195792910036433,214,304,339,406,315.75
מתי סרי,43,43.0,0.013629160063391443,0.003180677283203752,0.3946957275359241,0.012339658097248154,281,166,423,393,315.75
דודיק סמדר,36,38.0,0.011410459587955626,0.000655347933943543,0.4150695722362431,0.0220851443485536,349,395,306,215,316.25
גרא סנדלר,51,51.0,0.016164817749603804,0.0017353386967081438,0.3992218010834573,0.012266297257558768,221,256,399,396,318.0
שמואל וילוז'ני,50,52.0,0.01584786053882726,0.003996683429140577,0.4220469020766927,0.007324499633339079,226,132,274,641,318.25
דליק ווליניץ,48,50.0,0.015213946117274169,0.0002605673526261756,0.4169470232106609,0.022998946111335142,240,537,295,208,320.0
אסתי ירושלמי,38,41.0,0.012044374009508717,0.0009503969390892825,0.4154882094404614,0.01606770340945914,332,341,301,307,320.25
אלון נוימן,52,54.0,0.01648177496038035,0.001758832752387789,0.4013597115988876,0.011470601939212188,214,252,387,428,320.25
ישראל דמידוב,45,47.0,0.014263074484944533,0.0011963711462733132,0.40497322170131583,0.013972720930994643,260,303,371,348,320.5
אביבה מרקס,35,40.0,0.011093502377179081,0.00015311269443822685,0.4414857611200568,0.03582991086622351,363,623,187,111,321.0
נתן נתנזון,42,45.0,0.013312202852614897,0.0008731253114865808,0.40439965996039107,0.017880263867339225,292,354,375,271,323.0
עוז זהבי,66,70.0,0.020919175911251982,0.004352393339003782,0.4044533325999486,0.0070899503002989145,141,123,374,656,323.5
נבו קמחי,54,56.0,0.01711568938193344,0.0010721794890039716,0.40767406985108356,0.01158729861445243,201,324,351,425,325.25
סיני פתר,54,54.0,0.01711568938193344,0.0005137630371307883,0.4041491981423198,0.016682108139484862,201,429,378,294,325.5
לירון בן-שלוש,42,44.0,0.013312202852614897,0.0027156872162988977,0.40742726465366347,0.010304186749075406,292,189,353,473,326.75
אבי גרייניק,47,47.0,0.014896988906497623,0.0025124662261371525,0.3960292064925544,0.010818929563033488,248,198,415,453,328.5
לימור גולדשטיין,51,54.0,0.016164817749603804,0.0014763749091512427,0.40895688463237606,0.010281145904198891,221,275,344,475,328.75
חנן סביון,45,51.0,0.014263074484944533,0.0013447989448657606,0.42202687987021875,0.009562946529294387,260,287,275,500,330.5
יגאל שדה,48,49.0,0.015213946117274169,0.0007000721912079774,0.40224092553685054,0.015474621564595892,240,378,385,322,331.25
גיא עמיר,44,50.0,0.013946117274167988,0.0011592285122059814,0.4235980054206702,0.010021993736191578,269,307,267,486,332.25
אריק משעלי,36,41.0,0.011410459587955626,0.0015092447430273483,0.4231133454773436,0.010920842268686075,349,272,268,446,333.75
דב גליקמן,47,48.0,0.014896988906497623,0.0006391903811037553,0.4034265574834104,0.01582909104625266,248,398,382,312,335.0
אסתי קוסוביצקי,43,44.0,0.013629160063391443,0.0011465744423268213,0.3925481924745827,0.015157114678500307,281,308,435,326,337.5
ג'וני ערביד,48,51.0,0.015213946117274169,0.0015392997854862679,0.4070620263025726,0.009923559286708966,240,266,354,492,338.0
אוולין קפלון,52,52.0,0.01648177496038035,0.000708344674411492,0.3998380230879278,0.013274117265327911,214,376,397,368,338.75
רחל אטאס,34,36.0,0.010776545166402536,0.0003549538231983086,0.4279193666083991,0.0201873375343137,380,492,251,233,339.0
מנחם זילברמן,35,36.0,0.011093502377179081,0.0004213821509109438,0.4158786739998493,0.019631279500418704,363,457,300,243,340.75
ליאת גורן,40,41.0,0.012678288431061807,0.0006974639054182971,0.4231104487924822,0.011978798578025038,318,379,269,405,342.75
יורם טולדנו,41,43.0,0.012995245641838352,0.002864816195846194,0.40475748333886824,0.009270224550789838,304,182,372,516,343.5
אביבה גר,47,48.0,0.014896988906497623,0.001938381196039821,0.3933787757889335,0.01061214053787665,248,233,432,465,344.5
נועה קולר,48,50.0,0.015213946117274169,0.0010506332950878956,0.4146447985055,0.009410517030740223,240,326,309,509,346.0
מרדכי ארנון,37,45.0,0.011727416798732172,4.4869012888894535e-05,0.45855097009875606,0.04215184161896664,344,832,131,86,348.25
אורי שמיר,29,36.0,0.00919175911251981,0.00020059554828678604,0.45321295202347833,0.020895341450089828,445,582,144,222,348.25
איתי טיראן,44,47.0,0.013946117274167988,0.000477485420635238,0.4123044641276993,0.013644322293261995,269,445,328,353,348.75
רולף ברין,26,27.0,0.008240887480190175,0.00038251812105254054,0.43697762333647755,0.023196710695795247,508,480,210,203,350.25
מרינה שויף,44,46.0,0.013946117274167988,0.0015272906455432317,0.40868645234553047,0.009269520167333229,269,269,346,517,350.25
מרים ברנשטיין-כהן,30,32.0,0.009508716323296355,0.0001971345398653772,0.4322172737404691,0.02935268682068406,432,586,234,150,350.5
גסאן עבאס,34,35.0,0.010776545166402536,0.001485703896780945,0.428534971420071,0.009492101416988185,380,274,248,502,351.0
שלום אסייג,43,48.0,0.013629160063391443,0.0010730634606262227,0.41527338813450915,0.009740232614667872,281,323,304,496,351.0
ריקי בליך,50,52.0,0.01584786053882726,0.0022839571679790574,0.3981097307196408,0.00843162730595903,226,213,407,562,352.0
אורי בנאי,35,36.0,0.011093502377179081,0.0004669139564901931,0.43050812028365815,0.013564045933713659,363,448,240,358,352.25
מיכאלה עשת,44,45.0,0.013946117274167988,0.000479860951277167,0.4116208217275917,0.013343097469232028,269,444,332,365,352.5
יוסי סגל,30,32.0,0.009508716323296355,0.000895146945044218,0.41493177784094104,0.015454547193567574,432,351,307,323,353.25
רן דנקר,44,45.0,0.013946117274167988,0.0030862612091534336,0.4137771487057511,0.007040535600685873,269,170,314,661,353.5
ז'יל בן דוד,33,33.0,0.010459587955625991,0.0035984571582731526,0.3874602558229601,0.012646204256185034,397,149,488,383,354.25
ראידה אדון,39,41.0,0.012361331220285262,0.003793205401549328,0.4251049367219819,0.006639065608562672,324,139,263,691,354.25
עידן אלתרמן,35,36.0,0.011093502377179081,0.0021815073080765726,0.41343108039403553,0.009222121847259564,363,222,318,522,356.25
נחום שליט,42,43.0,0.013312202852614897,0.00048035164973094923,0.40025988542803353,0.015596907188909158,292,443,396,317,362.0
הלל נאמן,49,49.0,0.015530903328050714,0.00031860319617311707,0.39922171059893113,0.01614068832212156,235,508,400,306,362.25
מוטי בן ישי,36,38.0,0.011410459587955626,0.0014559953023355898,0.42944914182895466,0.00813717604244659,349,277,243,583,363.0
אביגיל אריאלי,41,41.0,0.012995245641838352,0.000921360006605194,0.39688712148163235,0.012482591810717624,304,347,413,389,363.25
נתן רביץ,41,42.0,0.012995245641838352,0.000620693213187521,0.4054376533616045,0.012552962511227542,304,400,370,386,365.0
חגית דסברג,37,40.0,0.011727416798732172,0.004158193359807098,0.39079666074615593,0.009036780461954616,344,130,451,536,365.25
גולן אזולאי,41,42.0,0.012995245641838352,0.00045411143581862586,0.4095272206198279,0.013327712776323082,304,454,341,366,366.25
דורי בן זאב,38,39.0,0.012044374009508717,0.00016997982706237668,0.4070514433140029,0.02656922005589617,332,608,355,173,367.0
דודו טופז,45,45.0,0.014263074484944533,0.00016153187424820724,0.40123847722077804,0.02315315546342045,260,616,389,205,367.5
יואב לוי,58,59.0,0.01838351822503962,0.0033971193573870072,0.3905798867708303,0.006793325963081457,177,157,454,682,367.5
יצחק שילה,34,36.0,0.010776545166402536,0.00016841073527574328,0.4188561519460997,0.02432581762462484,380,611,286,194,367.75
לירית בלבן,51,53.0,0.016164817749603804,0.006062515524003744,0.40180766077115215,0.005777549551462403,221,87,386,779,368.25
גורי אלפי,42,42.0,0.013312202852614897,0.004103879032072404,0.39435447234480675,0.007550046161322667,292,131,426,626,368.75
שמואל וולף,46,46.0,0.014580031695721078,0.00019851658469858077,0.3908527456996627,0.024672938245985286,256,583,448,189,369.0
מוריס כהן,38,38.0,0.012044374009508717,0.0032653192657242894,0.3944751376726947,0.00857143756921663,332,165,425,556,369.5
אסתר זבקו,42,42.0,0.013312202852614897,0.0009277675185329482,0.3848341875268514,0.014625174004705178,292,345,511,336,371.0
איציק כהן,42,45.0,0.013312202852614897,0.0003548114386158238,0.4107110057303284,0.013379435932398645,292,493,337,363,371.25
יובל שרף,40,40.0,0.012678288431061807,0.00226317996805728,0.39506982606632246,0.009057581734809469,318,216,420,534,372.0
קרן ברגר,47,47.0,0.014896988906497623,0.0010895886627352042,0.39615092130589535,0.009362736465745402,248,317,414,511,372.5
יובל זמיר,26,27.0,0.008240887480190175,0.0007245880521154244,0.43121257831514453,0.013066577063025893,508,374,238,371,372.75
אהובה קרן,40,40.0,0.012678288431061807,0.0003876525751236453,0.398277301118904,0.016236795454052638,318,478,404,302,375.5
אסנת פישמן,45,45.0,0.014263074484944533,0.001745904629453109,0.3917098714799025,0.008831244191582968,260,255,442,546,375.75
איה קורן,35,36.0,0.011093502377179081,0.00040902868479450645,0.42931505599303427,0.010847842715877291,363,466,245,450,381.0
מנדי רייס-דייוויס,31,33.0,0.0098256735340729,0.00040154865396800475,0.4042320247382543,0.01847935456560179,420,470,377,261,382.0
אנ',34,34.0,0.010776545166402536,0.0014637294479718412,0.3911640743943426,0.01109948783372255,380,276,443,443,385.5
זאב ברלינסקי,42,43.0,0.013312202852614897,0.00016274904837156997,0.38738978217584336,0.02759334272416119,292,615,489,165,390.25
אורלי בן גרטי,27,30.0,0.00855784469096672,0.00012470494008413326,0.4361522973977926,0.02030660722702529,470,657,212,232,392.75
רונית יודקביץ',36,37.0,0.011410459587955626,0.0010158166778083308,0.39766374447322483,0.009929148365379104,349,331,411,491,395.5
אריאל פורמן,44,44.0,0.013946117274167988,0.00022130877658115794,0.38284942434905583,0.02097273224039984,269,566,527,221,395.75
יהודה לוי,38,39.0,0.012044374009508717,0.0005519342994044066,0.4004503008296758,0.011152785114377738,332,419,394,441,396.5
נתי רביץ,41,45.0,0.012995245641838352,0.001699372415793303,0.397743754236557,0.007706954535480571,304,257,410,618,397.25
יוסף אבו ורדה,49,49.0,0.015530903328050714,0.0004596947732873524,0.38753090432526605,0.011446638312181361,235,450,487,431,400.75
ניסים עזיקרי,37,39.0,0.011727416798732172,3.801595457086966e-05,0.4196133614585593,0.03524923962468625,344,865,283,114,401.5
רפי אדיר,39,41.0,0.012361331220285262,0.0005154935364978344,0.3987400326719985,0.010699159311329219,324,428,402,459,403.25
פיני טבגר,42,43.0,0.013312202852614897,0.0007808575075533916,0.39248761870009785,0.009112160138720746,292,368,437,529,406.5
יואב הייט,45,47.0,0.014263074484944533,0.0009628102247755041,0.39262792905894917,0.007933551889398358,260,339,434,596,407.25
מיקי קם,29,29.0,0.00919175911251981,0.0013851569667203563,0.38904913189610063,0.011367704929911595,445,284,467,436,408.0
מנחם עיני,32,33.0,0.010142630744849446,0.00014010245642130393,0.40679244931534714,0.02086917547701506,408,639,361,224,408.0
פול סמית,24,26.0,0.007606973058637084,0.00018253935553628716,0.43505919865283604,0.019372374875163002,566,600,218,250,408.5
אורי פפר,47,47.0,0.014896988906497623,0.0009053380254513822,0.38764034846338824,0.00856988585671428,248,348,484,557,409.25
דפנה רכטר,25,27.0,0.00792393026941363,0.00031219597638005024,0.4438536469616859,0.011922468177930532,539,514,177,410,410.0
רפי נתן,23,24.0,0.007290015847860539,0.00035131984391697347,0.43443061358498536,0.014631399642625385,591,494,221,335,410.25
דורית לב ארי,28,29.0,0.008874801901743265,0.0008232211452363364,0.4153590989969028,0.009255499060975206,459,362,303,520,411.0
גרגורי טל,34,35.0,0.010776545166402536,4.9326109014859736e-05,0.43493745486565627,0.019754169735497987,380,815,219,240,413.5
רוני פינקוביץ',42,44.0,0.013312202852614897,0.00048656631312086183,0.38958634602795106,0.010210946677225212,292,438,460,480,417.5
נתן זהבי,27,29.0,0.00855784469096672,0.0001242253517300468,0.43964587450185394,0.01409328463659975,470,661,196,343,417.5
פיני קידרון,29,30.0,0.00919175911251981,0.000404267736540023,0.4146828946627252,0.010831760204590974,445,469,308,451,418.25
אלי אלטוניו,34,35.0,0.010776545166402536,0.00022531953879867422,0.40579558724763365,0.01320174522646068,380,562,368,370,420.0
שרון אלימלך,38,40.0,0.012044374009508717,0.0007889715679706586,0.39100627574480856,0.008844385441002862,332,367,444,545,422.0
הנרי דוד,43,45.0,0.013629160063391443,0.0006485168021533007,0.40607446951277804,0.007191863990006387,281,396,366,648,422.75
הוגו ירדן,32,33.0,0.010142630744849446,0.0009799483344718949,0.38754738202434413,0.010380001630907632,408,336,486,468,424.5
משה אשכנזי,43,45.0,0.013629160063391443,0.0022315342332256097,0.40100727452943685,0.005456924949035801,281,221,390,822,428.5
מיכל זוארץ,38,39.0,0.012044374009508717,0.00015438819572824057,0.4003789819008867,0.013042843555547674,332,622,395,373,430.5
יואב בר לב,34,36.0,0.010776545166402536,0.0004983245223826129,0.4066108802029659,0.008728954734765886,380,435,362,549,431.5
רענן חפץ,32,33.0,0.010142630744849446,0.00010770435193320339,0.42250203430526256,0.013290550773488091,408,681,271,367,431.75
דני שגב,23,24.0,0.007290015847860539,0.0008778556928546622,0.4171175934886684,0.009907965903272718,591,353,293,493,432.5
אופירה רחמים,35,36.0,0.011093502377179081,0.0003037834019337421,0.4045443207599689,0.01014790879514514,363,519,373,481,434.0
עודד לאופולד,56,58.0,0.01774960380348653,0.0035822887507970065,0.3801621211872006,0.005242743061893826,188,150,556,846,435.0
שבתאי קונורטי,34,34.0,0.010776545166402536,8.6954730283877e-05,0.3982058537825909,0.01999095091705193,380,719,406,238,435.75
יצחק חביס,33,33.0,0.010459587955625991,0.0003342525144110806,0.3845425666601305,0.014813942662518155,397,500,514,333,436.0
בנצי,26,54.0,0.008240887480190175,4.606571200748395e-06,0.4797035888122338,0.037624175288610257,508,1052,85,102,436.75
יהודית סולה,41,42.0,0.012995245641838352,0.000500921727076561,0.377979147899666,0.011560194895660613,304,434,590,427,438.75
אפרת אביב,29,30.0,0.00919175911251981,0.0008433047131915849,0.3918989072698104,0.009358253704981234,445,361,440,513,439.75
עלמה זק,44,45.0,0.013946117274167988,0.004394015070199314,0.38018805105506126,0.005493581671526569,269,122,555,817,440.75
אפרת בן צור,38,39.0,0.012044374009508717,0.0016704384001005276,0.38535106957585813,0.006679442417323707,332,260,505,689,446.5
יעל לבנטל,45,45.0,0.014263074484944533,0.0006960144664039985,0.3821447480392285,0.007583216317070789,260,380,536,625,450.25
דלית קהן,34,35.0,0.010776545166402536,0.00012819797433391813,0.4043796756495163,0.01226020650541535,380,650,376,397,450.75
עומר ברנע,46,46.0,0.014580031695721078,0.0017553214107861842,0.3774672589401679,0.006514890930117773,256,253,594,707,452.5
לוסי דובינצ'יק,41,42.0,0.012995245641838352,0.008832078584721625,0.3950588384561102,0.004096890611555981,304,60,421,1027,453.0
נוה צור,43,49.0,0.013629160063391443,0.0027669613816617513,0.3898474204473229,0.004928263745105301,281,183,458,891,453.25
תומר רוסו,28,31.0,0.008874801901743265,0.0003680324802518728,0.42303232949059766,0.007923423605748136,459,488,270,597,453.5
יעקב איילי,34,35.0,0.010776545166402536,0.00011563252891342495,0.4038016134533266,0.012494410227282643,380,672,380,388,455.0
עירית קפלן,39,39.0,0.012361331220285262,0.0006474764543248727,0.390715911083594,0.007167772483032102,324,397,453,649,455.75
עירית פרנק,35,36.0,0.011093502377179081,8.378365141932913e-05,0.3956223194941679,0.01552543887496278,363,724,418,319,456.0
שירילי דשא,35,35.0,0.011093502377179081,0.00034581503885777493,0.3937351097486052,0.008934032947562882,363,496,430,539,457.0
ח'ליפה נאטור,41,41.0,0.012995245641838352,0.00719252578193224,0.37552658240860687,0.005342293393906482,304,73,616,836,457.25
קובי פרג',36,36.0,0.011410459587955626,0.003060926117125938,0.3795109948300936,0.006135825816496563,349,172,571,742,458.5
שלום מיכאלשווילי,30,35.0,0.009508716323296355,0.001403985340878528,0.4008183814086004,0.006278109341049536,432,280,392,732,459.0
מרלן בג'אלי,23,23.0,0.007290015847860539,0.0003946452483805974,0.39346414569595545,0.014212003858830634,591,474,431,341,459.25
רות סגל,29,29.0,0.00919175911251981,0.0003717321353753415,0.37962110979599734,0.013725220901236996,445,485,568,352,462.5
אילנית בן-יעקב,38,38.0,0.012044374009508717,0.0009796763921801066,0.3823402852946382,0.007131889231149021,332,337,531,653,463.25
כרמית מסילתי קפלן,34,35.0,0.010776545166402536,0.00068906149162419,0.40785918708293684,0.006128351481842341,380,382,350,743,463.75
מיטל גל סויסה,31,31.0,0.0098256735340729,0.0011657382147880818,0.3884136733559056,0.0070571653584140335,420,306,473,658,464.25
רחל דיין,30,32.0,0.009508716323296355,5.7984425991947045e-05,0.3975253300017386,0.020851554522721243,432,789,412,225,464.5
טוביה דובלרו,35,35.0,0.011093502377179081,0.00024731388846536593,0.38277500295047584,0.01166696836783476,363,549,528,421,465.25
יצחק נאמן,24,24.0,0.007606973058637084,0.00038897393715615626,0.38028841902734356,0.01780746960883072,566,476,552,272,466.5
גיא לואל,26,27.0,0.008240887480190175,0.0009038431631521219,0.4124482691141365,0.006729161002555273,508,349,324,686,466.75
רינה גנור,28,31.0,0.008874801901743265,2.8698455830957814e-05,0.4179480207505825,0.021431219170289135,459,905,288,219,467.75
דב פרידמן,33,33.0,0.010459587955625991,7.76810999231662e-05,0.38841386607185957,0.01812334784568473,397,741,472,269,469.75
מישה אשרוב,31,33.0,0.0098256735340729,9.906017749050571e-05,0.3887357757299397,0.01658727816477651,420,693,471,295,469.75
אוראל צברי,35,36.0,0.011093502377179081,0.0015146362113021713,0.3867228962234374,0.006019830121483191,363,271,492,755,470.25
שמעון ישראלי,34,34.0,0.010776545166402536,8.580123609690644e-05,0.38309704517693327,0.018622449901957827,380,720,525,260,471.25
פלורנס בלוך,31,31.0,0.0098256735340729,0.0003111429247280191,0.3878879931167564,0.01034356913099293,420,516,478,471,471.25
אילן תורן,27,28.0,0.00855784469096672,0.00018187364081768224,0.398232412810579,0.011907367233382237,470,601,405,411,471.75
אמנון וולף,27,27.0,0.00855784469096672,0.00019800943332041505,0.39079739774591943,0.012453126922584093,470,584,450,391,473.75
דפנה ארמוני,34,36.0,0.010776545166402536,9.075733991945313e-05,0.3860061860687442,0.015245659242902054,380,705,498,324,476.75
הרצל טובי,33,35.0,0.010459587955625991,0.0019298231755229265,0.4010041704989868,0.004982351036611202,397,235,391,887,477.5
כוכבה הררי,23,26.0,0.007290015847860539,4.1127555647133334e-05,0.4410672933262771,0.017092888409473275,591,845,190,285,477.75
עמי טראוב,35,35.0,0.011093502377179081,0.0002980585272847717,0.3781003671108669,0.010869073210585237,363,522,588,449,480.5
נסים זוהר,25,27.0,0.00792393026941363,1.0392902064537755e-05,0.435406433683433,0.027940188816330362,539,1007,215,163,481.0
לנה אטינגר,33,33.0,0.010459587955625991,0.0003770947931733568,0.3880797271827103,0.008339313635340248,397,482,476,572,481.75
איגור בוריסוב,29,32.0,0.00919175911251981,2.6547571073828554e-05,0.4137120573497965,0.01926454516321192,445,918,315,251,482.25
ראובן שפר,24,27.0,0.007606973058637084,1.9613128921661737e-05,0.4343696813299716,0.024633510922893183,566,953,224,191,483.5
אנה דוברוביצקי,31,32.0,0.0098256735340729,0.000655935218850121,0.3892645106733694,0.007093134766315914,420,394,465,655,483.5
אהובה יובל,35,36.0,0.011093502377179081,4.116334663311963e-05,0.38170674491128553,0.024647017939168785,363,844,538,190,483.75
סיביל ראוך,25,36.0,0.00792393026941363,3.099832652424536e-06,0.45872093658132795,0.024330638252479293,539,1074,129,193,483.75
אוסי הלל,33,34.0,0.010459587955625991,0.00016471886765695342,0.3898086392032777,0.010315240902257876,397,614,459,472,485.5
סמי הורי,34,34.0,0.010776545166402536,0.0001943920646576333,0.3868023222050086,0.01001235050463831,380,589,491,487,486.75
אורנה רוטברג,36,36.0,0.011410459587955626,0.0002494625738016043,0.380962280607601,0.009464418501454781,349,548,546,507,487.5
איתן פריבר,23,26.0,0.007290015847860539,2.3402875151013748e-05,0.4431217805634259,0.01898389965156911,591,932,181,253,489.25
ימית סול,36,36.0,0.011410459587955626,0.0015518192717808462,0.3814569521695286,0.005588392061732904,349,265,540,807,490.25
גבי אלדור,26,27.0,0.008240887480190175,8.896180126434372e-05,0.41662411206884065,0.010919719578287872,508,710,297,447,490.5
יואב רוטמן,38,40.0,0.012044374009508717,0.00244312022765249,0.37905732521894175,0.00522399884950504,332,204,577,850,490.75
מאור שוויצר,56,60.0,0.01774960380348653,0.0063072341697755835,0.3781894446083147,0.0036987599890997663,188,84,585,1107,491.0
מומו,21,45.0,0.006656101426307449,3.7858724410754528e-06,0.47182802582687305,0.028512003454235938,643,1064,102,157,491.5
לירון נירגד,25,27.0,0.00792393026941363,4.288900060626241e-05,0.42071218900916213,0.015980554227528188,539,836,281,310,491.5
רוברט הניג,37,40.0,0.011727416798732172,0.0030612771695252778,0.3747716159627594,0.005431786695516872,344,171,633,823,492.75
צביקה הדר,27,27.0,0.00855784469096672,0.001056521895140636,0.38380509484154823,0.007021353326662077,470,325,520,662,494.25
נטלי עטיה,27,27.0,0.00855784469096672,0.0002305983665603474,0.3887877092489963,0.010248963805590325,470,561,470,477,494.5
ליאוניד יופיטר,22,27.0,0.006973058637083994,1.725142290741077e-06,0.4746653516209308,0.024882049704504843,621,1085,96,185,496.75
עמי ויינברג,32,34.0,0.010142630744849446,0.000588188679648305,0.39475828981421585,0.006109219765724494,408,412,422,745,496.75
יניב ביטון,39,39.0,0.012361331220285262,0.0017648435204598702,0.3766060320238728,0.0055401982119454305,324,251,600,813,497.0
אהרן מסקין,24,26.0,0.007606973058637084,4.1958523176748325e-06,0.4329964376883749,0.03147538030160983,566,1057,231,136,497.5
דני רוט,34,35.0,0.010776545166402536,0.00015265832285403923,0.3852826883802913,0.009939565951130842,380,624,506,490,500.0
דוידה קרול,36,36.0,0.011410459587955626,0.0003171035793326928,0.37976960540269084,0.008238570998832358,349,510,565,576,500.0
ברכה נאמן,31,31.0,0.0098256735340729,2.40511648157412e-05,0.3849699406758609,0.030171135656201997,420,930,510,144,501.0
אביבה פז,32,33.0,0.010142630744849446,1.9167503276932903e-05,0.38891183957616776,0.02513781945149996,408,957,469,181,503.75
הילה פלדמן,29,29.0,0.00919175911251981,0.00012527835688096354,0.3892623815130443,0.010708895759002345,445,655,466,458,506.0
ג'וזי כץ,25,27.0,0.00792393026941363,1.8469054593534153e-05,0.4123574078394524,0.023262653159013134,539,961,326,201,506.75
מרק רוזנבאום,32,32.0,0.010142630744849446,0.0001846439726175505,0.38787174267921526,0.008690708331772483,408,597,480,551,509.0
שפרירה זכאי,36,36.0,0.011410459587955626,0.00030038151747810985,0.37502869634931624,0.008865361857206712,349,521,627,543,510.0
אביגיל הררי,33,33.0,0.010459587955625991,0.00037091773224162336,0.385440286091318,0.007075073854773617,397,487,504,657,511.25
יוסי ידין,28,28.0,0.008874801901743265,2.522679639353858e-05,0.39089793755640234,0.020981512884019293,459,923,446,220,512.0
עירית גדרון,31,32.0,0.0098256735340729,0.00037412426001902295,0.39083791533325063,0.006601859611312543,420,484,449,697,512.5
שמעון פינקל,27,27.0,0.00855784469096672,0.00016017220744043618,0.3723264614461847,0.016691155851946835,470,617,672,293,513.0
סמדר ברנר,26,27.0,0.008240887480190175,6.377703191472768e-05,0.39417589516614043,0.01384128327329609,508,777,427,349,515.25
אורנה פורת,27,27.0,0.00855784469096672,7.043676264869578e-05,0.39385458165894593,0.012007779737905063,470,760,428,403,515.25
אדיב ג'השאן,24,25.0,0.007606973058637084,0.0006070612937266445,0.37968019128161407,0.009155230927759649,566,403,567,525,515.25
ליה דוליצקיה,26,27.0,0.008240887480190175,4.7041795746705636e-05,0.3899619326822458,0.01765023058443919,508,824,457,274,515.75
תחיה דנון,24,24.0,0.007606973058637084,0.00014580484661906433,0.38939281943352966,0.01195199622970372,566,632,462,408,517.0
הילה ערן,26,27.0,0.008240887480190175,0.00031166834017030504,0.3956812426083076,0.007521793386364656,508,515,417,628,517.0
דנה פרנס,20,22.0,0.006339144215530904,5.547657483979761e-05,0.4294067141270415,0.012777246554124029,653,795,244,378,517.5
מילי אביטל,34,34.0,0.010776545166402536,0.00019718876240603286,0.3792543694127676,0.009110261258216144,380,585,576,530,517.75
נטע מורן,22,23.0,0.006973058637083994,0.0003311248937148244,0.4078818308740913,0.007846732406589558,621,502,349,606,519.5
שולה חן,27,27.0,0.00855784469096672,0.00010143085504335332,0.3767294942588736,0.015519712897870451,470,690,599,321,520.0
אורי גוטליב,34,34.0,0.010776545166402536,0.00017139203422229812,0.387882334137071,0.007775079295028952,380,607,479,616,520.5
יניב סוויסה,29,31.0,0.00919175911251981,0.0001941619886783725,0.4061586491401187,0.0067198308922658875,445,591,365,687,522.0
רות פרחי,30,30.0,0.009508716323296355,0.00024563306024342796,0.38214982628330163,0.008269621198786443,432,550,535,574,522.75
חיים אלמקיס,26,27.0,0.008240887480190175,7.96861977567785e-05,0.4013435702170636,0.010620963336936878,508,737,388,464,524.25
אורלי פרל,27,28.0,0.00855784469096672,6.597066749748573e-05,0.3919910073461612,0.011579946705111966,470,769,438,426,525.75
רינת מטטוב,28,29.0,0.008874801901743265,0.0003394122500738948,0.41236534815545645,0.005410313257697479,459,497,325,827,527.0
גלי עטרי,23,27.0,0.007290015847860539,0.00012819134810478235,0.41271944933054305,0.00861824581107365,591,651,322,552,529.0
ג'וקי ארקין,28,28.0,0.008874801901743265,1.336566551467359e-06,0.3995238179749255,0.02468395484697994,459,1089,398,188,533.5
אבי אוריה,27,27.0,0.00855784469096672,0.00016634209440969064,0.38113708300153915,0.00937767922755016,470,612,544,510,534.0
שרגא הרפז,31,31.0,0.0098256735340729,0.00029197184271513945,0.3731997718150088,0.008898668620161395,420,526,655,542,535.75
שרון הכהן-בר,23,23.0,0.007290015847860539,8.258908681604507e-05,0.3908675771915957,0.012770171225472563,591,727,447,379,536.0
אלי יצפאן,25,25.0,0.00792393026941363,0.0004144903179780101,0.38414451853116743,0.007486227720197128,539,463,517,631,537.5
דוד שאול,32,36.0,0.010142630744849446,0.0011152430444070535,0.39078044745461815,0.004417178303488112,408,311,452,983,538.5
רזיה ישראלי,27,28.0,0.00855784469096672,0.00013054411328925636,0.3917337196750078,0.007917915006477174,470,647,441,598,539.0
זארה ורתניאן,25,26.0,0.00792393026941363,8.835468456202768e-06,0.4217620173449721,0.015525280000898003,539,1023,277,320,539.75
ישראל קטורזה,36,36.0,0.011410459587955626,0.0004898847634626108,0.3797205237274562,0.005551109248847733,349,437,566,810,540.5
אלכס מונטה,29,29.0,0.00919175911251981,0.00025812582092412295,0.3742345962832993,0.008988216217621045,445,539,641,538,540.75
אמנון מסקין,33,33.0,0.010459587955625991,0.00014189530506121556,0.37613363266687444,0.009170774552810873,397,634,608,524,540.75
משה פרסטר,43,43.0,0.013629160063391443,0.0007679786834083901,0.3696989100488917,0.005651824315014511,281,370,713,801,541.25
רוני בליץ,27,27.0,0.00855784469096672,7.252476534083389e-05,0.3928782869646525,0.009452738496993672,470,756,433,508,541.75
לואיס רוזנברג,20,20.0,0.006339144215530904,0.00010496594298814595,0.37938660193432283,0.01886628323322494,653,688,573,255,542.25
אורנה בנאי,27,27.0,0.00855784469096672,0.0003754100324981325,0.3809168854302708,0.006895188482625217,470,483,548,669,542.5
שלמה גולדברג,26,26.0,0.008240887480190175,6.101971381891627e-05,0.3793894620342916,0.015119504918908167,508,784,572,327,547.75
יעל אביב,32,32.0,0.010142630744849446,3.6495811860177015e-05,0.37294744242425665,0.01897005433300289,408,870,660,254,548.0
מאיה מרון,25,25.0,0.00792393026941363,0.0001365127606727748,0.3866930960126633,0.009119180005639074,539,641,493,527,550.0
אירית אלטר,23,26.0,0.007290015847860539,0.00023342509817305036,0.38697772263175145,0.008362809215915477,591,557,490,570,552.0
חנה רוט,27,27.0,0.00855784469096672,3.211502462466973e-05,0.38224069784391135,0.015793934397316207,470,891,534,314,552.25
קונסטנטין אנטול,36,36.0,0.011410459587955626,0.0003127205414282859,0.37141931779278514,0.006967504840948181,349,513,684,665,552.75
אפרת דור,24,25.0,0.007606973058637084,0.00019425703884486833,0.3946558652098193,0.0074461167773501955,566,590,424,633,553.25
מיטל דוהן,29,29.0,0.00919175911251981,7.01043271331763e-05,0.3877261901039806,0.009138554523254197,445,761,482,526,553.5
טובה פרדו,24,25.0,0.007606973058637084,9.1759037258275e-06,0.3924911170375548,0.023335772723469563,566,1018,436,198,554.5
אמיתי יעיש בן אוזיליו,27,27.0,0.00855784469096672,0.0015264511577456356,0.3731384607157413,0.005399428231238685,470,270,657,831,557.0
שירי גדני,30,30.0,0.009508716323296355,0.000105133073465164,0.38063906557810806,0.008472441883693223,432,687,549,560,557.0
דורון צברי,28,29.0,0.008874801901743265,0.0002929273960747112,0.39376527902825825,0.005484636026101018,459,525,429,818,557.75
אדית אסטרוק,26,26.0,0.008240887480190175,4.1077528181670824e-05,0.3757716724170116,0.01816291445361958,508,847,612,267,558.5
גבי דן,22,24.0,0.006973058637083994,0.0006733435262152203,0.4170152345789713,0.004702641152185245,621,390,294,934,559.75
תום גרציאני,21,21.0,0.006656101426307449,0.0012002232602125837,0.37959679107861094,0.006211924336181482,643,302,569,739,563.25
מילי עשת,38,39.0,0.012044374009508717,0.0018634826905440528,0.37282184952531383,0.004062095755014261,332,240,663,1033,567.0
יוסף אבו ורד,23,25.0,0.007290015847860539,4.830514363657098e-05,0.40912573026910437,0.009117985232143317,591,818,343,528,570.0
דני ליטני,26,26.0,0.008240887480190175,5.658766527162962e-05,0.38581429768488223,0.010055085883922638,508,790,501,484,570.75
איציק סיידוף,27,27.0,0.00855784469096672,0.00027221352692900243,0.37047991655176327,0.008100441119546366,470,532,695,588,571.25
גלעד קלטר,26,26.0,0.008240887480190175,3.72109142568486e-05,0.385812966673985,0.01181466861038693,508,867,502,412,572.25
חני פירסטנברג,25,26.0,0.00792393026941363,8.149926014048905e-05,0.3894051513387219,0.00847022334183318,539,730,461,561,572.75
לי את גליק,29,29.0,0.00919175911251981,0.00016931782200716526,0.3810614502574386,0.006595434998659776,445,610,545,698,574.5
עירית שילה,22,22.0,0.006973058637083994,5.2107332911989325e-05,0.3882701102982192,0.011984542541661548,621,804,475,404,576.0
אסי הנגבי,27,27.0,0.00855784469096672,3.0067480744273456e-05,0.38447537425283185,0.011409698651883512,470,901,515,434,580.0
דני חדד,23,26.0,0.007290015847860539,0.00847985428969304,0.36006871747403024,0.006608322200134809,591,63,978,696,582.0
מורן אטיאס,24,24.0,0.007606973058637084,7.414579822128175e-05,0.38769770711511403,0.009100409593168112,566,752,483,531,583.0
לידיה אופיר,17,18.0,0.005388272583201268,5.694644454873459e-07,0.4320643368423553,0.02568670856483226,828,1097,235,178,584.5
זוהר זמיר,27,27.0,0.00855784469096672,0.00028893267171701403,0.3702571663772108,0.007296031785168306,470,528,701,642,585.25
שירי גולן,25,26.0,0.00792393026941363,7.836298406956919e-05,0.3893881709599368,0.007888015895519278,539,740,463,600,585.5
עדי הימלבלוי,22,22.0,0.006973058637083994,0.00023298250201314274,0.38454288148307764,0.007152771154875287,621,558,513,651,585.75
ריימונד אבקסיס,28,28.0,0.008874801901743265,8.337511054959988e-05,0.38137124204359385,0.007729132432387379,459,726,542,617,586.0
הלנה ירלובה,25,25.0,0.00792393026941363,0.00013532075438722798,0.3793859890613685,0.007984808460446862,539,643,574,592,587.0
הילי ילון,28,28.0,0.008874801901743265,9.808609776353615e-05,0.3843199271019359,0.006796330237605635,459,694,516,681,587.5
יוסי יבלונקה,27,27.0,0.00855784469096672,4.61108992978386e-05,0.383399620512687,0.008990034375016755,470,826,523,537,589.0
רוי מילר,43,44.0,0.013629160063391443,0.0013615757281986492,0.36928266650302294,0.003928585563016021,281,285,728,1062,589.0
שיש קולר,25,25.0,0.00792393026941363,9.53329788317133e-05,0.37336061644682966,0.010555407622461493,539,698,653,466,589.0
דור צויגנבום,19,20.0,0.006022187004754358,0.0005818755728713353,0.4178955156054053,0.004445084935245596,672,415,291,979,589.25
אמיר אוריין,21,21.0,0.006656101426307449,1.347658274540045e-05,0.3879041594890783,0.018440772350332115,643,980,477,262,590.5
אלירן כספי,26,27.0,0.008240887480190175,0.00010566568920711161,0.3837519128838851,0.007166183954666678,508,685,521,650,591.0
סוניה מרטין,17,27.0,0.005388272583201268,1.084694181880659e-07,0.44126643708516805,0.02046356445315069,828,1118,189,230,591.25
חנה ריבר,25,25.0,0.00792393026941363,5.3070548422299854e-05,0.3823081693634484,0.009708079894287772,539,799,532,498,592.0
פיטר פריישטדט,26,26.0,0.008240887480190175,2.2836456248811155e-05,0.38134360249745314,0.012554101293503645,508,933,543,385,592.25
בסאם זועמוט,22,23.0,0.006973058637083994,5.0947346671133144e-05,0.42249116530366493,0.006844468686575035,621,810,272,675,594.5
מלי לוי,26,28.0,0.008240887480190175,0.00029391723325866844,0.38776118617144983,0.0051129782437577655,508,524,481,870,595.75
מישא אשרוב,21,22.0,0.006656101426307449,4.571028893525319e-06,0.400503135087226,0.01644080200519885,643,1053,393,299,597.0
דודו טסה,27,27.0,0.00855784469096672,9.559718742166062e-05,0.38226836388622265,0.006667484591743653,470,697,533,690,597.5
רומי אבולעפיה,29,29.0,0.00919175911251981,0.0003097779710680132,0.37247387230336343,0.005958299752530364,445,517,671,758,597.75
רותם קינן,22,23.0,0.006973058637083994,0.0007405850006037053,0.4068937984439097,0.0039846449050819415,621,372,359,1047,599.75
אדיר מילר,39,40.0,0.012361331220285262,0.0016054818560551428,0.3761363033661312,0.0031370164153387754,324,262,607,1208,600.25
קלרה ח'ורי,21,22.0,0.006656101426307449,0.00011999274817483423,0.3919567046032487,0.007138101927621491,643,668,439,652,600.5
ירון ברובינסקי,27,27.0,0.00855784469096672,4.130254059470027e-05,0.3859486291134208,0.007990428898720125,470,843,499,591,600.75
אורי יניב,32,32.0,0.010142630744849446,0.0036268414174937774,0.3649195031049122,0.00416499397849469,408,147,828,1022,601.25
יונתן בר-אור,21,21.0,0.006656101426307449,0.0024289413281915802,0.368490022947562,0.005543089654688226,643,206,748,812,602.25
דקל עדין,27,27.0,0.00855784469096672,0.00019453247000410795,0.3802621881376649,0.0055294840998239905,470,588,553,815,606.5
רן בכור,18,18.0,0.005705229793977813,0.00038205991161594947,0.37557062175886957,0.007095989593823297,679,481,613,654,606.75
ארז שפריר,32,32.0,0.010142630744849446,0.0011092928071676099,0.36929329296302427,0.0044031143911047645,408,313,727,985,608.25
תום אבני,26,27.0,0.008240887480190175,0.0005052997557760432,0.3755476599543463,0.005041432386153585,508,433,615,877,608.25
אריאלה רובינוביץ,26,27.0,0.008240887480190175,4.2041029562544754e-05,0.37691446643530563,0.01000542264005568,508,839,598,488,608.25
גילי בן אוזיליו,30,30.0,0.009508716323296355,0.00045888276172880116,0.36663880572578256,0.00583417959879172,432,452,783,773,610.0
ג'וליה מסלאווי,24,27.0,0.007606973058637084,3.096003104039488e-05,0.4311856603748248,0.0060962868817745815,566,896,239,746,611.75
שולה רווח,17,18.0,0.005388272583201268,4.354728112550293e-07,0.41396335158439795,0.02322173981104549,828,1104,313,202,611.75
יענקל'ה בן-סירא,16,18.0,0.005071315372424723,0.0,0.4327299104736705,0.02370865668008477,902,1122,232,195,612.75
יוסי אלפי,16,18.0,0.005071315372424723,4.019749026969501e-07,0.4379634076066333,0.01996943420112625,902,1108,206,239,613.75
מאור כהן,41,41.0,0.012995245641838352,0.00048402559800280365,0.36714646415679786,0.004620804644574636,304,439,771,947,615.25
חיים שריר,26,26.0,0.008240887480190175,0.00012462902021822164,0.3793558790087362,0.006348711710868813,508,659,575,728,617.5
יעל פרל בקר,23,23.0,0.007290015847860539,0.0005249968286001074,0.3694323255751731,0.006223545783972096,591,426,723,737,619.25
סיגלית פוקס,24,24.0,0.007606973058637084,7.505927466221798e-05,0.38014739361271765,0.00781807958013008,566,749,559,607,620.25
עידית צור,22,24.0,0.006973058637083994,7.422870455460416e-05,0.38629816803111805,0.007530522261539524,621,751,494,627,623.25
זהבה בן,17,18.0,0.005388272583201268,5.359665369292668e-07,0.4320517250433457,0.014910781608368982,828,1100,236,332,624.0
סמי סמיר,22,23.0,0.006973058637083994,2.7630348799232825e-05,0.42611094954346673,0.006455432427127589,621,912,258,713,626.0
פירה קנטור,27,27.0,0.00855784469096672,0.0005401326750076144,0.3722090532709636,0.0046834471011527445,470,422,675,938,626.25
שרון שטרק,24,24.0,0.007606973058637084,0.0005741751297353877,0.3764280192508015,0.004711044251223231,566,416,602,932,629.0
אביב אלקבץ,24,24.0,0.007606973058637084,0.0008185698011036066,0.3696803266160448,0.00507472238008815,566,364,714,873,629.25
אלון פדות,30,32.0,0.009508716323296355,0.0006845471651845626,0.3804628088835347,0.003420798749261893,432,386,551,1151,630.0
ליאורה טיקוצקי,16,18.0,0.005071315372424723,1.507405885113563e-07,0.43441033664686074,0.017286323836534074,902,1117,222,279,630.0
מירי אלוני,21,22.0,0.006656101426307449,3.14251634994119e-05,0.3764169178935532,0.012646067175057271,643,893,603,384,630.75
איצקו רחמימוב,18,18.0,0.005705229793977813,4.045590270714304e-05,0.36962487839548147,0.017275359313808535,679,849,716,280,631.0
בני אבני,35,36.0,0.011093502377179081,0.0005908613879503612,0.3667914847217261,0.004497396827314301,363,411,776,975,631.25
נינט דינר,35,35.0,0.011093502377179081,8.056560235414951e-05,0.35875402675474105,0.012072411330183497,363,735,1028,400,631.5
ברי סימון,15,18.0,0.004754358161648178,2.4118494161817007e-07,0.4407888931259278,0.01742206105878203,946,1114,191,277,632.0
הלל מיטלפונקט,16,18.0,0.005071315372424723,1.0049372567423753e-07,0.43492730591344625,0.016869483807411514,902,1119,220,289,632.5
ענת צחור,17,18.0,0.005388272583201268,4.522217655340689e-07,0.421892108072193,0.015190178383922266,828,1103,276,325,633.0
עודד מנסטר,24,25.0,0.007606973058637084,0.0010243553517676675,0.38154154376131477,0.003742398474759122,566,329,539,1100,633.5
ליאת אקטע,40,40.0,0.012678288431061807,0.0015324464939785948,0.36321707398309255,0.0038409034922565637,318,268,871,1078,633.75
תמרה דיין,18,18.0,0.005705229793977813,4.0197490269695013e-07,0.39557913813087087,0.014992517648242634,679,1107,419,330,633.75
דורון אברהמי,22,23.0,0.006973058637083994,4.036310160257639e-05,0.38594421049759753,0.008413517579948715,621,851,500,564,634.0
דב רייזר,33,33.0,0.010459587955625991,0.00024999202941098633,0.36230116007543955,0.006621784304496736,397,546,902,695,635.0
עלי סלימאן,25,27.0,0.00792393026941363,0.000519921326156164,0.38413936619148664,0.003934755115998155,539,427,518,1061,636.25
הילה סעדה,20,20.0,0.006339144215530904,0.00018707005413016922,0.385238638037597,0.0057462171102689195,653,594,508,791,636.5
חיה קציר,17,18.0,0.005388272583201268,4.196809400776491e-07,0.4127099239574915,0.016864423943446633,828,1105,323,290,636.5
אביתר לזר,31,31.0,0.0098256735340729,0.009126487414093365,0.3523003464760195,0.005331318315039308,420,57,1233,838,637.0
שרון הכהן,25,27.0,0.00792393026941363,0.00010135686794634381,0.37700873542481766,0.006368994183617589,539,691,596,724,637.5
אסף בן שמעון,27,27.0,0.00855784469096672,0.005444301999249222,0.3646303234719605,0.0034582586191110698,470,100,836,1148,638.5
ירון מוטולה,27,27.0,0.00855784469096672,8.233695677095347e-05,0.38015188560710755,0.005650921320745448,470,728,557,802,639.25
דוד דנינו,25,25.0,0.00792393026941363,1.945484019523211e-05,0.38523868016606294,0.008497393508770764,539,956,507,559,640.25
דוד מנחם,18,18.0,0.005705229793977813,1.6078996107878005e-06,0.38625026423140735,0.016362787827557013,679,1088,496,301,641.0
יהודית מילוא,18,18.0,0.005705229793977813,3.6585299130182144e-06,0.3876151620948531,0.01401489927295194,679,1066,485,347,644.25
נורית כהן,18,18.0,0.005705229793977813,1.0980614425338348e-05,0.3852161427529,0.01253992926025546,679,1002,509,387,644.25
שולמית אדר,23,24.0,0.007290015847860539,7.586031642382266e-05,0.3751000558991129,0.007367355838047297,591,745,626,637,649.75
יוסף סוויד,24,24.0,0.007606973058637084,0.00021915131159046936,0.3765784951389982,0.005119746868872569,566,568,601,867,650.5
דנה ברגר,18,18.0,0.005705229793977813,1.4189701007507472e-05,0.38572723089569794,0.010956551083619112,679,978,503,445,651.25
ינון כהן,18,18.0,0.005705229793977813,7.971257030136287e-05,0.3839297664510418,0.006843946831638743,679,736,519,676,652.5
סיגל כהן,18,18.0,0.005705229793977813,5.094822006320532e-06,0.3824503876165344,0.013608248508559951,679,1048,530,357,653.5
יעקב אלפרין,22,22.0,0.006973058637083994,5.795138180547698e-06,0.373119885571753,0.016705903063161002,621,1044,658,292,653.75
יון תומרקין,29,29.0,0.00919175911251981,0.0003975002771226272,0.3712121975810107,0.004184432338994791,445,473,687,1017,655.5
דן בן אמוץ,22,22.0,0.006973058637083994,6.273244693603918e-06,0.37345630295382465,0.015842648346945064,621,1040,652,311,656.0
מיה דגן,26,26.0,0.008240887480190175,8.843612306460425e-05,0.38019199007862686,0.0051462046007992816,508,715,554,864,660.25
מירי מסיקה,18,18.0,0.005705229793977813,1.9837024704290547e-05,0.3909888082807311,0.008371574876657895,679,951,445,569,661.0
מרים זוהר,19,19.0,0.006022187004754358,4.125864071804796e-06,0.38614448171452437,0.01167441918171806,672,1060,497,420,662.25
עפרה ויינגרטן,23,23.0,0.007290015847860539,1.2910511509244737e-05,0.3835227344192131,0.008562776872824683,591,984,522,558,663.75
תובל שפיר,33,37.0,0.010459587955625991,0.002122625015533264,0.3697187952271677,0.0027219875018242054,397,225,712,1324,664.5
ליאור רז,27,27.0,0.00855784469096672,0.00042496914103182633,0.3673093130065319,0.004529488471307344,470,456,766,968,665.0
קאיפו כהן,17,18.0,0.005388272583201268,8.186066741750814e-06,0.4330382203526381,0.008212513439195587,828,1027,230,577,665.5
אורית שר,27,27.0,0.00855784469096672,0.0001570729560950036,0.3707006138670218,0.004968382916534271,470,620,690,888,667.0
יעקב רונן מורד,18,18.0,0.005705229793977813,1.3103921031331555e-05,0.3830062865629853,0.010059760395779386,679,983,526,483,667.75
גיל קופטש,18,18.0,0.005705229793977813,0.00010149030472410231,0.3705791802727952,0.0077804213261998415,679,689,692,615,668.75
נירה רבינוביץ',18,18.0,0.005705229793977813,5.646790299790491e-07,0.3805095549531871,0.013742146544555757,679,1098,550,351,669.5
ששי סעד,23,23.0,0.007290015847860539,0.00010658882510691686,0.3685146355363344,0.007044621139229633,591,682,747,660,670.0
צדוק צארום,17,18.0,0.005388272583201268,7.888757465427646e-07,0.4167137087633657,0.010637186424681271,828,1095,296,463,670.5
רון שחר,25,25.0,0.00792393026941363,0.00010615079810643981,0.3762360098288027,0.005200278081798415,539,683,606,857,671.25
יוסף אל-דרור,25,26.0,0.00792393026941363,0.00012581832044972086,0.37593566480841306,0.005003615687745194,539,653,610,886,672.0
אילן גנני,32,32.0,0.010142630744849446,0.0003169874200945248,0.3631879404475828,0.004882048085972106,408,511,873,899,672.75
יוני להב,18,18.0,0.005705229793977813,3.215427148339162e-05,0.3809474703747548,0.008095930981056692,679,888,547,589,675.75
דורית בר אור,22,22.0,0.006973058637083994,3.214168057867163e-05,0.37990998186427094,0.007365743950479598,621,889,563,639,678.0
דינה לימון,24,24.0,0.007606973058637084,0.0001235585877674854,0.37050919907995794,0.005754156313769213,566,664,694,790,678.5
יובל שם-טוב,35,36.0,0.011093502377179081,0.0010007714771383483,0.3588431761124625,0.0043571740680417,363,334,1027,993,679.25
יוסף מילוא,17,18.0,0.005388272583201268,4.229364727492027e-06,0.40936784291592754,0.009541052108615024,828,1056,342,501,681.75
ז'רמן אוניקובסקי,23,23.0,0.007290015847860539,7.773318797882483e-06,0.365608791573499,0.01647036997612053,591,1030,812,297,682.5
עומר דרור,18,18.0,0.005705229793977813,0.00014185524947685438,0.37517985341025534,0.005743626277629667,679,635,624,793,682.75
אתי אנקרי,18,19.0,0.005705229793977813,3.584293749870713e-05,0.388315990988109,0.006422311341774166,679,871,474,716,685.0
נטע ריסקין,30,30.0,0.009508716323296355,0.00262931602297086,0.36058538477609536,0.0033804786550853923,432,196,955,1158,685.25
בתיה רוזנטל,18,18.0,0.005705229793977813,4.1559898064907175e-05,0.37779545918319946,0.007501865719343678,679,842,591,630,685.5
רועי ניק,38,38.0,0.012044374009508717,0.0008922357108587563,0.36353074250634687,0.003203321715997002,332,352,869,1196,687.25
לני רביץ,15,18.0,0.004754358161648178,5.220649258939817e-07,0.4179186925958897,0.011689817538292322,946,1101,289,415,687.75
ברוך דוד,17,18.0,0.005388272583201268,3.3421414416242e-06,0.386286900463166,0.013426678227914669,828,1070,495,360,688.25
הילה וידור,30,30.0,0.009508716323296355,0.0005335278469408235,0.3623464938437851,0.004308746704199052,432,424,900,997,688.25
עידו מוסרי,23,23.0,0.007290015847860539,5.6367719931938315e-05,0.3752707980359489,0.006030249180139042,591,792,623,754,690.0
דודו ירדני,18,18.0,0.005705229793977813,2.763577456041532e-06,0.3738107798052843,0.013390530428866797,679,1075,645,362,690.25
דבורה דותן,14,17.0,0.0044374009508716325,3.0818075873432843e-07,0.39897899783643825,0.01881131956035468,994,1109,401,258,690.5
נאיה פדרמן,32,36.0,0.010142630744849446,0.002712707053495132,0.3570334260987643,0.0037633959782826646,408,191,1077,1092,692.0
משה סולו,23,24.0,0.007290015847860539,2.8063590706857064e-05,0.36570720822565445,0.010354439623986259,591,909,810,469,694.75
יוני רכטר,13,19.0,0.004120443740095087,7.034560797196627e-07,0.4532777111764459,0.00946998221414362,1037,1096,143,506,695.5
הגשש החיוור,18,18.0,0.005705229793977813,4.6897071981310844e-07,0.36843770561887956,0.018828693844755006,679,1102,750,257,697.0
יונתן רוזן,18,18.0,0.005705229793977813,3.6662823140286925e-05,0.3847055249475142,0.006343933856166264,679,869,512,729,697.25
שמואל עצמון,20,20.0,0.006339144215530904,6.671460025122237e-05,0.36377304070126204,0.009237778111973533,653,768,856,521,699.5
שירן סנדל,26,31.0,0.008240887480190175,0.0007006363559639735,0.37305577601275974,0.002962020999794199,508,377,659,1254,699.5
אבי קורניק,25,26.0,0.00792393026941363,0.0008490052684335438,0.3651731578602807,0.0037932971636082708,539,359,817,1083,699.5
ריטה,17,17.0,0.005388272583201268,0.0018073033397361285,0.35952065022498286,0.006114376910095606,828,242,996,744,702.5
מורן רוזנבלט,31,31.0,0.0098256735340729,0.0032822444920812283,0.36166349913393936,0.0027961040910586296,420,162,923,1307,703.0
בועז שרעבי,18,18.0,0.005705229793977813,1.6243694158288562e-05,0.37261978396139417,0.009730519708378748,679,972,668,497,704.0
אלישע בנאי,27,27.0,0.00855784469096672,0.00041936681944047924,0.36748466897488113,0.0035687312797813456,470,460,762,1128,705.0
יוני חן,17,18.0,0.005388272583201268,1.6748954279039588e-07,0.3980885637814372,0.010348738694083705,828,1116,408,470,705.5
לילית נגר,17,18.0,0.005388272583201268,3.285586531071597e-06,0.37696431784461554,0.015014396450376588,828,1072,597,329,706.5
אסנת חכים,30,30.0,0.009508716323296355,0.0002501932901195664,0.3637025083576985,0.004354470398742134,432,545,857,994,707.0
מוטי כץ,18,18.0,0.005705229793977813,5.4903072126691764e-05,0.3742763249638618,0.006447110213489635,679,796,640,715,707.5
אליעזר אפלבוים,18,18.0,0.005705229793977813,0.0001402806755378945,0.366532698212255,0.006357090699371703,679,638,787,726,707.5
דני בסן,17,18.0,0.005388272583201268,2.0754648089704297e-06,0.4069866874111735,0.008198068977131049,828,1079,356,578,710.25
עומר חזן,17,17.0,0.005388272583201268,0.0036734152176157706,0.3679454373283547,0.0036112555410281943,828,142,752,1119,710.25
יובל סמו,27,27.0,0.00855784469096672,0.000261788718628097,0.3631821367668027,0.004556095311740811,470,535,874,963,710.5
רפי גינאי,18,18.0,0.005705229793977813,2.679832684646334e-07,0.36612153314292545,0.019508668011499728,679,1113,804,247,710.75
עדנה לב,18,18.0,0.005705229793977813,2.070170748889292e-06,0.3706750258641408,0.012316241654115124,679,1080,691,395,711.25
סימה אליהו,15,18.0,0.004754358161648178,3.014811770227126e-07,0.41217746913864484,0.010643778540026343,946,1110,329,462,711.75
נינה קוטלר,20,20.0,0.006339144215530904,6.380951272642158e-05,0.3799776371504422,0.005205693468190802,653,776,562,856,711.75
מרגלית אנקורי,15,18.0,0.004754358161648178,2.832965980911839e-07,0.41117468466604157,0.010745563027137205,946,1112,334,456,712.0
שי דנון,22,22.0,0.006973058637083994,2.2134129594080345e-05,0.3654318470453465,0.01021426661651911,621,940,813,479,713.25
עמית ליאור,25,25.0,0.00792393026941363,0.0001061051391627097,0.36978603267115684,0.004761528041435238,539,684,708,927,714.5
אלונה איינשטיין,14,17.0,0.0044374009508716325,3.014811770227126e-07,0.4120711574590747,0.011615629889267308,994,1110,331,424,714.75
אורי ורדי,18,18.0,0.005705229793977813,2.1160121570939927e-05,0.37982791405328725,0.006849856021822289,679,946,564,674,715.75
איריס ברנע,17,18.0,0.005388272583201268,2.8338754120572624e-05,0.3984066648419492,0.006213370839193815,828,907,403,738,719.0
אסף אשתר,18,18.0,0.005705229793977813,3.861209251487338e-05,0.3728773730981313,0.006814414285844412,679,862,661,677,719.75
גיליה שטרן,18,18.0,0.005705229793977813,8.59543282467107e-06,0.37440510834378055,0.00891734011364673,679,1024,638,541,720.5
ענת מסנר,13,13.0,0.004120443740095087,6.224815563596996e-05,0.3751397806293128,0.011142073830823706,1037,782,625,442,721.5
שיר אידלסון,18,18.0,0.005705229793977813,7.455636243224926e-05,0.37139875982598275,0.00582608322248569,679,750,685,774,722.0
הדס ירון,26,27.0,0.008240887480190175,0.00018165097408139963,0.3619793242346786,0.005123212826348324,508,602,913,866,722.25
איריס דוידסקו,18,18.0,0.005705229793977813,4.808545016587128e-06,0.3671628229058093,0.012413669601684725,679,1050,770,392,722.75
מוניקה ורדימון,17,17.0,0.005388272583201268,2.8751880700504294e-05,0.36949071949115403,0.011025668321669313,828,904,722,444,724.5
רחל שטיינר,13,18.0,0.004120443740095087,1.842384970694355e-07,0.41073810974924996,0.011680772071659245,1037,1115,335,416,725.75
גל פרידמן,36,37.0,0.011410459587955626,0.0006793126111595422,0.3611823779060905,0.0030977635216711897,349,389,938,1229,726.25
מאיר בנאי,27,27.0,0.00855784469096672,0.00010855156650862724,0.36211729550991506,0.00523677319251606,470,679,910,848,726.75
הילה סורג'ון פישר,16,16.0,0.005071315372424723,0.0005917193341708675,0.3735709142160316,0.004621401715987317,902,410,650,946,727.0
טל ליפשיץ,18,18.0,0.005705229793977813,1.8186819913081844e-05,0.3772420086635285,0.0068810490147526585,679,963,595,671,727.0
רונית פורת,16,17.0,0.005071315372424723,3.519364584675023e-05,0.3727036161536036,0.010396858767518833,902,874,666,467,727.25
סיון לוי,19,19.0,0.006022187004754358,0.0010351164757914462,0.366885208854411,0.0035117894182314785,672,328,774,1135,727.25
אבי גילאור,20,20.0,0.006339144215530904,1.7307585344614432e-05,0.37871096972821244,0.006461392653482501,653,966,583,712,728.5
ברוריה אלבק,22,22.0,0.006973058637083994,8.372717396894753e-05,0.3699109088503328,0.005154691377879443,621,725,706,863,728.75
שמוליק לוי,23,23.0,0.007290015847860539,0.0007585111868849009,0.36272111283102704,0.0039358840064621144,591,371,894,1060,729.0
אורלי קטן,18,18.0,0.005705229793977813,1.939528905512784e-06,0.3776727955188017,0.008375225984515105,679,1083,592,568,730.5
מירב גרובר,28,28.0,0.008874801901743265,0.0002138128164778134,0.36463441849265477,0.003928501948808047,459,570,835,1063,731.75
אורי כבירי,18,18.0,0.005705229793977813,2.2495232205834504e-05,0.36959061703491747,0.007873873648336301,679,936,717,602,733.5
מודי בר-און,18,18.0,0.005705229793977813,9.471438699065232e-06,0.3813977913394837,0.006544992307790823,679,1015,541,700,733.75
אברהם הפנר,17,17.0,0.005388272583201268,1.0049372567423754e-06,0.3691771706151823,0.017009961063251117,828,1092,729,287,734.0
עפרה חזה,20,20.0,0.006339144215530904,4.459840489252995e-05,0.3627804677270641,0.008404364598491774,653,833,888,565,734.75
קרן צור,23,23.0,0.007290015847860539,0.0010775059694868925,0.3649766113426633,0.003139499782318854,591,321,825,1206,735.75
מארק איווניר,18,18.0,0.005705229793977813,3.05203832173972e-05,0.37951588065772096,0.005679621740133062,679,898,570,797,736.0
טל גינת,14,14.0,0.0044374009508716325,4.519346406035711e-06,0.3825330111735569,0.012983856481005236,994,1054,529,374,737.75
אמנון דנקנר,17,17.0,0.005388272583201268,0.0001369551513146123,0.37171754659979767,0.005576138092099869,828,640,680,809,739.25
אילור הרפז,17,17.0,0.005388272583201268,2.1714040387784497e-06,0.3801494242271708,0.009759448405329081,828,1077,558,495,739.5
דורון צפריר,17,18.0,0.005388272583201268,3.8469157701948445e-06,0.3890029274620751,0.007901752052384237,828,1063,468,599,739.5
רינן חיים,17,17.0,0.005388272583201268,0.00016975102494652482,0.3748643173566489,0.004904753972438781,828,609,631,895,740.75
אדי מוכתר,18,18.0,0.005705229793977813,8.838586561729839e-06,0.3747711175849028,0.007503525345763289,679,1022,634,629,741.0
תימור כהן,24,24.0,0.007606973058637084,0.00012058224203421845,0.37273658379095737,0.003857231000595668,566,667,665,1075,743.25
יגאל זקס,23,23.0,0.007290015847860539,0.0002195816639903429,0.36451449325261565,0.004472388208576298,591,567,842,976,744.0
ליר כץ,18,18.0,0.005705229793977813,0.0004732089287186111,0.36847874889721555,0.003676679509156405,679,447,749,1110,746.25
שלום חנוך,11,14.0,0.003486529318541997,1.0049372567423753e-07,0.41147011944443584,0.010902958016238766,1088,1119,333,448,747.0
גיא אדלר,24,27.0,0.007606973058637084,0.0002974405524655871,0.3780021849253933,0.0027640386604868925,566,523,589,1311,747.25
איציק קונפינו,18,18.0,0.005705229793977813,1.026211429136473e-05,0.38012961127965267,0.006166405933852402,679,1010,560,741,747.5
אסי ישראלוף,12,17.0,0.003803486529318542,0.0004053144578947859,0.3905227112017021,0.004199158317733783,1064,467,455,1015,750.25
נמרוד הוכנברג,24,24.0,0.007606973058637084,0.00101097549762387,0.36369357170669425,0.002979067836278544,566,333,858,1251,752.0
דנה סמו,17,18.0,0.005388272583201268,2.701973689346416e-05,0.38930922842123533,0.005641879423246857,828,913,464,803,752.0
שרה פון שוורצה,22,22.0,0.006973058637083994,6.864979626318459e-05,0.36725103220214445,0.005167332666336686,621,764,769,860,753.5
שרית לארי,19,20.0,0.006022187004754358,0.00014706609667753594,0.3746792792112097,0.0038206927130473825,672,628,635,1081,754.0
דן הרדן,18,18.0,0.005705229793977813,7.604822811935355e-06,0.3659748861425785,0.009474292967606794,679,1032,806,503,755.0
עלית קרייז,20,21.0,0.006339144215530904,9.384800787584516e-05,0.37351619381145096,0.004103576667279446,653,701,651,1026,757.75
אבי דנגור,25,25.0,0.00792393026941363,0.00041351218642015594,0.3662567974479613,0.0030881367031016416,539,464,800,1231,758.5
שמרית לוסטיג,18,18.0,0.005705229793977813,5.0150755315819485e-05,0.3739063400428893,0.004879750259217326,679,814,643,900,759.0
אריס סאן,16,16.0,0.005071315372424723,0.0,0.3678696668147176,0.018408717919556113,902,1122,753,264,760.25
ירדנה ארזי,18,18.0,0.005705229793977813,1.6859472836688896e-05,0.3639877918420065,0.008856369601259155,679,969,850,544,760.5
דורית עדי,14,15.0,0.0044374009508716325,5.930260912991067e-06,0.4131212689507715,0.006637046662100119,994,1041,319,692,761.5
בבר יוקו,20,23.0,0.006339144215530904,0.0012494648417688318,0.35412605900169614,0.004768115861801806,653,299,1170,926,762.0
אילי גורליצקי,24,25.0,0.007606973058637084,2.602734509592904e-05,0.3592325973250068,0.008726922376322365,566,920,1013,550,762.25
אליענה בקייר,18,18.0,0.005705229793977813,0.0004589032599502034,0.36394185848176386,0.003911513815062523,679,451,854,1066,762.5
תקוה עזיז,16,16.0,0.005071315372424723,1.9581920259951438e-06,0.3712897623187588,0.012475851370773833,902,1082,686,390,765.0
אליעד נחום,18,18.0,0.005705229793977813,1.872620570030947e-05,0.3741082543053073,0.005759685665855628,679,958,642,788,766.75
בטי סגל,18,18.0,0.005705229793977813,1.144910660360063e-05,0.3597131626537756,0.011778025209891069,679,994,986,414,768.25
אלכס אנסקי,18,18.0,0.005705229793977813,0.0007999670367375811,0.36293456731773277,0.0034457767532025717,679,365,881,1149,768.5
עופר סקר,14,14.0,0.0044374009508716325,0.000457691593686613,0.3702699894859659,0.004759088610426237,994,453,700,928,768.75
עינת ויצמן,26,27.0,0.008240887480190175,0.00012384874328924097,0.36103396189748915,0.004561094804236278,508,663,945,961,769.25
רני בלייר,18,18.0,0.005705229793977813,0.0001085829712198897,0.37211266832565987,0.004015023464397873,679,678,676,1046,769.75
מריה אובנוב,19,19.0,0.006022187004754358,3.9050107144655656e-05,0.3667041258571073,0.005777999869771357,672,860,779,777,772.0
לאו יונג,26,26.0,0.008240887480190175,7.230400486493986e-05,0.351815846124715,0.008403296363569472,508,758,1257,566,772.25
אורנה פיטוסי,23,23.0,0.007290015847860539,0.0007354056898083516,0.36483681196773715,0.002819686848479133,591,373,833,1293,772.5
יגאל שילון,18,18.0,0.005705229793977813,5.141928963665154e-06,0.36205668756969034,0.010745763904220489,679,1046,911,455,772.75
אסי כהן,25,25.0,0.00792393026941363,0.0019262274723031371,0.35660837404320805,0.0031026461002443034,539,236,1092,1225,773.0
מרדכי (פופיק) ארנון,16,16.0,0.005071315372424723,4.1154573371354414e-07,0.36670509925151246,0.016034905338564522,902,1106,778,308,773.5
גיל אלון,23,23.0,0.007290015847860539,0.0001322140552049835,0.36132813637694844,0.004700708849481778,591,645,933,936,776.25
יותם ישי,31,31.0,0.0098256735340729,0.0003891562503893796,0.36036425107807424,0.002953758846958291,420,475,959,1255,777.25
אורי סאלי,14,14.0,0.0044374009508716325,9.117014112557215e-06,0.37435664755004733,0.010712197436086899,994,1019,639,457,777.25
אליאנה תדהר,36,40.0,0.011410459587955626,0.001344495328295924,0.3595455837211917,0.0022313802293091934,349,288,995,1478,777.5
חיים אוסדון,17,18.0,0.005388272583201268,5.220694289752336e-05,0.3959641711784792,0.003900126955060156,828,802,416,1070,779.0
שלומי טפיארו,17,17.0,0.005388272583201268,2.461538928702103e-05,0.3744712946991577,0.006363983789891737,828,927,637,725,779.25
משה מזרחי,18,18.0,0.005705229793977813,2.227875332742174e-05,0.37456502243592393,0.005118403176277981,679,939,636,868,780.5
לאוניד קנייבסקי,18,18.0,0.005705229793977813,2.5212440147013717e-05,0.37378115157301844,0.005042112066399968,679,924,646,876,781.25
ג'מיל ח'ורי,25,25.0,0.00792393026941363,0.00045235442437340146,0.3606354587736178,0.0032684450701896323,539,455,954,1178,781.5
אלון אולארצ'יק,23,23.0,0.007290015847860539,0.00010061912176914947,0.3660355960329359,0.004036867357756285,591,692,805,1040,782.0
כרמל בתו,18,18.0,0.005705229793977813,2.1557937339783957e-05,0.36876491839128184,0.005924147247236562,679,944,740,765,782.0
בועז דוידזון,12,14.0,0.003803486529318542,8.625711453705387e-07,0.4153780037255505,0.006876020097386967,1064,1093,302,672,782.75
דליה בגר,13,14.0,0.004120443740095087,7.31629125930328e-06,0.4082805511441731,0.006356082838255437,1037,1034,347,727,786.25
פאבל ציטרינאל,16,17.0,0.005071315372424723,8.565654489076257e-06,0.38180677846211514,0.006762372154159054,902,1025,537,683,786.75
גדי סבן,17,18.0,0.005388272583201268,9.101222241379826e-06,0.41597598118324935,0.004246332679884541,828,1020,299,1007,788.5
נוני גפן,26,26.0,0.008240887480190175,0.00025811136429852504,0.3606519255072133,0.0033805594218200515,508,540,953,1157,789.5
יונתן עוזיאל,18,18.0,0.005705229793977813,0.00014643143506750427,0.365130236288271,0.0040461502300248465,679,630,818,1035,790.5
אוריאלה וייט,16,16.0,0.005071315372424723,6.448750065520062e-06,0.36856944263978386,0.010239096222796699,902,1038,745,478,790.75
עדי אלון,18,18.0,0.005705229793977813,1.4749440915193259e-05,0.3716346670366297,0.00535400637606042,679,975,681,835,792.5
אדם הירש,21,22.0,0.006656101426307449,0.0001283300613298635,0.3627096288369437,0.004398961193760102,643,649,895,987,793.5
יעל אלמוג,18,18.0,0.005705229793977813,1.1377621149694503e-05,0.3725551566250567,0.005330672745584392,679,995,669,839,795.5
דוד קיגלר,18,18.0,0.005705229793977813,7.527567776971383e-05,0.3749732487239823,0.0035555012431096986,679,746,629,1132,796.5
שמעון סיאני,16,16.0,0.005071315372424723,3.3919788795928706e-05,0.3689204554219817,0.006887421685614386,902,882,738,670,798.0
שרון זליקובסקי,16,16.0,0.005071315372424723,7.918841474778402e-05,0.37812094314684747,0.004537690167061254,902,739,587,967,798.75
חוה אלברשטיין,17,17.0,0.005388272583201268,5.8611044082666184e-06,0.37022294333870387,0.007650454050695723,828,1043,703,623,799.25
חן אמסלם,26,26.0,0.008240887480190175,0.00020627065901751944,0.3607176966735937,0.003321742186984747,508,577,950,1168,800.75
עדית פאנק,18,18.0,0.005705229793977813,1.0307306463320963e-05,0.3619047080425973,0.007854634711575692,679,1009,914,603,801.25
שמעון לב-ארי,16,17.0,0.005071315372424723,1.9942792459165393e-06,0.3763047545039017,0.007697751673505542,902,1081,605,619,801.75
אלכסנדר סנדרוביץ',20,20.0,0.006339144215530904,0.00026121346196026604,0.3598013194412349,0.004058427870895987,653,536,984,1034,801.75
טל גרושקה,17,17.0,0.005388272583201268,0.00018794449190379155,0.3673171068813897,0.004153591038738243,828,593,765,1023,802.25
נילי צרויה,23,23.0,0.007290015847860539,0.0002553836663386655,0.3621739954180817,0.00330857982947014,591,542,909,1169,802.75
ליאור ייני,18,18.0,0.005705229793977813,9.395126510514411e-06,0.3629851650353076,0.007366174899588434,679,1016,879,638,803.0
מיכל לוי,18,18.0,0.005705229793977813,1.9901403076944504e-05,0.3696303856243379,0.005064482899479583,679,950,715,874,804.5
גילי סער,15,15.0,0.004754358161648178,1.0997391897781828e-05,0.3754549204406788,0.0070459556914018485,946,1001,618,659,806.0
תומר קאפון,18,18.0,0.005705229793977813,4.110417686905795e-05,0.37037420287862893,0.004241540293810804,679,846,696,1008,807.25
דנה פרידר,20,21.0,0.006339144215530904,0.00020519211732170054,0.3750128667551607,0.0025475837369169606,653,580,628,1368,807.25
אביעד בנטוב,27,27.0,0.00855784469096672,0.0012429115390888135,0.3586061391320379,0.0023750700561405436,470,300,1032,1430,808.0
אבשלום פולק,12,12.0,0.003803486529318542,0.00058299908258403,0.3687071395449367,0.004208577804661404,1064,414,742,1014,808.5
קובי מאור,26,26.0,0.008240887480190175,0.0036315241762906523,0.3533450100605558,0.0024679256432010373,508,146,1193,1393,810.0
רמי פורטיס,18,18.0,0.005705229793977813,3.0477777056719375e-05,0.36712172790529807,0.00494738019688844,679,900,772,890,810.25
אגם אוזלבו,17,17.0,0.005388272583201268,0.00013077078949405333,0.3702779873525324,0.0039035738110730672,828,646,699,1068,810.25
רפי טיילור,18,18.0,0.005705229793977813,5.7520694409730245e-06,0.35985334468080704,0.008932286783008642,679,1045,980,540,811.0
טוביה גלבר,17,18.0,0.005388272583201268,2.18698082216253e-05,0.3831012530212992,0.004570699263701265,828,942,524,952,811.5
ליה קניג,17,17.0,0.005388272583201268,1.2592462003920502e-05,0.36362507822545304,0.008357877610962652,828,986,863,571,812.0
בר רפאלי,18,18.0,0.005705229793977813,1.327631405453746e-05,0.3728666972394695,0.0047555460716811795,679,982,662,929,813.0
סמדר יערון,18,18.0,0.005705229793977813,1.1960101972332061e-05,0.3687313951920589,0.005198670948133157,679,990,741,858,817.0
אולה שור-סלקטר,18,18.0,0.005705229793977813,6.326745514739399e-05,0.3726224444084021,0.0034277623958057423,679,779,667,1150,818.75
אירית מאירי,15,15.0,0.004754358161648178,4.021675156711593e-05,0.3641688554446512,0.00743241441968607,946,852,847,635,820.0
עופר שלחין,9,9.0,0.0028526148969889066,0.0,0.3694960483221985,0.014980622527016485,1112,1122,721,331,821.5
דורון תבורי,16,16.0,0.005071315372424723,4.8665941703434926e-05,0.3702398108677337,0.005113820456955031,902,816,702,869,822.25
יצחק מיכאל שילה,18,18.0,0.005705229793977813,3.7852636670629477e-06,0.35853345432595274,0.00936054813807605,679,1065,1034,512,822.5
שמואל סגל,18,18.0,0.005705229793977813,2.2766647548317534e-05,0.36503150578083204,0.005176337769012605,679,934,822,859,823.5
יעקב איינשטיין,11,11.0,0.003486529318541997,1.6748954279039587e-06,0.3666000025057944,0.013835186959095134,1088,1086,784,350,827.0
משה אבגי,18,18.0,0.005705229793977813,3.9035933523772933e-05,0.3664098824924253,0.004504194286922412,679,861,796,972,827.0
ג'ים בוטרייט,9,9.0,0.0028526148969889066,0.0,0.3691747525791584,0.014022005721430647,1112,1122,730,345,827.25
אולסי פרי,9,9.0,0.0028526148969889066,0.0,0.3691747525791584,0.014022005721430647,1112,1122,730,345,827.25
גדי דורפמן,18,18.0,0.005705229793977813,2.2455864010421546e-05,0.3677872077199386,0.004663596941568096,679,938,754,939,827.5
בקי סוזין (פריישטדט),9,9.0,0.0028526148969889066,0.0,0.36878698102395757,0.014263391211404495,1112,1122,739,340,828.25
עומרי אשין,24,28.0,0.007606973058637084,0.00034952148277404756,0.3579084119168808,0.003150630793253116,566,495,1049,1204,828.5
שושה גורן,18,18.0,0.005705229793977813,6.73211161611984e-05,0.36613665905388265,0.003903284571611842,679,766,803,1069,829.25
רמי דוידוף,16,18.0,0.005071315372424723,1.0491859831282056e-05,0.4105748932707701,0.003850635694952396,902,1006,338,1077,830.75
דבורה ברטונוב,18,18.0,0.005705229793977813,7.716372993095173e-06,0.3657643354323083,0.005625049637105626,679,1031,809,805,831.0
גליה גופר,18,18.0,0.005705229793977813,2.0672516454292314e-05,0.35940989484696195,0.006624805719858012,679,948,1006,694,831.75
עפרה וינגרטן,17,17.0,0.005388272583201268,1.1345946221046405e-05,0.3718568604507092,0.0053745294878689235,828,996,679,832,833.75
מעיין בלום,22,22.0,0.006973058637083994,0.00011615104844579307,0.36736470073777816,0.002858233127966284,621,671,764,1280,834.0
גדי רבינוביץ,9,9.0,0.0028526148969889066,0.0,0.37375757529847636,0.010667869938141552,1112,1122,647,460,835.25
לורנס בוברד,9,9.0,0.0028526148969889066,0.0,0.37375757529847636,0.010667869938141552,1112,1122,647,460,835.25
דורית ארנון,9,9.0,0.0028526148969889066,0.0,0.37160795032541016,0.01145744928248784,1112,1122,682,429,836.25
אלומה שלום,9,9.0,0.0028526148969889066,0.0,0.37160795032541016,0.01145744928248784,1112,1122,682,429,836.25
דסי הדרי,17,18.0,0.005388272583201268,1.3198175971883198e-06,0.3636318719864449,0.008388056127700792,828,1090,862,567,836.75
עדה ואלרי טל,16,16.0,0.005071315372424723,3.5084491317966376e-06,0.37208138294930515,0.006540858594227907,902,1068,678,703,837.75
שירה פרבר,18,18.0,0.005705229793977813,1.2187293143129158e-05,0.36627214399059443,0.0049639255998770605,679,989,799,889,839.0
תמר קינן,17,17.0,0.005388272583201268,3.132729109777878e-05,0.3646210015098064,0.0056190660564706015,828,894,837,806,841.25
רות דורון,9,9.0,0.0028526148969889066,0.0,0.3695355445955751,0.011675588215762965,1112,1122,718,417,842.25
גבי אוטרמן,9,9.0,0.0028526148969889066,0.0,0.3695355445955751,0.011675588215762965,1112,1122,718,417,842.25
משה טל,9,9.0,0.0028526148969889066,0.0,0.3695355445955751,0.011675588215762965,1112,1122,718,417,842.25
היאם עבאס,19,21.0,0.006022187004754358,4.179741558232071e-05,0.37546916660655416,0.003052607807088215,672,841,617,1242,843.0
גלי בן-נר,16,16.0,0.005071315372424723,1.2709425534635789e-06,0.3659547743725805,0.008338390062718097,902,1091,807,573,843.25
ניסן נתיב,18,18.0,0.005705229793977813,3.469893604350197e-05,0.36384707649878445,0.004559881450585107,679,877,855,962,843.25
קלאוס קינסקי,9,9.0,0.0028526148969889066,0.0,0.3690524026314258,0.011923528038953806,1112,1122,732,409,843.75
עזריה רפפורט,18,18.0,0.005705229793977813,1.3551658664096068e-05,0.36524250091953464,0.004858491504949724,679,979,815,904,844.25
תום גל,18,18.0,0.005705229793977813,2.8378431618371403e-05,0.3693107147123936,0.003906585987325191,679,906,726,1067,844.5
עודד מנשה,17,17.0,0.005388272583201268,1.2403976868893002e-05,0.37091833271814073,0.005055755608181228,828,987,689,875,844.75
ציפור אייזן,18,18.0,0.005705229793977813,3.3473901723612536e-05,0.3629379325816142,0.004701333930899155,679,885,880,935,844.75
אברהם בן-יוסף,14,14.0,0.0044374009508716325,0.0006019928718094809,0.35219890641984686,0.006203057413394801,994,404,1242,740,845.0
שפרה מילשטיין,18,18.0,0.005705229793977813,2.0862917986486083e-05,0.36222840381148597,0.005226617079917926,679,947,907,849,845.5
קלוד אבירם,9,9.0,0.0028526148969889066,0.0,0.37842674275649135,0.008153513555037706,1112,1122,584,582,850.0
ג'וליאן שגרן,18,18.0,0.005705229793977813,8.13999177961324e-06,0.35853609987916774,0.006953861980109744,679,1028,1033,666,851.5
סיון שביט,15,15.0,0.004754358161648178,2.009729254831502e-05,0.3709288972962077,0.005411537383100496,946,949,688,826,852.25
דינה סנדרסון,18,18.0,0.005705229793977813,0.0003260932300013535,0.36474324386257356,0.002465305303307625,679,506,834,1394,853.25
מרים פוקס,9,9.0,0.0028526148969889066,0.0,0.3659446813021883,0.01285386046079946,1112,1122,808,376,854.5
מירי בוהדנה,17,17.0,0.005388272583201268,1.864158611257106e-05,0.3611970428985762,0.006552686844762912,828,959,936,699,855.5
ליאת הר לב,17,17.0,0.005388272583201268,6.557169381149919e-06,0.373192003046638,0.004874364816417429,828,1037,656,901,855.5
מיכאל ורשביאק,18,18.0,0.005705229793977813,3.4246157833124686e-05,0.3675678553737612,0.0037236865831721663,679,880,760,1104,855.75
פיטר בראון,9,9.0,0.0028526148969889066,0.0,0.3672644137075599,0.011409987693839855,1112,1122,767,432,858.25
דוד רם,13,13.0,0.004120443740095087,0.0023845151227983082,0.35113261214133784,0.004858543464009401,1037,210,1283,903,858.25
ריק ג'ייסון,9,9.0,0.0028526148969889066,0.0,0.3672644137075599,0.011409987693839855,1112,1122,767,432,858.25
עמוס מוקדי,9,9.0,0.0028526148969889066,0.0,0.3649068778106097,0.01306536274954996,1112,1122,829,372,858.75
אביטל פסטרנק,18,18.0,0.005705229793977813,1.2272146975110305e-05,0.36690658856020025,0.004251474808747678,679,988,773,1005,861.25
אמנון פישר,16,16.0,0.005071315372424723,3.923562175252734e-06,0.36631541064666223,0.006752722112345632,902,1061,798,684,861.25
דני מוג'ה,17,17.0,0.005388272583201268,3.9862496682855115e-05,0.3597521197236296,0.005777552925825667,828,856,985,778,861.75
איקה זוהר,18,18.0,0.005705229793977813,3.801877312144559e-05,0.36314748703594407,0.004090002765031591,679,864,875,1030,862.0
בתיה לנצט,15,15.0,0.004754358161648178,7.101556614312786e-06,0.3613199275075549,0.009056427312521806,946,1035,934,535,862.5
זוהר שטראוס,25,25.0,0.00792393026941363,0.0004115022538749026,0.3582703712963459,0.0024098961961662195,539,465,1037,1409,862.5
עמנואל בן עמוס,9,9.0,0.0028526148969889066,0.0,0.36458258646897973,0.01274438755560709,1112,1122,839,380,863.25
רות שרון,9,9.0,0.0028526148969889066,0.0,0.36458258646897973,0.01274438755560709,1112,1122,839,380,863.25
אביב אלוש,26,27.0,0.008240887480190175,0.0008515553122294458,0.35011784623497655,0.0028708615832718186,508,358,1314,1275,863.75
עמוס אבני,9,9.0,0.0028526148969889066,0.0,0.3650810440759863,0.012016045415174993,1112,1122,820,402,864.0
נירו לוי,9,9.0,0.0028526148969889066,0.0,0.37890015510102715,0.007329217985802671,1112,1122,582,640,864.0
מאיה דה פריז,9,9.0,0.0028526148969889066,0.0,0.3789684499879807,0.0072222144690243855,1112,1122,579,645,864.5
נסים סוסי,9,9.0,0.0028526148969889066,0.0,0.3789684499879807,0.0072222144690243855,1112,1122,579,645,864.5
תומר אבן,9,9.0,0.0028526148969889066,0.0,0.3789684499879807,0.0072222144690243855,1112,1122,579,645,864.5
אבי טולדנו,9,9.0,0.0028526148969889066,0.0,0.37588698750394167,0.00778229790207876,1112,1122,611,614,864.75
שלי וינטרס,9,9.0,0.0028526148969889066,0.0,0.36642486072535907,0.01123128587973374,1112,1122,792,437,865.75
ברברה הרשי,9,9.0,0.0028526148969889066,0.0,0.36642486072535907,0.01123128587973374,1112,1122,792,437,865.75
רוברט שו,9,9.0,0.0028526148969889066,0.0,0.36642486072535907,0.01123128587973374,1112,1122,792,437,865.75
ריצ'רד ראונדטרי,9,9.0,0.0028526148969889066,0.0,0.36642486072535907,0.01123128587973374,1112,1122,792,437,865.75
רוני בוקסבאום,18,18.0,0.005705229793977813,3.573029541110724e-05,0.3578357370355928,0.005166063953620341,679,872,1053,861,866.25
קארין אופיר,18,18.0,0.005705229793977813,9.727736592322305e-06,0.3618765281214607,0.005163521351710866,679,1014,920,862,868.75
ורוניק ונדל,9,9.0,0.0028526148969889066,0.0,0.36305575614723784,0.013354015252293506,1112,1122,877,364,868.75
ישראל סגל,21,22.0,0.006656101426307449,9.675918741156255e-05,0.35262585950362896,0.004843794369650688,643,695,1229,913,870.0
יעל טוקר,18,18.0,0.005705229793977813,5.074036038430987e-05,0.3618671233989932,0.0038948841288953357,679,811,921,1073,871.0
רמי בן ארי,9,9.0,0.0028526148969889066,0.0,0.36894073993443693,0.009264076207905496,1112,1122,736,518,872.0
גליה ישי,9,9.0,0.0028526148969889066,0.0,0.36894073993443693,0.009264076207905496,1112,1122,736,518,872.0
אולג לוין,24,24.0,0.007606973058637084,0.000322267744508311,0.3573948860234467,0.0026495308848535457,566,507,1065,1351,872.25
יובל מנדלסון,27,27.0,0.00855784469096672,0.00031333575499126453,0.35489229794064026,0.0025756051663893315,470,512,1152,1359,873.25
דניאל אסייג,13,18.0,0.004120443740095087,3.2777554695368477e-06,0.4064145155338513,0.004136171103069097,1037,1073,363,1025,874.5
אמונה צבי,9,9.0,0.0028526148969889066,0.0,0.3790559792404966,0.0066921747011416365,1112,1122,578,688,875.0
יערה פלציג,23,23.0,0.007290015847860539,0.0005511625233472373,0.35728505583378956,0.00238326820759964,591,420,1066,1425,875.5
דוד שושן,9,9.0,0.0028526148969889066,0.0,0.3641928564997061,0.011616779546501518,1112,1122,846,423,875.75
אוראל טימסית,17,18.0,0.005388272583201268,1.1329753432705242e-05,0.38008427078377144,0.003580720281500283,828,997,561,1127,878.25
צק ברקמן,16,16.0,0.005071315372424723,6.22517951731377e-05,0.36321314180636777,0.004549779022383661,902,780,872,965,879.75
אריאל זילבר,18,18.0,0.005705229793977813,3.431754259068853e-05,0.35945575495636656,0.004549995043567137,679,879,1003,964,881.25
קרול מרקוביץ',18,18.0,0.005705229793977813,8.035064015093902e-06,0.35182512215355927,0.008416881904268522,679,1029,1256,563,881.75
טוביה טבי,16,16.0,0.005071315372424723,3.3062435746824147e-06,0.3594641911168059,0.008600414680855746,902,1071,1002,554,882.25
שוש מרציאנו,11,11.0,0.003486529318541997,4.153740661201818e-06,0.36484349993981935,0.008601774040474158,1088,1058,832,553,882.75
עמוס שוב,18,18.0,0.005705229793977813,2.6740423318812954e-05,0.3595124498970094,0.004642542511281571,679,915,1000,940,883.5
גיא גורביץ,24,24.0,0.007606973058637084,0.000687002034451039,0.35190150987253765,0.0027062663177210133,566,383,1254,1331,883.5
דרור גבע,15,15.0,0.004754358161648178,5.927795862982733e-06,0.37496821972889627,0.004811532220052779,946,1042,630,917,883.75
ריטה זוהר,14,15.0,0.0044374009508716325,1.2684510977122562e-05,0.36825805143437973,0.005549430636812971,994,985,751,811,885.25
שמוליק אומני,9,9.0,0.0028526148969889066,0.0,0.366509093209967,0.008810543060882707,1112,1122,788,548,892.5
שירלי ברנר,17,17.0,0.005388272583201268,1.7057792943790164e-05,0.36564305869573843,0.0045086096300051065,828,967,811,971,894.25
יובל כרמי,16,16.0,0.005071315372424723,6.119977563742231e-05,0.36670612991004464,0.003617285147237527,902,783,777,1118,895.0
רוז משיחי,15,15.0,0.004754358161648178,5.1670716212735445e-05,0.3650262671214638,0.004238426267186104,946,806,823,1009,896.0
נטשה מנור,12,12.0,0.003803486529318542,9.317443265429723e-06,0.375552424247882,0.004863692974303899,1064,1017,614,902,899.25
מאיה כהן,14,14.0,0.0044374009508716325,8.74138223900104e-05,0.3664737104687997,0.00374386629093483,994,717,791,1099,900.25
רחל טימור,9,9.0,0.0028526148969889066,0.0,0.36269885508413563,0.010296779111630058,1112,1122,897,474,901.25
סימון אבקריאן,9,9.0,0.0028526148969889066,0.0,0.3781795788682071,0.005744496185753442,1112,1122,586,792,903.0
מתנאל זיו,9,9.0,0.0028526148969889066,0.0,0.37757068721354947,0.005757153928623429,1112,1122,593,789,904.0
מיכל שטמלר,25,25.0,0.00792393026941363,0.0003336211483608944,0.3537092112497693,0.002473878860124757,539,501,1186,1391,904.25
מיכאל רוז'צקי,16,16.0,0.005071315372424723,0.00014102641973341303,0.3616034141671147,0.0033876023729223484,902,637,924,1155,904.5
נירה גל,16,16.0,0.005071315372424723,4.823698832363402e-06,0.3582839808791027,0.007453150031798425,902,1049,1036,632,904.75
סופיה אוסטריצקי,9,9.0,0.0028526148969889066,0.0,0.3761212234490569,0.0057759838081529145,1112,1122,609,780,905.75
בני ברוכים,9,9.0,0.0028526148969889066,0.0,0.3618980158433944,0.010268992350815511,1112,1122,915,476,906.25
יעקב אשכנזי,9,9.0,0.0028526148969889066,0.0,0.36511837218414356,0.008244356733705861,1112,1122,819,575,907.0
דליה גור,17,17.0,0.005388272583201268,1.81992109541726e-05,0.3521224423430469,0.007956502395187116,828,962,1245,594,907.25
מני בגר,9,9.0,0.0028526148969889066,0.0,0.3722386097879646,0.006370527079480408,1112,1122,673,722,907.25
עמוס חגי,9,9.0,0.0028526148969889066,0.0,0.3722386097879646,0.006370527079480408,1112,1122,673,722,907.25
לאה שלנגר,9,9.0,0.0028526148969889066,0.0,0.36756244778456254,0.00743472398855733,1112,1122,761,634,907.25
רי רוזנפלד,15,15.0,0.004754358161648178,1.6848961557794307e-05,0.36899161557562543,0.0044316394561662534,946,970,733,982,907.75
נטלי פורטמן,17,18.0,0.005388272583201268,1.659921427740724e-05,0.3748263857974679,0.003144601498538471,828,971,632,1205,909.0
זיוה רודן-שפיר,9,9.0,0.0028526148969889066,0.0,0.36043157683214055,0.010797695200300435,1112,1122,958,454,911.5
אבירמה גולן,9,9.0,0.0028526148969889066,0.0,0.3614886084891607,0.010035565133040155,1112,1122,928,485,911.75
פאני ארדן,18,18.0,0.005705229793977813,0.00011234634662036587,0.3567514207983982,0.0031377867604151437,679,676,1088,1207,912.5
רפי אדר,13,13.0,0.004120443740095087,1.4526683309518236e-05,0.3645613446915603,0.005700584739020655,1037,976,841,796,912.5
אמנון ברנזון,9,9.0,0.0028526148969889066,0.0,0.3622892741827719,0.009293624575173062,1112,1122,903,514,912.75
רוברט פולר,9,9.0,0.0028526148969889066,0.0,0.3622892741827719,0.00929362457517306,1112,1122,903,515,913.0
דניאלה קרטס,27,27.0,0.00855784469096672,0.0006286961783045127,0.3449708142917914,0.002743870667235975,470,399,1466,1318,913.25
ליאור מילר,18,18.0,0.005705229793977813,3.4368270394574156e-05,0.36217896634839214,0.003211841850474251,679,878,908,1191,914.0
מאיה בוסקילה,9,9.0,0.0028526148969889066,0.0,0.3694167905551565,0.0065413353928083125,1112,1122,724,701,914.75
רמי בוזגלו,9,9.0,0.0028526148969889066,0.0,0.3694167905551565,0.0065413353928083125,1112,1122,724,701,914.75
מילאד מטר,17,18.0,0.005388272583201268,1.120621338413114e-05,0.3623275987366681,0.004690153393542371,828,998,901,937,916.0
לאון קסבינר,9,9.0,0.0028526148969889066,0.0,0.3645834165709272,0.007961635345950568,1112,1122,838,593,916.25
ברק הנגבי,16,16.0,0.005071315372424723,1.0050872594727019e-05,0.362865742667688,0.005109780984444382,902,1011,882,871,916.5
לולה יעקובוביץ,18,18.0,0.005705229793977813,6.461555144233142e-05,0.3469450483144061,0.00547433682102683,679,773,1395,821,917.0
עמוס טל שיר,9,9.0,0.0028526148969889066,0.0,0.36276879318758426,0.008829328220230614,1112,1122,889,547,917.5
עדי לב,9,9.0,0.0028526148969889066,0.0,0.36103978962990496,0.009803837625002917,1112,1122,944,494,918.0
תרמו,16,17.0,0.005071315372424723,1.1036575063137562e-05,0.37035535681548326,0.003827665039192656,902,999,697,1079,919.25
דף השיחה,16,17.0,0.005071315372424723,1.1036575063137562e-05,0.37035535681548326,0.003827665039192656,902,999,697,1079,919.25
ברונו ניסים,9,9.0,0.0028526148969889066,0.0,0.36355287736031927,0.008168708119569872,1112,1122,866,579,919.75
עטר בירמן,9,9.0,0.0028526148969889066,0.0,0.36355287736031927,0.008168708119569872,1112,1122,866,579,919.75
יוני נמרי,9,9.0,0.0028526148969889066,0.0,0.36355287736031927,0.008168708119569872,1112,1122,866,579,919.75
אלי פיניש,18,18.0,0.005705229793977813,0.00018829349665125148,0.35948851148231337,0.0023992209987243377,679,592,1001,1416,922.0
יעל בר זוהר,18,18.0,0.005705229793977813,3.486475972665476e-05,0.3649911322746709,0.002751070607545671,679,876,824,1316,923.75
קוסטה קפלן,18,18.0,0.005705229793977813,0.0002445334314845667,0.35617219670015265,0.0026363805094638242,679,551,1115,1352,924.25
מאור לוי,16,16.0,0.005071315372424723,0.0002542864553187523,0.35958936789554247,0.0029149239513601194,902,544,994,1263,925.75
פטרה מורזה,9,9.0,0.0028526148969889066,0.0,0.3596863329173565,0.010113247327885789,1112,1122,989,482,926.25
נתן סגן כהן,15,15.0,0.004754358161648178,2.542719076100208e-05,0.3639737078888325,0.004412357435599275,946,922,853,984,926.25
אלי תבור,9,9.0,0.0028526148969889066,0.0,0.36111362386173146,0.009076326914836653,1112,1122,940,532,926.5
איילת מנחמי,9,9.0,0.0028526148969889066,0.0,0.36111362386173146,0.009076326914836653,1112,1122,940,532,926.5
סוהיל חדאד,14,15.0,0.0044374009508716325,1.8046599451039463e-06,0.3763626473142063,0.004096858227758635,994,1084,604,1028,927.5
אסתר רדא,18,18.0,0.005705229793977813,4.723642255077181e-05,0.3628216428207672,0.0027087602240479652,679,823,883,1328,928.25
אכראם תלאווי,9,9.0,0.0028526148969889066,0.0,0.3738462446679416,0.005337551545932766,1112,1122,644,837,928.75
נעמי פולני,18,18.0,0.005705229793977813,3.1853392780606435e-05,0.35969489008509514,0.003375214507144485,679,892,988,1159,929.5
דניאל גד,18,18.0,0.005705229793977813,8.85803242948666e-05,0.36056730027809136,0.00253966711605159,679,713,956,1370,929.5
דורון בן דוד,16,17.0,0.005071315372424723,2.2459299864011202e-05,0.3736936626677778,0.0030929121857433805,902,937,649,1230,929.5
עומר עציון,18,18.0,0.005705229793977813,0.0002131385561392433,0.360323152702417,0.0021255066060689902,679,572,964,1511,931.5
ישראל ברייט,20,20.0,0.006339144215530904,0.0004973734220668662,0.35299024135518314,0.0023783025330588316,653,436,1214,1427,932.5
יואב צפיר,18,18.0,0.005705229793977813,7.261729993008755e-05,0.3564478945782736,0.0031847610041273403,679,754,1102,1197,933.0
אייל סלמה,16,16.0,0.005071315372424723,0.0005693448467734609,0.3564225233661736,0.0027642197459714635,902,417,1103,1310,933.0
עלא דקה,27,27.0,0.00855784469096672,0.0005854628847938217,0.35142327600397,0.0020076762435288606,470,413,1277,1574,933.5
המוכתר,18,18.0,0.005705229793977813,1.5570683472083052e-05,0.3604920660975868,0.0035908208776650294,679,974,957,1125,933.75
שירה גפן,22,22.0,0.006973058637083994,5.2158202971657064e-05,0.35075424134165223,0.004142390344293931,621,803,1292,1024,935.0
אסטבן גוטפריד,9,9.0,0.0028526148969889066,0.0,0.3728010965580166,0.005251408984285636,1112,1122,664,843,935.25
מתייה אמלריק,15,15.0,0.004754358161648178,1.610461481306945e-05,0.3662534084344904,0.004166570398816698,946,973,801,1021,935.25
יובל בנאי,15,15.0,0.004754358161648178,3.4156120709356753e-06,0.36115853131974013,0.00572267896096506,946,1069,939,794,937.0
יוני זיכהולץ,18,18.0,0.005705229793977813,5.930539441633051e-05,0.36156793313528984,0.0025918946053243614,679,787,927,1356,937.25
נאוה שאן,18,18.0,0.005705229793977813,7.238563060315332e-05,0.34375737118278926,0.0055357824390039,679,757,1500,814,937.5
ניקו ניתאי,9,9.0,0.0028526148969889066,0.0,0.35897821784980144,0.009470010590870237,1112,1122,1017,504,938.75
גאולה גיל,9,9.0,0.0028526148969889066,0.0,0.35897821784980144,0.009470010590870237,1112,1122,1017,504,938.75
איילה ורטה,18,18.0,0.005705229793977813,0.0003876941988157322,0.34991016057035057,0.0028471430927309014,679,477,1318,1283,939.25
גדי פור,17,17.0,0.005388272583201268,4.581390090873881e-05,0.36033760056951225,0.003480140412272911,828,827,960,1147,940.5
ישראל רובינצ'יק,17,17.0,0.005388272583201268,2.4134286032994395e-05,0.3520296176289124,0.005994875093890349,828,929,1250,757,941.0
סשה אגרונוב,12,13.0,0.003803486529318542,4.8034240109034e-06,0.4067969119368707,0.002820964643692314,1064,1051,360,1292,941.75
איציק זוהר,9,9.0,0.0028526148969889066,0.0,0.375433013067689,0.004786427928692165,1112,1122,619,919,943.0
יאיר לפיד,16,16.0,0.005071315372424723,2.419567820822263e-05,0.35933725042602543,0.004703798841187743,902,928,1009,933,943.0
פלורה סעדה,9,9.0,0.0028526148969889066,0.0,0.375433013067689,0.004786427928692165,1112,1122,619,919,943.0
סשה דמידוב,9,9.0,0.0028526148969889066,0.0,0.375433013067689,0.004786427928692165,1112,1122,619,919,943.0
אינט כהן,9,9.0,0.0028526148969889066,0.0,0.375433013067689,0.004786427928692165,1112,1122,619,919,943.0
ליטל שוורץ,14,14.0,0.0044374009508716325,0.00042121859182740046,0.3584342104335353,0.002834786812271689,994,458,1035,1286,943.25
חן לוטקין,9,9.0,0.0028526148969889066,0.0,0.3588718178240447,0.009198408037994123,1112,1122,1026,523,945.75
נעמה שטרית,18,18.0,0.005705229793977813,0.0022429455421092443,0.35305466280825826,0.0017388400337427625,679,219,1204,1683,946.25
איתן לונדנר,18,18.0,0.005705229793977813,2.8944864922257147e-05,0.35812741475172527,0.0033002345059376104,679,903,1045,1172,949.75
דנה זילברשטיין,9,9.0,0.0028526148969889066,0.0,0.3720988918929785,0.004917397440034439,1112,1122,677,892,950.75
אירינה סלזניובה,9,9.0,0.0028526148969889066,0.0,0.366796678692092,0.005716978143807302,1112,1122,775,795,951.0
אודי רצין,14,14.0,0.0044374009508716325,2.811982126066618e-05,0.36764108442561094,0.0034154807343439474,994,908,755,1152,952.25
ח'אולה דיבסי,18,18.0,0.005705229793977813,2.1241622037010553e-05,0.3557900616016749,0.003921224326386326,679,945,1126,1065,953.75
לאשה רוזנברג,14,14.0,0.0044374009508716325,1.093060954669771e-05,0.3622562287930606,0.004836233197916876,994,1003,906,914,954.25
ג'יטה לוקה,9,9.0,0.0028526148969889066,0.0,0.3607883322902853,0.0074140026980228455,1112,1122,947,636,954.25
אור בן מלך,18,18.0,0.005705229793977813,0.00012542245517661144,0.3593296632252619,0.0022214945273858182,679,654,1010,1479,955.5
ליאת גליק,24,24.0,0.007606973058637084,0.0011285669497806692,0.3456096402959785,0.0021216131705403592,566,309,1441,1515,957.75
אייל שיראי,18,18.0,0.005705229793977813,4.62982986124443e-05,0.35305593661601964,0.003582727191983636,679,825,1203,1126,958.25
רמי עמית,9,9.0,0.0028526148969889066,0.0,0.3700927823934478,0.004883924932981621,1112,1122,704,897,958.75
צפריר קוחנובסקי,9,9.0,0.0028526148969889066,0.0,0.3700927823934478,0.004883924932981621,1112,1122,704,897,958.75
לאנס קראונר,9,9.0,0.0028526148969889066,0.0,0.35607430952786046,0.009944311029661316,1112,1122,1117,489,960.0
ליאור דובדבני,18,18.0,0.005705229793977813,5.1016121671951554e-05,0.3569504902823055,0.002889342623230116,679,808,1082,1272,960.25
שושנה רביד,15,15.0,0.004754358161648178,4.310223748323136e-06,0.3520195569347065,0.008063982298206008,946,1055,1251,590,960.5
משה אלבוחר,9,9.0,0.0028526148969889066,0.0,0.3640328527703293,0.005896064334964679,1112,1122,848,766,962.0
ענת זמיר,9,9.0,0.0028526148969889066,0.0,0.3640328527703293,0.005896064334964679,1112,1122,848,766,962.0
דודו בן זאב,18,18.0,0.005705229793977813,4.5248952407933936e-05,0.35510778520230346,0.003210580044790938,679,831,1149,1192,962.75
מאיסה עבד אלהאדי,28,28.0,0.008874801901743265,0.0024273243331780145,0.34264094472398643,0.0018701921942350097,459,207,1560,1626,963.0
תמר שם אור,18,18.0,0.005705229793977813,4.2723170251332195e-05,0.35917474549770106,0.00271896235455713,679,837,1016,1326,964.5
יוסי קינן,9,9.0,0.0028526148969889066,0.0,0.35897309662365506,0.007853678111836642,1112,1122,1021,604,964.75
חן גואטה,9,9.0,0.0028526148969889066,0.0,0.35897309662365506,0.007853678111836642,1112,1122,1021,604,964.75
אניטה פללי,9,9.0,0.0028526148969889066,0.0,0.3625542462859208,0.006338876152549681,1112,1122,898,730,965.5
אדם גבאי,30,30.0,0.009508716323296355,0.0005602882804465615,0.3462198015546441,0.0019232384727466264,432,418,1417,1604,967.75
תמי גינגולד,9,9.0,0.0028526148969889066,0.0,0.3603354812307818,0.006813717608312113,1112,1122,961,678,968.25
יהויכין פרידלנדר,9,9.0,0.0028526148969889066,0.0,0.3603354812307818,0.006813717608312113,1112,1122,961,678,968.25
יואל ליבה,9,9.0,0.0028526148969889066,0.0,0.3603354812307818,0.006813717608312113,1112,1122,961,678,968.25
רינה פדווה,9,9.0,0.0028526148969889066,0.0,0.3622669576386047,0.006255638415811308,1112,1122,905,735,968.5
עינת ברנובסקי,12,12.0,0.003803486529318542,0.00041695680367674897,0.35361627583832644,0.0033297969810068455,1064,462,1190,1166,970.5
אשרף ברהום,17,17.0,0.005388272583201268,2.5193316137260827e-05,0.3620147744502622,0.003107240857860758,828,925,912,1220,971.25
איתן אנשל,9,9.0,0.0028526148969889066,0.0,0.36118615513877717,0.00644852140390164,1112,1122,937,714,971.25
תומי יואל,12,12.0,0.003803486529318542,4.740854756481518e-05,0.3650407352649458,0.0032453248875371236,1064,822,821,1183,972.5
שרדי ג'בארין,18,18.0,0.005705229793977813,5.929849172196766e-05,0.35467630429552754,0.002901183223381323,679,788,1157,1269,973.25
אלונה טל,9,9.0,0.0028526148969889066,0.0,0.36743487868260066,0.004886332880497253,1112,1122,763,896,973.25
ציון אשכנזי,10,10.0,0.003169572107765452,0.0004047962525295484,0.35535444870176364,0.00326061075084261,1105,468,1146,1181,975.0
דובר קוסאשווילי,15,15.0,0.004754358161648178,1.7732277801057093e-05,0.36269894844146283,0.003702588714731007,946,965,896,1106,978.25
איתמר רוטשילד,23,23.0,0.007290015847860539,0.0001147654143713789,0.35042237768406925,0.0025747276584285267,591,673,1299,1360,980.75
שלישיית מה קשור,9,9.0,0.0028526148969889066,0.0,0.3578581107738601,0.007258618878189354,1112,1122,1051,643,982.0
יהודה אטלס,9,9.0,0.0028526148969889066,0.0,0.3578581107738601,0.007258618878189354,1112,1122,1051,643,982.0
הומוסקסואל,27,27.0,0.00855784469096672,0.00540688011510293,0.3426819083354537,0.0014171433893569866,470,101,1559,1802,983.0
ג'יזל סילבר,9,9.0,0.0028526148969889066,0.0,0.36974155425610145,0.004367830049136788,1112,1122,709,990,983.25
דוד (דייב) בנבניסטי,9,9.0,0.0028526148969889066,0.0,0.36974155425610145,0.004367830049136788,1112,1122,709,990,983.25
מוטי חביב,9,9.0,0.0028526148969889066,0.0,0.36974155425610145,0.004367830049136788,1112,1122,709,990,983.25
מוטי ברכאן,13,13.0,0.004120443740095087,5.426661186408827e-07,0.35553193864535365,0.007019487882626358,1037,1099,1138,663,984.25
גל אמיתי,33,33.0,0.010459587955625991,0.0009218008241503592,0.3429881455168557,0.0018039450378963108,397,346,1551,1650,986.0
חיים באשי,9,9.0,0.0028526148969889066,0.0,0.3565463842426013,0.007681092372906372,1112,1122,1096,620,987.5
דב קפלן,9,9.0,0.0028526148969889066,0.0,0.3565463842426013,0.007681092372906372,1112,1122,1096,620,987.5
ישראל בידרמן,9,9.0,0.0028526148969889066,0.0,0.3565463842426013,0.007681092372906372,1112,1122,1096,620,987.5
צביקה פיק,9,9.0,0.0028526148969889066,0.0,0.3578296488096021,0.00697295541530802,1112,1122,1054,664,988.0
לני כהן,18,18.0,0.005705229793977813,0.0008607330587053255,0.35087975007102196,0.001875789685029168,679,357,1291,1625,988.0
יונה לוי,9,9.0,0.0028526148969889066,0.0,0.356041164651461,0.007877655001998447,1112,1122,1118,601,988.25
ניסו כאביה,9,9.0,0.0028526148969889066,0.0,0.36982423210142923,0.00419405352566085,1112,1122,707,1016,989.25
סער בדישי,12,12.0,0.003803486529318542,2.108033536441304e-06,0.3653312674057936,0.004250854455325657,1064,1078,814,1006,990.5
שלמה בסן,17,17.0,0.005388272583201268,1.9455904318232933e-05,0.35920408113253316,0.00332501608717682,828,955,1014,1167,991.0
נורמן עיסא,13,13.0,0.004120443740095087,8.980650013278627e-06,0.36635883992730817,0.0036193303505722384,1037,1021,797,1117,993.0
תמר אלקן,14,14.0,0.0044374009508716325,4.020947311748106e-05,0.35785945583184176,0.003852237089408853,994,853,1050,1076,993.25
ריבה מזור,9,9.0,0.0028526148969889066,0.0,0.3588835170940771,0.006419672238350503,1112,1122,1023,717,993.5
ישראל טרייסטמן,9,9.0,0.0028526148969889066,0.0,0.3588835170940771,0.006419672238350503,1112,1122,1023,717,993.5
מירי טולדנו,9,9.0,0.0028526148969889066,0.0,0.3588835170940771,0.006419672238350503,1112,1122,1023,717,993.5
יצחק אלוני,9,9.0,0.0028526148969889066,0.0,0.3630521080800765,0.005126477475735011,1112,1122,878,865,994.25
ליאורה רמון,13,13.0,0.004120443740095087,1.6581464736249193e-06,0.3558501890639249,0.006303871253648473,1037,1087,1125,731,995.0
שירה האס,14,14.0,0.0044374009508716325,0.00035557085515035855,0.3572381539093858,0.002382900546430199,994,491,1069,1426,995.0
לילה קדרובה,9,9.0,0.0028526148969889066,0.0,0.36025435694626384,0.005760102343301262,1112,1122,965,781,995.0
ג'וזפין צ'פלין,9,9.0,0.0028526148969889066,0.0,0.36025435694626384,0.005760102343301262,1112,1122,965,781,995.0
לורנס הארווי,9,9.0,0.0028526148969889066,0.0,0.36025435694626384,0.005760102343301262,1112,1122,965,781,995.0
גרדה הנושק,9,9.0,0.0028526148969889066,0.0,0.36025435694626384,0.005760102343301262,1112,1122,965,781,995.0
ג'ק הוקינס,9,9.0,0.0028526148969889066,0.0,0.36025435694626384,0.005760102343301262,1112,1122,965,781,995.0
פיטר קאפל,9,9.0,0.0028526148969889066,0.0,0.36025435694626384,0.005760102343301262,1112,1122,965,781,995.0
ג'ון איירלנד,9,9.0,0.0028526148969889066,0.0,0.36025435694626384,0.005760102343301262,1112,1122,965,781,995.0
שיפי אלוני,18,18.0,0.005705229793977813,0.0017527583462637933,0.3448396731960725,0.0019816335041873308,679,254,1467,1586,996.5
סילביה דרורי,15,15.0,0.004754358161648178,5.2925053615061296e-05,0.3594393239197424,0.003077343307601002,946,800,1004,1237,996.75
איתי קרן,9,9.0,0.0028526148969889066,0.0,0.3642152226830876,0.004820995074423359,1112,1122,843,915,998.0
אבי קליינברגר,9,9.0,0.0028526148969889066,0.0,0.3642152226830876,0.004820995074423359,1112,1122,843,915,998.0
אולי שטרנברג,11,11.0,0.003486529318541997,5.975064664485318e-05,0.3601303367331671,0.0034906817635218593,1088,786,977,1143,998.5
אהובה בץ,9,9.0,0.0028526148969889066,0.0,0.3664938221264389,0.004500802892986972,1112,1122,789,973,999.0
נורית סיבוני,9,9.0,0.0028526148969889066,0.0,0.3664938221264389,0.004500802892986972,1112,1122,789,973,999.0
אמיר דוליצקי,10,10.0,0.003169572107765452,8.965338015236483e-05,0.3532165099701915,0.0043913450660621745,1105,709,1195,988,999.25
שרית ברוך-סרי,9,9.0,0.0028526148969889066,0.0,0.36313294398127316,0.00491665500902289,1112,1122,876,893,1000.75
נורית גלרון,14,15.0,0.0044374009508716325,9.874587578966852e-06,0.36185695718363325,0.0038853176571909255,994,1013,922,1074,1000.75
יענקלה בן סירא,9,9.0,0.0028526148969889066,0.0,0.3533197242579845,0.008128431288826085,1112,1122,1194,584,1003.0
יעקב שפירא,16,16.0,0.005071315372424723,1.8640469515619127e-05,0.3485197526424315,0.005585689500634728,902,960,1347,808,1004.25
דן בן-ליאור,9,9.0,0.0028526148969889066,0.0,0.36494294159616447,0.004564663849656395,1112,1122,826,959,1004.75
דפנה דקל,9,9.0,0.0028526148969889066,0.0,0.36494294159616447,0.004564663849656395,1112,1122,826,959,1004.75
יפתח אופיר,9,9.0,0.0028526148969889066,0.0,0.3627859970511707,0.004850978624688162,1112,1122,885,909,1007.0
נסים עזיקרי,9,9.0,0.0028526148969889066,0.0,0.3580048543975245,0.006062133657021528,1112,1122,1047,747,1007.0
טוני ברמן,9,9.0,0.0028526148969889066,0.0,0.3627859970511707,0.004850978624688162,1112,1122,885,909,1007.0
אורי סטריקובסקי,9,9.0,0.0028526148969889066,0.0,0.3627859970511707,0.004850978624688162,1112,1122,885,909,1007.0
אלמה דישי,15,15.0,0.004754358161648178,0.00020634343339795243,0.35744460365750075,0.00232384258497395,946,576,1061,1449,1008.0
לנה סחנובה,9,9.0,0.0028526148969889066,0.0,0.36488238571909115,0.004511106675736516,1112,1122,830,969,1008.25
ג'ניה פישר,9,9.0,0.0028526148969889066,0.0,0.36488238571909115,0.004511106675736516,1112,1122,830,969,1008.25
שלמה בר אבא,15,15.0,0.004754358161648178,4.084340882414408e-05,0.3516520326788301,0.004448559931825156,946,848,1264,978,1009.0
סער פין,9,9.0,0.0028526148969889066,0.0,0.36865400825407324,0.0038997420384219122,1112,1122,743,1071,1012.0
רותי גולדברג,9,9.0,0.0028526148969889066,0.0,0.36865400825407324,0.0038997420384219122,1112,1122,743,1071,1012.0
גלעד כהנא,18,18.0,0.005705229793977813,9.467540322011584e-05,0.3498758771958114,0.0025967226603792744,679,699,1319,1355,1013.0
שאדי מרעי,16,16.0,0.005071315372424723,3.1163343602356474e-05,0.35924001557376,0.0030428333817025597,902,895,1012,1244,1013.25
רינה שיינפלד,9,9.0,0.0028526148969889066,0.0,0.36669689236253505,0.004031969534541189,1112,1122,780,1041,1013.75
פטריק סטיוארט,9,9.0,0.0028526148969889066,0.0,0.36669689236253505,0.004031969534541189,1112,1122,780,1041,1013.75
גיל בלנק,9,9.0,0.0028526148969889066,0.0,0.36669689236253505,0.004031969534541189,1112,1122,780,1041,1013.75
טוגו איגוואה,9,9.0,0.0028526148969889066,0.0,0.3689633453046324,0.0037720744361736014,1112,1122,734,1090,1014.5
שמוליק כהן,9,9.0,0.0028526148969889066,0.0,0.3689633453046324,0.0037720744361736014,1112,1122,734,1090,1014.5
טרי גאבור,9,9.0,0.0028526148969889066,0.0,0.35718958019493535,0.005944602587635744,1112,1122,1070,759,1015.75
ג'ודי פאר,9,9.0,0.0028526148969889066,0.0,0.35718958019493535,0.005944602587635744,1112,1122,1070,759,1015.75
טלי גולדברג,9,9.0,0.0028526148969889066,0.0,0.35718958019493535,0.005944602587635744,1112,1122,1070,759,1015.75
פירה קנטר,13,13.0,0.004120443740095087,8.467322742620444e-06,0.3635761593820143,0.0034960771687623823,1037,1026,865,1142,1017.5
ורד פלדמן,18,18.0,0.005705229793977813,0.0004199452906624202,0.34874337993951404,0.0019432097649440816,679,459,1338,1594,1017.5
עידו ברטל,13,13.0,0.004120443740095087,0.0002600757931545724,0.3592586999281662,0.00218879487721154,1037,538,1011,1485,1017.75
יונתן השילוני,9,9.0,0.0028526148969889066,0.0,0.3618890003552275,0.004781351262585078,1112,1122,917,923,1018.5
תהל רן,9,9.0,0.0028526148969889066,0.0,0.3618890003552275,0.004781351262585078,1112,1122,917,923,1018.5
תמר לוי אלדר,9,9.0,0.0028526148969889066,0.0,0.3618890003552275,0.004781351262585078,1112,1122,917,923,1018.5
פיני מיטלמן,16,16.0,0.005071315372424723,7.684066225178709e-05,0.35623800106887754,0.002699869017774277,902,743,1113,1335,1023.25
בן לוין,17,17.0,0.005388272583201268,8.871438189678704e-05,0.3538336631624407,0.0025182370073675926,828,712,1180,1374,1023.5
טל מוסרי,23,23.0,0.007290015847860539,0.0008636172113742446,0.3430214096029159,0.0019389720575779166,591,356,1550,1597,1023.5
גל לב,13,13.0,0.004120443740095087,6.6556900255863274e-06,0.3642122667252246,0.0032456911715515978,1037,1036,845,1182,1025.0
אסתי כץ,9,9.0,0.0028526148969889066,0.0,0.35298944552050904,0.006913522531783923,1112,1122,1215,667,1029.0
שמוליק בילו,9,9.0,0.0028526148969889066,0.0,0.35298944552050904,0.0069135225317839225,1112,1122,1215,668,1029.25
איתי ברנע,17,18.0,0.005388272583201268,1.4200818086910944e-05,0.35536889518489606,0.0032886348646224144,828,977,1145,1176,1031.5
רן קובלנץ,9,9.0,0.0028526148969889066,0.0,0.3556119908256492,0.005880897043965521,1112,1122,1132,768,1033.5
אלון לשם,14,14.0,0.0044374009508716325,0.0001357196333203161,0.3564964832267819,0.0024538435046388566,994,642,1100,1398,1033.5
ראובן אדיב,9,9.0,0.0028526148969889066,0.0,0.3556119908256492,0.005880897043965521,1112,1122,1132,768,1033.5
יגאל דניאל,9,9.0,0.0028526148969889066,0.0,0.3556119908256492,0.005880897043965521,1112,1122,1132,768,1033.5
מלאני גריפית,9,9.0,0.0028526148969889066,0.0,0.3556119908256492,0.005880897043965521,1112,1122,1132,768,1033.5
סעדיה דמארי,9,9.0,0.0028526148969889066,0.0,0.3556119908256492,0.005880897043965521,1112,1122,1132,768,1033.5
שני קליין,19,19.0,0.006022187004754358,0.0001136741863491692,0.35133010120417735,0.002127624903967923,672,675,1278,1510,1033.75
רונה לי שמעון,14,14.0,0.0044374009508716325,2.1562078752849593e-05,0.3636742730427708,0.0026786597820470963,994,943,859,1341,1034.25
שי אלקיים,9,9.0,0.0028526148969889066,0.0,0.36655451361545344,0.003598765039318471,1112,1122,785,1120,1034.75
נועה אסטנג'לוב,9,9.0,0.0028526148969889066,0.0,0.36655451361545344,0.003598765039318471,1112,1122,785,1120,1034.75
ג'ורג' סנדרס,9,9.0,0.0028526148969889066,0.0,0.3545433195065015,0.006043524743198595,1112,1122,1158,749,1035.25
אליעזר יונג,9,9.0,0.0028526148969889066,0.0,0.3545433195065015,0.006043524743198595,1112,1122,1158,749,1035.25
אודי מרפי,9,9.0,0.0028526148969889066,0.0,0.3545433195065015,0.006043524743198595,1112,1122,1158,749,1035.25
מריאנה קוך,9,9.0,0.0028526148969889066,0.0,0.3545433195065015,0.006043524743198595,1112,1122,1158,749,1035.25
יוסף ידין,9,9.0,0.0028526148969889066,0.0,0.3545433195065015,0.006043524743198595,1112,1122,1158,749,1035.25
שלומי אברהם,18,18.0,0.005705229793977813,5.044865280346491e-05,0.3485896236833813,0.002790419606386858,679,812,1345,1308,1036.0
אלכסנדר יהלומי,16,16.0,0.005071315372424723,1.9490997365293782e-05,0.353562880047778,0.003735023528781117,902,954,1191,1101,1037.0
עפר שיקרצי,9,9.0,0.0028526148969889066,0.0,0.36360548659057723,0.003966687226526576,1112,1122,864,1051,1037.25
סלווה נקארה,18,19.0,0.005705229793977813,9.034633386198146e-05,0.35147197717376316,0.002143266788550019,679,706,1275,1506,1041.5
נדב לויתן,9,9.0,0.0028526148969889066,0.0,0.35897660830583866,0.004808365387013253,1112,1122,1019,918,1042.75
מיכאל כורש,15,15.0,0.004754358161648178,4.002481136003235e-05,0.35586160227844416,0.0029524020283275246,946,855,1120,1256,1044.25
עדנה בליליוס,18,18.0,0.005705229793977813,4.790913378417056e-05,0.35089196510919574,0.002461163008395786,679,821,1289,1395,1046.0
מיקי גבע,14,14.0,0.0044374009508716325,3.539259957040512e-05,0.3554872356530752,0.0032649768299380993,994,873,1139,1179,1046.25
ירון לוי סבג,13,14.0,0.004120443740095087,3.675249871194266e-05,0.3598901444838838,0.0028010231974675043,1037,868,979,1306,1047.5
מאיה גסנר,18,18.0,0.005705229793977813,0.00017895017829582536,0.3488005964831916,0.0020054788053750043,679,604,1337,1581,1050.25
קרן קוך,9,9.0,0.0028526148969889066,0.0,0.3636719828703589,0.0036821215260277123,1112,1122,860,1108,1050.5
דרור זיו,9,9.0,0.0028526148969889066,0.0,0.3636719828703589,0.0036821215260277123,1112,1122,860,1108,1050.5
יותם קושניר,18,18.0,0.005705229793977813,0.000684563175586205,0.3415589000031872,0.0020610315372001156,679,385,1582,1556,1050.5
תאמר נפאר,11,11.0,0.003486529318541997,1.700320760808876e-05,0.36102963284662587,0.0031161255611880157,1088,968,946,1212,1053.5
ארתור פרי,13,13.0,0.004120443740095087,6.9453103519258e-05,0.35489980617034567,0.0029100751495634075,1037,763,1151,1267,1054.5
לואי נופי,18,18.0,0.005705229793977813,8.982488066468685e-05,0.34831859021646094,0.0021978857254891008,679,707,1351,1482,1054.75
אווה חדד,18,18.0,0.005705229793977813,7.524971517064671e-05,0.34055805739393813,0.0032444910386723457,679,747,1610,1184,1055.0
דימיטרי פריימן,9,9.0,0.0028526148969889066,0.0,0.3639856105442834,0.0034993294022828084,1112,1122,851,1140,1056.25
בוריס אחנוב,9,9.0,0.0028526148969889066,0.0,0.3639856105442834,0.0034993294022828084,1112,1122,851,1140,1056.25
חנה עדן,9,9.0,0.0028526148969889066,0.0,0.3517142634634824,0.0062661826024476425,1112,1122,1261,733,1057.0
איריס יוטבת,9,9.0,0.0028526148969889066,0.0,0.3517142634634824,0.0062661826024476425,1112,1122,1261,733,1057.0
נעמי לבוב,20,20.0,0.006339144215530904,9.184180056907436e-05,0.34910491553111384,0.0020855870985510795,653,704,1331,1541,1057.25
גיל דסיאנו ביטון,15,16.0,0.004754358161648178,2.987447298643717e-05,0.3614794464720675,0.0022977462592284658,946,902,929,1457,1058.5
דובל'ה גליקמן,14,14.0,0.0044374009508716325,0.00030528688363330725,0.34895445253304774,0.002474522383749647,994,518,1333,1390,1058.75
עמית פרקש,31,32.0,0.0098256735340729,0.0006657771753731892,0.33977335773846357,0.0014701755750627012,420,391,1642,1788,1060.25
אודי פרסי,23,24.0,0.007290015847860539,0.0041697955482391585,0.3409716923368635,0.0011754472198886607,591,128,1595,1934,1062.0
צביה דורון,9,9.0,0.0028526148969889066,0.0,0.35026262767431965,0.006475607729015217,1112,1122,1307,710,1062.75
ז'ק כהן,9,9.0,0.0028526148969889066,0.0,0.35026262767431965,0.006475607729015217,1112,1122,1307,710,1062.75
איתן גולד,9,9.0,0.0028526148969889066,0.0,0.36273904051931033,0.00356731741306569,1112,1122,890,1129,1063.25
קארן יאנג,9,9.0,0.0028526148969889066,0.0,0.36273904051931033,0.00356731741306569,1112,1122,890,1129,1063.25
ברוך ששון,12,12.0,0.003803486529318542,0.0017889893044527765,0.34047986697301774,0.002709977419920258,1064,245,1617,1327,1063.25
פיליס סומרוויל,9,9.0,0.0028526148969889066,0.0,0.36273904051931033,0.00356731741306569,1112,1122,890,1129,1063.25
אברהם אסיאו,18,18.0,0.005705229793977813,6.224840522494903e-05,0.3413563128766822,0.003156243817508749,679,781,1592,1203,1063.75
קאי פקר,14,14.0,0.0044374009508716325,4.797538198386566e-05,0.3567186554537366,0.0026080713546283354,994,819,1089,1354,1064.0
שירה נאור,24,24.0,0.007606973058637084,0.00037150941416318537,0.34201242202069165,0.001829116622609884,566,486,1570,1638,1065.0
אורי לייזרוביץ',17,17.0,0.005388272583201268,8.968241057452842e-05,0.3483114439629516,0.0024934800091487063,828,708,1352,1377,1066.25
איתי שור,14,14.0,0.0044374009508716325,4.8347444414320993e-05,0.35301655897639933,0.0029992996142910217,994,817,1211,1248,1067.5
רולנדה שגרן,18,18.0,0.005705229793977813,1.1649376242622862e-05,0.34128045010895414,0.004238108369553239,679,992,1593,1010,1068.5
איטן גרינברג,9,9.0,0.0028526148969889066,0.0,0.3618973280480578,0.0035925579710910814,1112,1122,916,1124,1068.5
מוטי ארבל,15,15.0,0.004754358161648178,2.626236030953407e-06,0.34258668052263924,0.006630841224037645,946,1076,1562,693,1069.25
ירון ברלד,18,18.0,0.005705229793977813,0.00013344663821662016,0.3472551562505946,0.002017249008794699,679,644,1382,1573,1069.5
שלמה סדן,17,17.0,0.005388272583201268,0.001333195862770716,0.34771266703226006,0.0014320549841177464,828,290,1363,1799,1070.0
נועה קירל,18,18.0,0.005705229793977813,6.47558712131724e-05,0.3481445117385855,0.0022350365854063854,679,772,1353,1477,1070.25
צבי,9,9.0,0.0028526148969889066,0.0,0.35306814440654344,0.0052205990660001474,1112,1122,1198,851,1070.75
אלי,9,9.0,0.0028526148969889066,0.0,0.35306814440654344,0.0052205990660001474,1112,1122,1198,851,1070.75
יהל,9,9.0,0.0028526148969889066,0.0,0.35306814440654344,0.0052205990660001474,1112,1122,1198,851,1070.75
נוסי,9,9.0,0.0028526148969889066,0.0,0.35306814440654344,0.0052205990660001474,1112,1122,1198,851,1070.75
יוסי אוחנה,9,9.0,0.0028526148969889066,0.0,0.35306814440654344,0.0052205990660001474,1112,1122,1198,851,1070.75
בועז קונפורטי,15,15.0,0.004754358161648178,7.52064123337902e-05,0.35442949339900043,0.0023594785919383043,946,748,1163,1433,1072.5
ליביה חכמון,9,9.0,0.0028526148969889066,0.0,0.3616000364886874,0.003548075829640037,1112,1122,925,1133,1073.0
לילי קוסאשווילי,9,9.0,0.0028526148969889066,0.0,0.3616000364886874,0.0035480758296400363,1112,1122,925,1134,1073.25
אורי אברהמי,9,9.0,0.0028526148969889066,0.0,0.3586840575505259,0.004043999295589656,1112,1122,1029,1036,1074.75
ז'ניה כצן,9,9.0,0.0028526148969889066,0.0,0.3586840575505259,0.004043999295589656,1112,1122,1029,1036,1074.75
איה שטיפטל,9,9.0,0.0028526148969889066,0.0,0.3586840575505259,0.004043999295589656,1112,1122,1029,1036,1074.75
עירית נתן בנדק,10,10.0,0.003169572107765452,0.00023914094254160275,0.3558578277485257,0.0021157046510691777,1105,554,1124,1516,1074.75
יואב דונט,18,18.0,0.005705229793977813,6.823815952115161e-05,0.34704762098911457,0.002268196630447588,679,765,1390,1467,1075.25
ג'וליאן נגולסקו,9,9.0,0.0028526148969889066,0.0,0.3601348099196751,0.003750256282152205,1112,1122,974,1096,1076.0
נואה סילבר,9,9.0,0.0028526148969889066,0.0,0.3601348099196751,0.003750256282152205,1112,1122,974,1096,1076.0
אירינה פטרסקו,9,9.0,0.0028526148969889066,0.0,0.3601348099196751,0.003750256282152205,1112,1122,974,1096,1076.0
איציק גייר,9,9.0,0.0028526148969889066,0.0,0.35317746828977803,0.005014875863130175,1112,1122,1197,879,1077.5
דורון ליניק,9,9.0,0.0028526148969889066,0.0,0.3555971476748769,0.004610062047623669,1112,1122,1137,948,1079.75
אמיר טסלר,15,15.0,0.004754358161648178,0.0001110343568364674,0.3515237786131582,0.002360806982494126,946,677,1270,1432,1081.25
מירב דמארי,9,9.0,0.0028526148969889066,0.0,0.35573697728484877,0.004448877817654829,1112,1122,1128,977,1084.75
יורם יוספסברג,12,12.0,0.003803486529318542,0.0017889893044527765,0.34740811415290773,0.0017538917815579811,1064,245,1368,1667,1086.0
דודו באוכנר,15,15.0,0.004754358161648178,0.00013026681942477015,0.3536190800509958,0.002030910730749277,946,648,1189,1572,1088.75
שירה קצנלנבוגן,17,17.0,0.005388272583201268,6.53177052542604e-05,0.3528967288217405,0.002083295285237086,828,770,1217,1542,1089.25
שמחה זיו,9,9.0,0.0028526148969889066,0.0,0.363376230050016,0.002973433773599739,1112,1122,870,1253,1089.25
אתל קובינסקה,15,15.0,0.004754358161648178,8.416007220043212e-05,0.34543041683769005,0.003063095666390979,946,723,1451,1239,1089.75
פסקל פטי,9,9.0,0.0028526148969889066,0.0,0.35031766139068177,0.005424769879198836,1112,1122,1302,824,1090.0
רמון פלגרן,9,9.0,0.0028526148969889066,0.0,0.35031766139068177,0.005424769879198836,1112,1122,1302,824,1090.0
יהודה אלמגור,22,22.0,0.006973058637083994,0.00024143377320115508,0.34289269738750483,0.001849291871279976,621,552,1556,1636,1091.25
מישה נתן,9,9.0,0.0028526148969889066,0.0,0.34886588148811265,0.0056602693265246015,1112,1122,1334,800,1092.0
מייקל שניידר,15,15.0,0.004754358161648178,5.125180009386114e-06,0.34497650659072077,0.004848781055659786,946,1047,1465,912,1092.5
שמעון כהן,14,14.0,0.0044374009508716325,0.0001493667057047662,0.3470126656407553,0.002568296572904027,994,626,1391,1361,1093.0
איריס אברמוביץ',16,16.0,0.005071315372424723,2.4929416809381837e-05,0.3476111243940504,0.003261043506332276,902,926,1367,1180,1093.75
זיוית אברמסון,18,18.0,0.005705229793977813,6.500812952912116e-05,0.33809911728337805,0.0030511348408427067,679,771,1685,1243,1094.5
פרנקו נרו,9,9.0,0.0028526148969889066,0.0,0.3504090625223823,0.0052505530861526135,1112,1122,1300,844,1094.5
גור יערי,9,9.0,0.0028526148969889066,0.0,0.3504090625223823,0.0052505530861526135,1112,1122,1300,844,1094.5
דינה אברך,9,9.0,0.0028526148969889066,0.0,0.35545124105380943,0.0042795042094413835,1112,1122,1143,1002,1094.75
מרינה רוסטי,9,9.0,0.0028526148969889066,0.0,0.35545124105380943,0.0042795042094413835,1112,1122,1143,1002,1094.75
איציק בן מלך,9,9.0,0.0028526148969889066,0.0,0.3562156853688584,0.00404384594038139,1112,1122,1114,1039,1096.75
קייס נאשף,11,12.0,0.003486529318541997,3.2139735805764956e-05,0.3725277558864734,0.0015816139160849134,1088,890,670,1745,1098.25
מור פולנוהר,14,14.0,0.0044374009508716325,5.114954970703093e-05,0.35382113584847324,0.002403954084723597,994,807,1181,1415,1099.25
פייר אנג'לי,9,9.0,0.0028526148969889066,0.0,0.34273111761324004,0.0078113257013520745,1112,1122,1557,608,1099.75
ראובן מורגן,9,9.0,0.0028526148969889066,0.0,0.34273111761324004,0.0078113257013520745,1112,1122,1557,608,1099.75
איציק וייס,9,9.0,0.0028526148969889066,0.0,0.35399313072288907,0.004307423818405024,1112,1122,1172,998,1101.0
שלמה ארצי,9,9.0,0.0028526148969889066,0.0,0.35399313072288907,0.004307423818405024,1112,1122,1172,998,1101.0
עמוס טלשיר,9,9.0,0.0028526148969889066,0.0,0.35399313072288907,0.004307423818405024,1112,1122,1172,998,1101.0
קני בייקר,9,9.0,0.0028526148969889066,0.0,0.3528503003785825,0.0045671194978795975,1112,1122,1218,953,1101.25
טאהן וולש,9,9.0,0.0028526148969889066,0.0,0.3528503003785825,0.0045671194978795975,1112,1122,1218,953,1101.25
מורגן פיירצ'יילד,9,9.0,0.0028526148969889066,0.0,0.3528503003785825,0.0045671194978795975,1112,1122,1218,953,1101.25
סילביה מיילס,9,9.0,0.0028526148969889066,0.0,0.3528503003785825,0.0045671194978795975,1112,1122,1218,953,1101.25
דייוויד הולידיי,9,9.0,0.0028526148969889066,0.0,0.3528503003785825,0.0045671194978795975,1112,1122,1218,953,1101.25
ניקולס קליי,9,9.0,0.0028526148969889066,0.0,0.3528503003785825,0.0045671194978795975,1112,1122,1218,953,1101.25
אורון אבידן,9,9.0,0.0028526148969889066,0.0,0.3602293066355752,0.0031567465544971736,1112,1122,972,1201,1101.75
גילי נגר,9,9.0,0.0028526148969889066,0.0,0.3602293066355752,0.0031567465544971736,1112,1122,972,1201,1101.75
ברק פרידמן,17,17.0,0.005388272583201268,6.729200078978217e-05,0.35247671997579055,0.001990262750366925,828,767,1231,1584,1102.5
ענת בנאיס,9,9.0,0.0028526148969889066,0.0,0.3582289112571024,0.0034902527909407015,1112,1122,1038,1144,1104.0
חיים ג'רפי,9,9.0,0.0028526148969889066,0.0,0.3582289112571024,0.0034902527909407015,1112,1122,1038,1144,1104.0
יעל דרויאנוב,9,9.0,0.0028526148969889066,0.0,0.3509563046880577,0.0048547909946406766,1112,1122,1284,905,1105.75
פסח בורשטיין,9,9.0,0.0028526148969889066,0.0,0.3509563046880577,0.0048547909946406766,1112,1122,1284,905,1105.75
חיים פולני,9,9.0,0.0028526148969889066,0.0,0.3509563046880577,0.0048547909946406766,1112,1122,1284,905,1105.75
אווה ליאון,9,9.0,0.0028526148969889066,0.0,0.3509563046880577,0.0048547909946406766,1112,1122,1284,905,1105.75
דורון נשר,9,9.0,0.0028526148969889066,0.0,0.35166517918174145,0.004747052066228974,1112,1122,1263,931,1107.0
דניאל מורשת,14,18.0,0.0044374009508716325,0.00023896598967922808,0.35692998385542185,0.0014348734774784853,994,555,1083,1797,1107.25
פנינה מנקין,17,17.0,0.005388272583201268,0.004762598647153465,0.3254311372519115,0.002285838757562589,828,113,2031,1460,1108.0
אמיר שהסאר,9,9.0,0.0028526148969889066,0.0,0.3582031219794818,0.0033715217075451515,1112,1122,1041,1160,1108.75
אדר גולד,9,9.0,0.0028526148969889066,0.0,0.3582031219794818,0.0033715217075451515,1112,1122,1041,1160,1108.75
מארק אליהו,9,9.0,0.0028526148969889066,0.0,0.3582031219794818,0.0033715217075451515,1112,1122,1041,1160,1108.75
אלי חבקוק,9,9.0,0.0028526148969889066,0.0,0.3582031219794818,0.0033715217075451515,1112,1122,1041,1160,1108.75
שרון טל,18,18.0,0.005705229793977813,8.695959028852206e-05,0.34533113353934536,0.0019903846694544793,679,718,1458,1583,1109.5
דניאל סבג,17,17.0,0.005388272583201268,0.00014580735767095822,0.346947508528391,0.001974817190852466,828,631,1394,1587,1110.0
יוסוף אבו וורדה,9,9.0,0.0028526148969889066,0.0,0.35942238098645046,0.003127795108026757,1112,1122,1005,1210,1112.25
מלי לוי גרשון,14,14.0,0.0044374009508716325,2.6636090830980314e-05,0.3540959096396888,0.0025461315913841626,994,916,1171,1369,1112.5
אן פטי לגראנז',9,9.0,0.0028526148969889066,0.0,0.35822366567947056,0.003272038182816955,1112,1122,1040,1177,1112.75
אילנה בדש,9,9.0,0.0028526148969889066,0.0,0.35700334045349225,0.0034038144350816827,1112,1122,1078,1153,1116.25
חיה פיק-פרדו,9,9.0,0.0028526148969889066,0.0,0.35700334045349225,0.0034038144350816827,1112,1122,1078,1153,1116.25
שרון מלכי-שמש,14,14.0,0.0044374009508716325,6.948421041795343e-05,0.34909785805795207,0.0024892597023484183,994,762,1332,1378,1116.5
אודליה מורה מטלון,15,15.0,0.004754358161648178,5.591021575728351e-05,0.34391124107541887,0.003088031261884895,946,794,1497,1232,1117.25
אנדריאה פריאול,9,9.0,0.0028526148969889066,0.0,0.3596222038470186,0.0030363562247618108,1112,1122,991,1245,1117.5
רובין רנוצ'י,9,9.0,0.0028526148969889066,0.0,0.3596222038470186,0.0030363562247618108,1112,1122,991,1245,1117.5
אלחנדרו כהן,9,9.0,0.0028526148969889066,0.0,0.3596222038470186,0.0030363562247618108,1112,1122,991,1245,1117.5
דורית פלד הרפז,15,16.0,0.004754358161648178,1.192366030817342e-05,0.3488177098446755,0.0031771321004360003,946,991,1336,1198,1117.75
דיאנה גולבי,9,9.0,0.0028526148969889066,0.0,0.35938987483053825,0.003061884510359678,1112,1122,1007,1240,1120.25
רונן דוידוב,9,9.0,0.0028526148969889066,0.0,0.35938987483053825,0.003061884510359678,1112,1122,1007,1240,1120.25
זהר ליבה,27,27.0,0.00855784469096672,0.0004815908778436834,0.33429257518283484,0.0014592842395604831,470,442,1782,1791,1121.25
מנואל אלקסלסי ורדי,12,12.0,0.003803486529318542,6.37615905647458e-06,0.3591975983138854,0.002549470884735526,1064,1039,1015,1367,1121.25
צביקה פישזון,9,9.0,0.0028526148969889066,0.0,0.3613909660349061,0.002705584613198766,1112,1122,930,1332,1124.0
אורנלה בס,9,9.0,0.0028526148969889066,0.0,0.3613909660349061,0.002705584613198766,1112,1122,930,1332,1124.0
זוהר ז'נט סבג,9,9.0,0.0028526148969889066,0.0,0.3613909660349061,0.002705584613198766,1112,1122,930,1332,1124.0
מאיר מרגלית,9,9.0,0.0028526148969889066,0.0,0.34373348923307434,0.005924583647295284,1112,1122,1501,762,1124.25
זלמן לביוש,9,9.0,0.0028526148969889066,0.0,0.34373348923307434,0.005924583647295284,1112,1122,1501,762,1124.25
שושנה ברנע,9,9.0,0.0028526148969889066,0.0,0.34373348923307434,0.005924583647295284,1112,1122,1501,762,1124.25
מנחה טלוויזיה,9,9.0,0.0028526148969889066,0.0,0.3610410107024413,0.0027216840981396564,1112,1122,943,1325,1125.5
נלי שפר,9,9.0,0.0028526148969889066,0.0,0.34565119815352646,0.005364316579142033,1112,1122,1439,833,1126.5
יעקב טימן,9,9.0,0.0028526148969889066,0.0,0.34565119815352646,0.005364316579142033,1112,1122,1439,833,1126.5
רונה פריד,9,9.0,0.0028526148969889066,0.0,0.35655244692278926,0.0032241502525406592,1112,1122,1093,1187,1128.5
ליאור נחמן,9,9.0,0.0028526148969889066,0.0,0.35655244692278926,0.0032241502525406592,1112,1122,1093,1187,1128.5
דודו יפת,9,9.0,0.0028526148969889066,0.0,0.35655244692278926,0.0032241502525406592,1112,1122,1093,1187,1128.5
תמר גולנדר,9,9.0,0.0028526148969889066,0.0,0.35227242702255446,0.003962529903685842,1112,1122,1234,1053,1130.25
מירית לויט,9,9.0,0.0028526148969889066,0.0,0.35227242702255446,0.003962529903685842,1112,1122,1234,1053,1130.25
שי גוטסמן,9,9.0,0.0028526148969889066,0.0,0.35227242702255446,0.003962529903685842,1112,1122,1234,1053,1130.25
אמנון דוייב,9,9.0,0.0028526148969889066,0.0,0.35227242702255446,0.003962529903685842,1112,1122,1234,1053,1130.25
צפי שמעוני,9,9.0,0.0028526148969889066,0.0,0.35227242702255446,0.003962529903685842,1112,1122,1234,1053,1130.25
טוביה טישלר,9,9.0,0.0028526148969889066,0.0,0.35227242702255446,0.003962529903685842,1112,1122,1234,1053,1130.25
עמוס קב,9,9.0,0.0028526148969889066,0.0,0.35227242702255446,0.003962529903685842,1112,1122,1234,1053,1130.25
אילן עיני,9,9.0,0.0028526148969889066,0.0,0.3565279268160764,0.0032186477228437834,1112,1122,1099,1190,1130.75
אנסטסיה פיין,14,15.0,0.0044374009508716325,1.7756602173915523e-05,0.36519371382624066,0.0015692466859057923,994,964,816,1753,1131.75
עופר חיון,22,24.0,0.006973058637083994,0.00036747181810978426,0.34294091558872875,0.0012733530821120388,621,489,1555,1866,1132.75
סבטלנה דמידוב,18,18.0,0.005705229793977813,0.0005954894439227836,0.33934276401049407,0.001434609443199756,679,408,1654,1798,1134.75
ירדן בר-כוכבא,12,13.0,0.003803486529318542,3.0699144744779136e-05,0.3705168955225008,0.0012315784634720434,1064,897,693,1887,1135.25
רומי שניידר,9,9.0,0.0028526148969889066,0.0,0.34444561818648967,0.005405919797992184,1112,1122,1480,828,1135.5
קים ברפילד,9,9.0,0.0028526148969889066,0.0,0.34444561818648967,0.005405919797992184,1112,1122,1480,828,1135.5
ריצ'רד האריס,9,9.0,0.0028526148969889066,0.0,0.34444561818648967,0.005405919797992184,1112,1122,1480,828,1135.5
אלונה איב,15,15.0,0.004754358161648178,0.00014663340005750296,0.3488202484984343,0.0018599398527289863,946,629,1335,1632,1135.5
אביגדור צברי,9,9.0,0.0028526148969889066,0.0,0.3447191896774444,0.0052611565029480455,1112,1122,1474,840,1137.0
אליה זוהר,9,9.0,0.0028526148969889066,0.0,0.3447191896774444,0.0052611565029480455,1112,1122,1474,840,1137.0
מיכאל שדה,9,9.0,0.0028526148969889066,0.0,0.3447191896774444,0.0052611565029480455,1112,1122,1474,840,1137.0
אלירם דקל,9,9.0,0.0028526148969889066,0.0,0.3502974919644219,0.004234351160244141,1112,1122,1304,1011,1137.25
אריאלה מיניאלי,9,9.0,0.0028526148969889066,0.0,0.3502974919644219,0.004234351160244141,1112,1122,1304,1011,1137.25
בריז'יט קטיון,9,9.0,0.0028526148969889066,0.0,0.3502974919644219,0.004234351160244141,1112,1122,1304,1011,1137.25
מעיין תורג'מן,17,17.0,0.005388272583201268,0.0001833141923350087,0.3481444257234402,0.0015458410073253153,828,598,1354,1769,1137.25
נואל ברקוביץ',18,18.0,0.005705229793977813,6.32677864305104e-05,0.34024544526250916,0.002279131179749009,679,778,1628,1465,1137.5
נאוה ברוכין,9,9.0,0.0028526148969889066,0.0,0.3439029987501259,0.005475562681791225,1112,1122,1498,819,1137.75
יגאל בשן,9,9.0,0.0028526148969889066,0.0,0.3439029987501259,0.005475562681791225,1112,1122,1498,819,1137.75
נטע שפיגלמן,25,26.0,0.00792393026941363,0.0003016335219512007,0.3404613902484326,0.0012580069041502552,539,520,1618,1874,1137.75
עדי טרר,9,9.0,0.0028526148969889066,0.0,0.35303470768661854,0.003652706944396745,1112,1122,1205,1112,1137.75
גליה סודרי,9,9.0,0.0028526148969889066,0.0,0.35303470768661854,0.003652706944396745,1112,1122,1205,1112,1137.75
אביבה יואל,9,9.0,0.0028526148969889066,0.0,0.35303470768661854,0.003652706944396745,1112,1122,1205,1112,1137.75
ג'ני פליישר,9,9.0,0.0028526148969889066,0.0,0.3574327622805124,0.0029111141527019013,1112,1122,1062,1264,1140.0
ניסים לוי,9,9.0,0.0028526148969889066,0.0,0.3574327622805124,0.0029111141527019013,1112,1122,1062,1264,1140.0
דגנית ברק,9,9.0,0.0028526148969889066,0.0,0.3574327622805124,0.0029111141527019013,1112,1122,1062,1264,1140.0
אורלי זילברשץ בנאי,16,16.0,0.005071315372424723,7.669572261479876e-05,0.34347045406786464,0.002415009255031507,902,744,1522,1407,1143.75
ישי לפידות,26,27.0,0.008240887480190175,0.0038264955732592782,0.32460322103306655,0.0012539458778368885,508,137,2052,1878,1143.75
נעמי גרינבאום,8,8.0,0.0025356576862123614,0.0,0.36621710423069626,0.014712932943034003,2320,1122,802,334,1144.5
גיורא שמאי,9,9.0,0.0028526148969889066,0.0,0.3522676186296651,0.0037266562747160794,1112,1122,1241,1103,1144.5
ערן איוניר,15,15.0,0.004754358161648178,0.00015838267164626865,0.3431334728729619,0.0021758503639220197,946,619,1535,1487,1146.75
חן אמסלם-זגורי,20,20.0,0.006339144215530904,0.0002321455225887844,0.3365461742514278,0.001814701693891127,653,559,1733,1645,1147.5
רחל פורמן,9,9.0,0.0028526148969889066,0.0,0.34634651227152313,0.004603336828803016,1112,1122,1409,949,1148.0
זישא גולד,9,9.0,0.0028526148969889066,0.0,0.34634651227152313,0.004603336828803016,1112,1122,1409,949,1148.0
ג'ו ג'אפרי,9,9.0,0.0028526148969889066,0.0,0.34634651227152313,0.004603336828803016,1112,1122,1409,949,1148.0
רובא בלאל-עספור,21,21.0,0.006656101426307449,0.0010913739420442873,0.33330243918393165,0.0013860368029912247,643,315,1813,1824,1148.75
סיגלית תמיר,9,9.0,0.0028526148969889066,0.0,0.35706295584751574,0.002833901842111319,1112,1122,1075,1287,1149.0
אדם קנת,9,9.0,0.0028526148969889066,0.0,0.35706295584751574,0.002833901842111319,1112,1122,1075,1287,1149.0
החוזר בתשובה,9,9.0,0.0028526148969889066,0.0,0.35625015970916046,0.0029460793815997395,1112,1122,1109,1257,1150.0
שיפוצניק,9,9.0,0.0028526148969889066,0.0,0.35625015970916046,0.0029460793815997395,1112,1122,1109,1257,1150.0
יזהר כהן,9,9.0,0.0028526148969889066,0.0,0.35625015970916046,0.0029460793815997395,1112,1122,1109,1257,1150.0
"שפת הבי""ת",9,9.0,0.0028526148969889066,0.0,0.35625015970916046,0.0029460793815997395,1112,1122,1109,1257,1150.0
ריימונד בגסטין,9,9.0,0.0028526148969889066,0.0,0.3560746154539393,0.0029760384995079956,1112,1122,1116,1252,1150.5
"רות חרל""פ",18,18.0,0.005705229793977813,8.781782398310395e-05,0.3362070095114687,0.0022378234350867734,679,716,1734,1474,1150.75
סי היימן,14,14.0,0.0044374009508716325,3.941432560236743e-05,0.3464102515739002,0.002622262239264312,994,858,1408,1353,1153.25
שמוליק טנא,9,9.0,0.0028526148969889066,0.0,0.34940763469483216,0.003964696347715455,1112,1122,1327,1052,1153.25
עמירם גבריאל,9,9.0,0.0028526148969889066,0.0,0.3530279680354813,0.0032940260017322223,1112,1122,1208,1173,1153.75
שי קפון,9,9.0,0.0028526148969889066,0.0,0.3530279680354813,0.0032940260017322223,1112,1122,1208,1173,1153.75
עופר שיקרצי,9,9.0,0.0028526148969889066,0.0,0.3530279680354813,0.0032940260017322223,1112,1122,1208,1173,1153.75
כליל חורש פרחי דקל,9,9.0,0.0028526148969889066,0.0,0.3511931712191199,0.003731096389157563,1112,1122,1280,1102,1154.0
נועה וולמן,15,15.0,0.004754358161648178,3.309635142522775e-05,0.3504864928494434,0.002175273332334299,946,886,1297,1488,1154.25
שרון צוקרמן,16,17.0,0.005071315372424723,3.500964750637089e-05,0.35184455420859156,0.0019880508346903905,902,875,1255,1585,1154.25
דיתה אראל,17,17.0,0.005388272583201268,6.461229445953394e-05,0.34524444279918287,0.0020364746262753995,828,774,1459,1569,1157.5
דוד קוניו,9,9.0,0.0028526148969889066,0.0,0.3595129452082179,0.002430159570294404,1112,1122,997,1403,1158.5
איתן קוניו,9,9.0,0.0028526148969889066,0.0,0.3595129452082179,0.002430159570294404,1112,1122,997,1403,1158.5
גיטה אמלי,9,9.0,0.0028526148969889066,0.0,0.3595129452082179,0.002430159570294404,1112,1122,997,1403,1158.5
חן שילוני,9,9.0,0.0028526148969889066,0.0,0.3569599847964282,0.0027228700198164133,1112,1122,1080,1322,1159.0
שרלין חזיזה,9,9.0,0.0028526148969889066,0.0,0.35667813156800193,0.002761897377191313,1112,1122,1090,1312,1159.0
מיכה אוזין סליאן,9,9.0,0.0028526148969889066,0.0,0.3569599847964282,0.0027228700198164133,1112,1122,1080,1322,1159.0
לינור אברג'יל,9,9.0,0.0028526148969889066,0.0,0.35667813156800193,0.002761897377191313,1112,1122,1090,1312,1159.0
ולדימיר נדסקובסקי,9,9.0,0.0028526148969889066,0.0,0.35381356658230756,0.0031041308296352187,1112,1122,1182,1221,1159.25
ווסולוד גברילוב,9,9.0,0.0028526148969889066,0.0,0.35381356658230756,0.0031041308296352187,1112,1122,1182,1221,1159.25
ולנטינה בויקו,9,9.0,0.0028526148969889066,0.0,0.35381356658230756,0.0031041308296352187,1112,1122,1182,1221,1159.25
נטליה שוורץ,9,9.0,0.0028526148969889066,0.0,0.35381356658230756,0.0031041308296352187,1112,1122,1182,1221,1159.25
שרי צוריאל,15,15.0,0.004754358161648178,4.5499688961768196e-05,0.34159828030645817,0.0028364271032532053,946,830,1581,1284,1160.25
אלי גלפרין,9,9.0,0.0028526148969889066,0.0,0.3557472695539352,0.0028528376849140547,1112,1122,1127,1281,1160.5
שירי מימון,9,9.0,0.0028526148969889066,0.0,0.35725619583419,0.0026770643560886103,1112,1122,1067,1342,1160.75
ליאלי אלקון,9,9.0,0.0028526148969889066,0.0,0.35725619583419,0.0026770643560886103,1112,1122,1067,1342,1160.75
אלה ארמוני,17,17.0,0.005388272583201268,5.640525189590472e-05,0.34298632552963837,0.0022436292938585074,828,791,1552,1473,1161.0
גיל וסרמן,9,9.0,0.0028526148969889066,0.0,0.35216126870756587,0.0033048777211216332,1112,1122,1243,1170,1161.75
דניאל עדן,9,9.0,0.0028526148969889066,0.0,0.35216126870756587,0.0033048777211216332,1112,1122,1243,1170,1161.75
דני פרידמן,9,9.0,0.0028526148969889066,0.0,0.35201586346751057,0.0033327149856742476,1112,1122,1252,1164,1162.5
צבי בומס,9,9.0,0.0028526148969889066,0.0,0.35201586346751057,0.0033327149856742476,1112,1122,1252,1164,1162.5
איבון מיקלוש,9,9.0,0.0028526148969889066,0.0,0.33881921904380835,0.006053222551943597,1112,1122,1672,748,1163.5
ליהי קורנובסקי,18,18.0,0.005705229793977813,0.0004740195393777686,0.34173613318117874,0.0011592029259879912,679,446,1579,1957,1165.25
עמי וינברג,9,9.0,0.0028526148969889066,0.0,0.3463228480246524,0.00418431354953979,1112,1122,1412,1018,1166.0
יואל שר,9,9.0,0.0028526148969889066,0.0,0.3463228480246524,0.00418431354953979,1112,1122,1412,1018,1166.0
אנדי ריצ'מן,9,9.0,0.0028526148969889066,0.0,0.3463228480246524,0.00418431354953979,1112,1122,1412,1018,1166.0
סטפני פץ',9,9.0,0.0028526148969889066,0.0,0.33748679236495094,0.006234169120882618,1112,1122,1701,736,1167.75
הישאם סלימאן,25,25.0,0.00792393026941363,0.00028647523520297896,0.34059844213377566,0.0010865988441943072,539,531,1606,2004,1170.0
יעל גרובגלס,12,12.0,0.003803486529318542,0.00011716532364873164,0.34848332803968424,0.0019379150126988894,1064,669,1350,1598,1170.25
בר פאלי,17,17.0,0.005388272583201268,8.115805684103779e-05,0.3391408701474284,0.002271259359272981,828,731,1660,1466,1171.25
איציק ג'ולי,9,9.0,0.0028526148969889066,0.0,0.3574540700698595,0.002452073003295101,1112,1122,1058,1399,1172.75
ינקול גולדווסר,9,9.0,0.0028526148969889066,0.0,0.3574540700698595,0.002452073003295101,1112,1122,1058,1399,1172.75
דוד דנינו (שחקן),9,9.0,0.0028526148969889066,0.0,0.3574540700698595,0.002452073003295101,1112,1122,1058,1399,1172.75
דורון ציוני,9,9.0,0.0028526148969889066,0.0,0.3542316400217704,0.0028165314338508504,1112,1122,1166,1294,1173.5
ג'ודי קרמרמן,9,9.0,0.0028526148969889066,0.0,0.3542316400217704,0.0028165314338508504,1112,1122,1166,1294,1173.5
דליה פן,9,9.0,0.0028526148969889066,0.0,0.3542316400217704,0.0028165314338508504,1112,1122,1166,1294,1173.5
גרי אקשטיין,9,9.0,0.0028526148969889066,0.0,0.3542316400217704,0.0028165314338508504,1112,1122,1166,1294,1173.5
גני תמיר,12,12.0,0.003803486529318542,7.94890255309294e-05,0.3422197450056162,0.002693425079366197,1064,738,1569,1337,1177.0
בת אל מוסרי,20,21.0,0.006339144215530904,0.0002912644309812809,0.3423625917861708,0.0011496388525189898,653,527,1568,1962,1177.5
אולי שטמברג,9,9.0,0.0028526148969889066,0.0,0.3543559074078355,0.0027522007867520327,1112,1122,1164,1314,1178.0
אביטל אברג'יל,9,9.0,0.0028526148969889066,0.0,0.3543559074078355,0.0027522007867520327,1112,1122,1164,1314,1178.0
אריאלה רובינוביץ',9,9.0,0.0028526148969889066,0.0,0.3372309188891863,0.0057854121380835465,1112,1122,1704,775,1178.25
גיא אריאלי,9,9.0,0.0028526148969889066,0.0,0.3556722735711529,0.002664467173567678,1112,1122,1130,1349,1178.25
לוטם טושינסקי,9,9.0,0.0028526148969889066,0.0,0.3556722735711529,0.002664467173567678,1112,1122,1130,1349,1178.25
אורנה דגן,9,9.0,0.0028526148969889066,0.0,0.3372309188891863,0.0057854121380835465,1112,1122,1704,775,1178.25
בעז שרעבי,9,9.0,0.0028526148969889066,0.0,0.34863709402992915,0.0035004985489971345,1112,1122,1343,1138,1178.75
דנה כץ,9,9.0,0.0028526148969889066,0.0,0.34863709402992915,0.0035004985489971345,1112,1122,1343,1138,1178.75
תמי צפרוני,9,9.0,0.0028526148969889066,0.0,0.34305473025281696,0.004638722705363432,1112,1122,1543,941,1179.5
גליה טופול,9,9.0,0.0028526148969889066,0.0,0.34305473025281696,0.004638722705363432,1112,1122,1543,941,1179.5
נעמי צ'אנס,9,9.0,0.0028526148969889066,0.0,0.34305473025281696,0.004638722705363432,1112,1122,1543,941,1179.5
ביטוש דוידוב,9,9.0,0.0028526148969889066,0.0,0.34305473025281696,0.004638722705363432,1112,1122,1543,941,1179.5
הלית קתמור,9,9.0,0.0028526148969889066,0.0,0.34305473025281696,0.004638722705363432,1112,1122,1543,941,1179.5
ברוך ברנר,10,11.0,0.003169572107765452,3.270062665753085e-05,0.35088806808761175,0.0023366743546978166,1105,887,1290,1445,1181.75
צביקה כרמון,9,9.0,0.0028526148969889066,0.0,0.3527120594736798,0.002891264715638899,1112,1122,1227,1270,1182.75
אורן שבו,9,9.0,0.0028526148969889066,0.0,0.35480624414238326,0.0026689482542078882,1112,1122,1153,1344,1182.75
קובי אשרת,9,9.0,0.0028526148969889066,0.0,0.35480624414238326,0.0026689482542078882,1112,1122,1153,1344,1182.75
ג'ק אדליסט,9,9.0,0.0028526148969889066,0.0,0.35480624414238326,0.0026689482542078882,1112,1122,1153,1344,1182.75
מאירי ישראל מוג'בר,9,9.0,0.0028526148969889066,0.0,0.35480624414238326,0.0026689482542078882,1112,1122,1153,1344,1182.75
רות ליברמן,9,9.0,0.0028526148969889066,0.0,0.3527120594736798,0.002891264715638899,1112,1122,1227,1270,1182.75
דליה כהן,9,9.0,0.0028526148969889066,0.0,0.34600379885484384,0.003777354934350891,1112,1122,1418,1084,1184.0
ריטה טאשינגהם,9,9.0,0.0028526148969889066,0.0,0.34600379885484384,0.003777354934350891,1112,1122,1418,1084,1184.0
שירה שפירא,9,9.0,0.0028526148969889066,0.0,0.34600379885484384,0.003777354934350891,1112,1122,1418,1084,1184.0
מיקי רוני,9,9.0,0.0028526148969889066,0.0,0.34600379885484384,0.003777354934350891,1112,1122,1418,1084,1184.0
רחל לוי,9,9.0,0.0028526148969889066,0.0,0.34600379885484384,0.003777354934350891,1112,1122,1418,1084,1184.0
לאונרד ויטינג,9,9.0,0.0028526148969889066,0.0,0.34600379885484384,0.003777354934350891,1112,1122,1418,1084,1184.0
דין ליאור,9,9.0,0.0028526148969889066,0.0,0.35261701769571413,0.0028746805389052166,1112,1122,1230,1274,1184.5
ענת טופול,9,9.0,0.0028526148969889066,0.0,0.350600975296026,0.003110445485492143,1112,1122,1295,1213,1185.5
רחלי חיאמיאן,9,9.0,0.0028526148969889066,0.0,0.350600975296026,0.003110445485492143,1112,1122,1295,1213,1185.5
מיכאלה ברקו,9,9.0,0.0028526148969889066,0.0,0.34658101406838815,0.003653364256498635,1112,1122,1401,1111,1186.5
אלונה שאולוף,9,9.0,0.0028526148969889066,0.0,0.3562742632894259,0.002409402916067591,1112,1122,1106,1410,1187.5
רז דדי,9,9.0,0.0028526148969889066,0.0,0.3562742632894259,0.002409402916067591,1112,1122,1106,1410,1187.5
אנה סטפן,14,14.0,0.0044374009508716325,5.3583499656556606e-05,0.3444908885094242,0.002186711830643977,994,798,1477,1486,1188.75
אריאל כהן,9,9.0,0.0028526148969889066,0.0,0.3579514890769525,0.0022356172020821037,1112,1122,1048,1476,1189.5
נעמה פרייס,15,15.0,0.004754358161648178,9.26452875591063e-05,0.34333703780439334,0.001999884097767331,946,702,1530,1582,1190.0
רותי אסרסאי,10,10.0,0.003169572107765452,8.876551744896682e-05,0.3447582393173869,0.0022373897364406222,1105,711,1473,1475,1191.0
אלפי אשקה,9,9.0,0.0028526148969889066,0.0,0.3366544963536737,0.00564124339077412,1112,1122,1728,804,1191.5
יואל רוזנקיאר,23,24.0,0.007290015847860539,0.00032959587283789817,0.33407546375141656,0.001213177088041095,591,504,1789,1891,1193.75
אסנת עופר,18,18.0,0.005705229793977813,0.00011671813526425072,0.33294864548697295,0.0019079407352197368,679,670,1824,1608,1195.25
ערן שדר,9,9.0,0.0028526148969889066,0.0,0.3492152602413563,0.003098579850650068,1112,1122,1328,1226,1197.0
אבי יפה,9,9.0,0.0028526148969889066,0.0,0.3492152602413563,0.003098579850650068,1112,1122,1328,1226,1197.0
מיטל סגל,9,9.0,0.0028526148969889066,0.0,0.3492152602413563,0.003098579850650068,1112,1122,1328,1226,1197.0
מיכאל כפיר,17,17.0,0.005388272583201268,8.098309583506344e-05,0.3389246889518219,0.0020445247613176524,828,732,1665,1567,1198.0
ג'ון שי,9,9.0,0.0028526148969889066,0.0,0.3515803146665064,0.0028162735840582295,1112,1122,1267,1298,1199.75
קלי מקגיליס,9,9.0,0.0028526148969889066,0.0,0.3515803146665064,0.0028162735840582295,1112,1122,1267,1298,1199.75
כריסטין בואסון,9,9.0,0.0028526148969889066,0.0,0.3515803146665064,0.0028162735840582295,1112,1122,1267,1298,1199.75
סיסי פיץ,9,9.0,0.0028526148969889066,0.0,0.3372966917021732,0.005079906511514558,1112,1122,1703,872,1202.25
שאול שלחין,9,9.0,0.0028526148969889066,0.0,0.34251208489714263,0.00406228361139348,1112,1122,1563,1031,1207.0
דורית שור,9,9.0,0.0028526148969889066,0.0,0.34251208489714263,0.00406228361139348,1112,1122,1563,1031,1207.0
עדי טופול,9,9.0,0.0028526148969889066,0.0,0.35385248245438927,0.0023576728247807193,1112,1122,1179,1434,1211.75
בקי גריפין,9,9.0,0.0028526148969889066,0.0,0.3528305980515341,0.0024717829049354786,1112,1122,1224,1392,1212.5
ניסן יתיר,14,14.0,0.0044374009508716325,4.138514339129966e-06,0.3338078749422973,0.00433937428087598,994,1059,1802,995,1212.5
אמיר שורוש,14,14.0,0.0044374009508716325,0.0005055919333025812,0.34366308698417736,0.0011952598493646751,994,431,1509,1917,1212.75
גבריאל הדר,9,9.0,0.0028526148969889066,0.0,0.35206509847766776,0.002525166982225613,1112,1122,1247,1371,1213.0
ישראל קסלר,9,9.0,0.0028526148969889066,0.0,0.35206509847766776,0.002525166982225613,1112,1122,1247,1371,1213.0
זבולון מושיאשווילי,9,9.0,0.0028526148969889066,0.0,0.35206509847766776,0.002525166982225613,1112,1122,1247,1371,1213.0
נחום בוכמן,9,9.0,0.0028526148969889066,0.0,0.33990634682288934,0.00439932372329061,1112,1122,1640,986,1215.0
שרון מלכי,9,9.0,0.0028526148969889066,0.0,0.3502566028809653,0.002733704367212515,1112,1122,1309,1319,1215.5
יהודה גרובייס,14,14.0,0.0044374009508716325,0.0005308352504073763,0.33611890559231333,0.001692836539718508,994,425,1738,1705,1215.5
יעל נבי,9,9.0,0.0028526148969889066,0.0,0.3502566028809653,0.002733704367212515,1112,1122,1309,1319,1215.5
אייל נחמיאס,22,22.0,0.006973058637083994,0.0005055119244427499,0.3287998166028436,0.0012175893335708528,621,432,1922,1888,1215.75
ויטלי פרידלנד,14,14.0,0.0044374009508716325,3.939623786253805e-05,0.34322408914231034,0.002208959951254111,994,859,1533,1481,1216.75
אורן יאדגר,9,9.0,0.0028526148969889066,0.0,0.3511400146305259,0.002567622070786678,1112,1122,1281,1362,1219.25
מיכל גבריאלוב,9,9.0,0.0028526148969889066,0.0,0.3511400146305259,0.002567622070786678,1112,1122,1281,1362,1219.25
ג'וני פיליפס,14,14.0,0.0044374009508716325,4.320202770098874e-05,0.33856224926595224,0.0025041611893363482,994,835,1678,1376,1220.75
יעל פוליאקוב,16,16.0,0.005071315372424723,0.0001054193843909241,0.3360741736034985,0.0020469570420184042,902,686,1739,1564,1222.75
ג'יטה מונטה,13,13.0,0.004120443740095087,5.4433200567008916e-05,0.34237332258026926,0.002158700614105968,1037,797,1567,1492,1223.25
מירה עווד,9,9.0,0.0028526148969889066,0.0,0.3539786713852447,0.002154128473438718,1112,1122,1175,1493,1225.5
אלי דור חיים,9,9.0,0.0028526148969889066,0.0,0.3539786713852447,0.002154128473438718,1112,1122,1175,1493,1225.5
יסמין עיון,9,9.0,0.0028526148969889066,0.0,0.3539786713852447,0.002154128473438718,1112,1122,1175,1493,1225.5
ענבל ניר (בר אור),9,9.0,0.0028526148969889066,0.0,0.3539786713852447,0.002154128473438718,1112,1122,1175,1493,1225.5
יו מסנזה,9,9.0,0.0028526148969889066,0.0,0.3465903570980207,0.0028664976092809924,1112,1122,1397,1276,1226.75
סנדרה שונוולד,9,9.0,0.0028526148969889066,0.0,0.3465903570980207,0.0028664976092809924,1112,1122,1397,1276,1226.75
סיאבונגה מלונגיסי שיבה,9,9.0,0.0028526148969889066,0.0,0.3465903570980207,0.0028664976092809924,1112,1122,1397,1276,1226.75
סיאבוננגה מלונגיסי שיבה,9,9.0,0.0028526148969889066,0.0,0.3465903570980207,0.0028664976092809924,1112,1122,1397,1276,1226.75
יעקב ניצן,9,9.0,0.0028526148969889066,0.0,0.33766152283946127,0.0044391348825326025,1112,1122,1697,980,1227.75
שרון צור,13,13.0,0.004120443740095087,4.0398186941270774e-05,0.33819668772772393,0.002680152006542537,1037,850,1684,1340,1227.75
שחר קול,9,9.0,0.0028526148969889066,0.0,0.33766152283946127,0.0044391348825326025,1112,1122,1697,980,1227.75
ג'וליה לוי בוקן,9,9.0,0.0028526148969889066,0.0,0.34660764644117115,0.0028523081291722792,1112,1122,1396,1282,1228.0
שני אטיאס,18,18.0,0.005705229793977813,0.0001137030529127232,0.33487237455613633,0.0014615617029719477,679,674,1772,1790,1228.75
יונתן ברק,17,17.0,0.005388272583201268,0.0001739751133362454,0.3374519746409593,0.001489688136275327,828,605,1702,1781,1229.0
יהודה נהרי הלוי,18,18.0,0.005705229793977813,0.0002866458959595292,0.3322005086197861,0.0012696891042530316,679,530,1841,1867,1229.25
אבי הררי,9,9.0,0.0028526148969889066,0.0,0.3476207974666243,0.002733660420716709,1112,1122,1366,1321,1230.25
איתמר גלוקסמן,14,14.0,0.0044374009508716325,2.208809757797936e-05,0.3480528781018916,0.001855177979203336,994,941,1357,1633,1231.25
ניב מג'ר,26,26.0,0.008240887480190175,0.0006818714504867006,0.32466070395815555,0.0011013626475103026,508,388,2051,1990,1234.25
ליילה מלקוס,9,9.0,0.0028526148969889066,0.0,0.3480913280852954,0.002664652625070418,1112,1122,1355,1348,1234.25
גילה גולדשטיין,17,17.0,0.005388272583201268,0.00015919943055543078,0.3342222925826112,0.0016595565772500659,828,618,1783,1714,1235.75
אליה לסרי,9,9.0,0.0028526148969889066,0.0,0.3560247204614257,0.00195985212470665,1112,1122,1119,1591,1236.0
ניב סולטן,20,20.0,0.006339144215530904,0.00021158121397009695,0.33367613755871606,0.0011780195694998754,653,573,1803,1932,1240.25
צבי שטולפר,9,9.0,0.0028526148969889066,0.0,0.3458164093049995,0.0028150945545429304,1112,1122,1427,1301,1240.5
עמוס גיתאי,9,9.0,0.0028526148969889066,0.0,0.3458164093049995,0.0028150945545429304,1112,1122,1427,1301,1240.5
מנחם גולן,9,9.0,0.0028526148969889066,0.0,0.3458164093049995,0.0028150945545429304,1112,1122,1427,1301,1240.5
גליה שפרינג,9,9.0,0.0028526148969889066,0.0,0.3458164093049995,0.0028150945545429304,1112,1122,1427,1301,1240.5
מאיה אנגלר,9,9.0,0.0028526148969889066,0.0,0.35160447477101137,0.0022651739585576344,1112,1122,1265,1468,1241.75
איתמר כהן,9,9.0,0.0028526148969889066,0.0,0.35160447477101137,0.0022651739585576344,1112,1122,1265,1468,1241.75
אלישבע וייל,15,15.0,0.004754358161648178,5.1010227501710966e-05,0.34432093371737194,0.0016225684350342432,946,809,1485,1735,1243.75
שמואל בונים,9,9.0,0.0028526148969889066,0.0,0.33950082042872365,0.0037048243016052015,1112,1122,1650,1105,1247.25
דניאל דובלינו,7,7.0,0.0022187004754358162,0.0,0.3675727645286923,0.007784087179894173,2502,1122,756,610,1247.5
פרנקו ג’ורנלי,7,7.0,0.0022187004754358162,0.0,0.3675727645286923,0.007784087179894173,2502,1122,756,610,1247.5
קרלו דה מאיו,7,7.0,0.0022187004754358162,0.0,0.3675727645286923,0.007784087179894173,2502,1122,756,610,1247.5
קטיה כריסטין,7,7.0,0.0022187004754358162,0.0,0.3675727645286923,0.007784087179894173,2502,1122,756,610,1247.5
נעם מאירי,9,9.0,0.0028526148969889066,0.0,0.3494617067033725,0.0023663593694342364,1112,1122,1326,1431,1247.75
רנן שור,9,9.0,0.0028526148969889066,0.0,0.35124820007397556,0.0022131766437859224,1112,1122,1279,1480,1248.25
גאיה טראוב,10,10.0,0.003169572107765452,1.0652334921469179e-05,0.3499927775615257,0.0020420823986612023,1105,1004,1316,1568,1248.25
נטע סובול,7,7.0,0.0022187004754358162,0.0,0.368516100445593,0.007611899205251549,2502,1122,746,624,1248.5
מאירה שור,8,8.0,0.0025356576862123614,0.0,0.35982741287696113,0.008104791811043236,2320,1122,981,585,1252.0
סיי גיטין,8,8.0,0.0025356576862123614,0.0,0.35982741287696113,0.008104791811043236,2320,1122,981,585,1252.0
אילנה רובינא,8,8.0,0.0025356576862123614,0.0,0.35982741287696113,0.008104791811043236,2320,1122,981,585,1252.0
ירמי קדושי,20,26.0,0.006339144215530904,0.00022192747252968134,0.32646335650581004,0.001410903604170895,653,564,1986,1810,1253.25
אבי סויסה,20,26.0,0.006339144215530904,0.00022192747252968134,0.32646335650581004,0.001410903604170895,653,564,1986,1810,1253.25
אירית סוקי,14,14.0,0.0044374009508716325,5.2751796804438894e-05,0.3382749210675712,0.002091911900141233,994,801,1683,1536,1253.5
בן-גוריון שמש,9,9.0,0.0028526148969889066,0.0,0.3295200443566072,0.005013708935314785,1112,1122,1904,880,1254.5
"ד""ר שוקי חפציבה",9,9.0,0.0028526148969889066,0.0,0.3295200443566072,0.005013708935314785,1112,1122,1904,880,1254.5
"סמי (שמואל), האמרגן בן-גוריון שמש",9,9.0,0.0028526148969889066,0.0,0.3295200443566072,0.005013708935314785,1112,1122,1904,880,1254.5
דינה פוקסמן,9,9.0,0.0028526148969889066,0.0,0.3295200443566072,0.005013708935314785,1112,1122,1904,880,1254.5
זיגי פוקסמן,9,9.0,0.0028526148969889066,0.0,0.3295200443566072,0.005013708935314785,1112,1122,1904,880,1254.5
גילה זינגר,9,9.0,0.0028526148969889066,0.0,0.3295200443566072,0.005013708935314785,1112,1122,1904,880,1254.5
דבי בסרגליק,9,9.0,0.0028526148969889066,0.0,0.34345990553879635,0.002903324035258426,1112,1122,1523,1268,1256.25
איילת קורץ,8,8.0,0.0025356576862123614,0.0,0.36243960058431646,0.006734598498255547,2320,1122,899,685,1256.5
גל הויברגר,9,9.0,0.0028526148969889066,0.0,0.3485558572296231,0.002329981115869907,1112,1122,1346,1448,1257.0
בר מיניאלי,17,17.0,0.005388272583201268,8.843732195559713e-05,0.33410775027117073,0.0017033362232077068,828,714,1788,1703,1258.25
דין מירושניקוב,22,22.0,0.006973058637083994,0.0007763038530783133,0.32749530948356714,0.0009900805081186888,621,369,1960,2083,1258.25
תמרה קלינגון,18,18.0,0.005705229793977813,0.0012913587748677703,0.3268277654948791,0.000954256923092516,679,295,1970,2099,1260.75
הילה מצקר,15,15.0,0.004754358161648178,0.002252908053248342,0.3368303948163262,0.000854431548826752,946,217,1719,2178,1265.0
פנינה רוזנבלום,9,9.0,0.0028526148969889066,0.0,0.33792427411086373,0.0034882739908079553,1112,1122,1687,1146,1266.75
מתי אטלס,18,18.0,0.005705229793977813,0.0003374527667418351,0.33555260345212534,0.0009294291408164627,679,499,1761,2130,1267.25
מוריה אקונס,18,18.0,0.005705229793977813,0.00021331045803251939,0.3288032691223084,0.0012076978336579799,679,571,1921,1901,1268.0
רננה רז,16,17.0,0.005071315372424723,2.785706862690052e-05,0.33751235256493894,0.0020351727185126157,902,910,1699,1570,1270.25
מיכאל וייגל,16,17.0,0.005071315372424723,2.785706862690052e-05,0.33751235256493894,0.0020351727185126157,902,910,1699,1570,1270.25
רותי נבון,9,9.0,0.0028526148969889066,0.0,0.35060610468752995,0.0020482620225637524,1112,1122,1293,1558,1271.25
מארק רוזנבאום,9,9.0,0.0028526148969889066,0.0,0.35060610468752995,0.0020482620225637524,1112,1122,1293,1558,1271.25
מיקי ורשביאק,9,9.0,0.0028526148969889066,0.0,0.3456861680747711,0.002387848414899611,1112,1122,1435,1417,1271.5
יאיר (קויה) רובין,9,9.0,0.0028526148969889066,0.0,0.3456861680747711,0.002387848414899611,1112,1122,1435,1417,1271.5
טינקרבל (רוית רוזן),9,9.0,0.0028526148969889066,0.0,0.34306154549885653,0.0027483316174074296,1112,1122,1538,1317,1272.25
אודליה חן,9,9.0,0.0028526148969889066,0.0,0.33956591063016,0.0031084017236627554,1112,1122,1645,1215,1273.5
איתן מסורי,9,9.0,0.0028526148969889066,0.0,0.33956591063016,0.0031084017236627554,1112,1122,1645,1215,1273.5
דנה טיילור,9,9.0,0.0028526148969889066,0.0,0.33956591063016,0.0031084017236627554,1112,1122,1645,1215,1273.5
מוניקה טסלר,9,9.0,0.0028526148969889066,0.0,0.33956591063016,0.0031084017236627554,1112,1122,1645,1215,1273.5
טומי טיילור,9,9.0,0.0028526148969889066,0.0,0.33956591063016,0.0031084017236627554,1112,1122,1645,1215,1273.5
"אזרח עובד צה""ל",9,9.0,0.0028526148969889066,0.0,0.3454781656069138,0.0023876767664714527,1112,1122,1442,1419,1273.75
אלי זעירא,9,9.0,0.0028526148969889066,0.0,0.3454781656069138,0.0023876767664714527,1112,1122,1442,1419,1273.75
אביעזר יערי,9,9.0,0.0028526148969889066,0.0,0.3454781656069138,0.0023876767664714527,1112,1122,1442,1419,1273.75
אלוף,9,9.0,0.0028526148969889066,0.0,0.3454781656069138,0.0023876767664714527,1112,1122,1442,1419,1273.75
סימן טוב בנימין,9,9.0,0.0028526148969889066,0.0,0.3454781656069138,0.0023876767664714527,1112,1122,1442,1419,1273.75
זיזי (זוסיה) קניאזר,9,9.0,0.0028526148969889066,0.0,0.3454781656069138,0.0023876767664714527,1112,1122,1442,1419,1273.75
מיכל פורס,9,9.0,0.0028526148969889066,0.0,0.34444662855494135,0.00245586385394989,1112,1122,1478,1396,1277.0
שמוליק שילה,9,9.0,0.0028526148969889066,0.0,0.34444662855494135,0.00245586385394989,1112,1122,1478,1396,1277.0
מוטי בהרב,9,9.0,0.0028526148969889066,0.0,0.3341531013476203,0.0037521089069699875,1112,1122,1784,1093,1277.75
גד קינר,9,9.0,0.0028526148969889066,0.0,0.3341531013476203,0.0037521089069699875,1112,1122,1784,1093,1277.75
שמוליק עצמון,9,9.0,0.0028526148969889066,0.0,0.3341531013476203,0.0037521089069699875,1112,1122,1784,1093,1277.75
יוסי יזרעאלי,9,9.0,0.0028526148969889066,0.0,0.3453459276011965,0.00234246377613645,1112,1122,1455,1440,1282.25
טס השילוני,9,9.0,0.0028526148969889066,0.0,0.3453459276011965,0.00234246377613645,1112,1122,1455,1440,1282.25
סלבה צ'פלין,9,9.0,0.0028526148969889066,0.0,0.3453459276011965,0.00234246377613645,1112,1122,1455,1440,1282.25
ביאה ברוקס,9,9.0,0.0028526148969889066,0.0,0.3497403038998283,0.001919687215128036,1112,1122,1320,1605,1289.75
זאב טנא,9,9.0,0.0028526148969889066,0.0,0.3497403038998283,0.001919687215128036,1112,1122,1320,1605,1289.75
דינה בליי-שור,17,17.0,0.005388272583201268,7.354269102102214e-05,0.33361595524790943,0.0015192451130435203,828,753,1807,1776,1291.0
דפנה אילת,8,8.0,0.0025356576862123614,0.0,0.3557329539419149,0.007946221580386454,2320,1122,1129,595,1291.5
גפן ברקאי,18,18.0,0.005705229793977813,0.00012097420294563181,0.3358310335890704,0.0010069593341911884,679,666,1751,2074,1292.5
בהשתתפות,9,9.0,0.0028526148969889066,0.0,0.35234277137755554,0.0016990727987483414,1112,1122,1232,1704,1292.5
דן מנור,9,9.0,0.0028526148969889066,0.0,0.3476610734205174,0.002006124254779493,1112,1122,1364,1575,1293.25
איגור מירקורבנוב,9,9.0,0.0028526148969889066,0.0,0.3476610734205174,0.002006124254779493,1112,1122,1364,1575,1293.25
ניר שטראוס,15,15.0,0.004754358161648178,8.473077848989331e-05,0.3310488057781376,0.0018216611194171383,946,721,1866,1644,1294.25
דודו ניב,16,16.0,0.005071315372424723,8.1942506333037e-05,0.3347101378500659,0.0014832640737726139,902,729,1773,1782,1296.5
חיים שנער,9,9.0,0.0028526148969889066,0.0,0.3403555209338859,0.002708429748743578,1112,1122,1623,1329,1296.5
ציפורה וילצ'ר,9,9.0,0.0028526148969889066,0.0,0.3403555209338859,0.0027084297487435776,1112,1122,1623,1330,1296.75
יהלי ברגמן,9,9.0,0.0028526148969889066,0.0,0.3470074186731154,0.0020465745954722013,1112,1122,1392,1565,1297.75
קובי הגואל,9,9.0,0.0028526148969889066,0.0,0.3470074186731154,0.0020465745954722013,1112,1122,1392,1565,1297.75
דנה ידלין,11,13.0,0.003486529318541997,2.2615658404287948e-05,0.3434962420891135,0.0018062523107635405,1088,935,1521,1649,1298.25
ויקי לין,9,9.0,0.0028526148969889066,0.0,0.3450327809339879,0.0021438968251746627,1112,1122,1460,1501,1298.75
באוצ'י צ'אן,9,9.0,0.0028526148969889066,0.0,0.3450327809339879,0.0021438968251746627,1112,1122,1460,1501,1298.75
דפנה שפיגלמן,9,9.0,0.0028526148969889066,0.0,0.3450327809339879,0.0021438968251746627,1112,1122,1460,1501,1298.75
נטע ענבר,9,9.0,0.0028526148969889066,0.0,0.3450327809339879,0.0021438968251746627,1112,1122,1460,1501,1298.75
רוני יוריה,9,9.0,0.0028526148969889066,0.0,0.3450327809339879,0.0021438968251746627,1112,1122,1460,1501,1298.75
ליהי חנוך,8,8.0,0.0025356576862123614,0.0,0.3576971040701431,0.006511455526598834,2320,1122,1055,708,1301.25
הצ'רצ'ילים,8,8.0,0.0025356576862123614,0.0,0.3576971040701431,0.006511455526598834,2320,1122,1055,708,1301.25
דניאלה חלפון,9,9.0,0.0028526148969889066,0.0,0.3443262848614976,0.002166762968289567,1112,1122,1483,1490,1301.75
זיינב מנסור,9,9.0,0.0028526148969889066,0.0,0.3443262848614976,0.002166762968289567,1112,1122,1483,1490,1301.75
קים אור אזולאי,26,26.0,0.008240887480190175,0.00033004246396419406,0.3218193631685736,0.0009689126602629131,508,503,2112,2085,1302.0
שחר סורק,8,8.0,0.0025356576862123614,0.0,0.36126099396059896,0.005241936909816566,2320,1122,935,847,1306.0
פול מקגאן,9,9.0,0.0028526148969889066,0.0,0.3447612590748783,0.0021090583396151763,1112,1122,1468,1525,1306.75
נאדים סוואלחה,9,9.0,0.0028526148969889066,0.0,0.3447612590748783,0.0021090583396151763,1112,1122,1468,1525,1306.75
סוזן סילבסטר,9,9.0,0.0028526148969889066,0.0,0.3447612590748783,0.0021090583396151763,1112,1122,1468,1525,1306.75
הנס פטר האלווקס,9,9.0,0.0028526148969889066,0.0,0.3447612590748783,0.0021090583396151763,1112,1122,1468,1525,1306.75
ג'ון פינץ',9,9.0,0.0028526148969889066,0.0,0.3447612590748783,0.0021090583396151763,1112,1122,1468,1525,1306.75
רעות לב,9,9.0,0.0028526148969889066,0.0,0.3465159507689656,0.0019345766603973756,1112,1122,1402,1600,1309.0
מירי זמיר,5,5.0,0.001584786053882726,0.0,0.3733567583505833,0.0068507217865847805,2787,1122,654,673,1309.0
יונתן אלסטר,9,9.0,0.0028526148969889066,0.0,0.3465159507689656,0.0019345766603973756,1112,1122,1402,1600,1309.0
דוד ברקוביץ',9,9.0,0.0028526148969889066,0.0,0.3465159507689656,0.0019345766603973756,1112,1122,1402,1600,1309.0
דניאל אדרי,9,9.0,0.0028526148969889066,0.0,0.33884974005340596,0.0026966897574680435,1112,1122,1671,1336,1310.25
מרינה מקסימיליאן,9,9.0,0.0028526148969889066,0.0,0.3472868223565214,0.0018547691912178432,1112,1122,1373,1634,1310.25
אוליאנה סתווי,9,9.0,0.0028526148969889066,0.0,0.3472868223565214,0.0018547691912178432,1112,1122,1373,1634,1310.25
מולי שולמן,9,9.0,0.0028526148969889066,0.0,0.34771323332578463,0.0017823900297904661,1112,1122,1362,1656,1313.0
יעל בן דור,9,9.0,0.0028526148969889066,0.0,0.3456573538389351,0.0019678718080910693,1112,1122,1437,1588,1314.75
מאיה גורקין,9,9.0,0.0028526148969889066,0.0,0.3456573538389351,0.0019678718080910693,1112,1122,1437,1588,1314.75
גרט הופמן,8,8.0,0.0025356576862123614,0.0,0.35586113495134925,0.006530133597696355,2320,1122,1121,704,1316.75
אסתר עופרים,8,8.0,0.0025356576862123614,0.0,0.35586113495134925,0.006530133597696355,2320,1122,1121,704,1316.75
דליה לביא,8,8.0,0.0025356576862123614,0.0,0.35586113495134925,0.006530133597696355,2320,1122,1121,704,1316.75
מירי בן-חיים,9,9.0,0.0028526148969889066,0.0,0.3393721860834594,0.002480722091270896,1112,1122,1652,1387,1318.25
מרים נבו,9,9.0,0.0028526148969889066,0.0,0.3393721860834594,0.002480722091270896,1112,1122,1652,1387,1318.25
עאבד זועבי,9,9.0,0.0028526148969889066,0.0,0.34727865708368105,0.001752890126131032,1112,1122,1375,1668,1319.25
חגית קלר,9,9.0,0.0028526148969889066,0.0,0.34727865708368105,0.001752890126131032,1112,1122,1375,1668,1319.25
זאב רז,9,9.0,0.0028526148969889066,0.0,0.34727865708368105,0.001752890126131032,1112,1122,1375,1668,1319.25
טטיאנה בלאכר,9,9.0,0.0028526148969889066,0.0,0.34727865708368105,0.001752890126131032,1112,1122,1375,1668,1319.25
קונטסה,9,9.0,0.0028526148969889066,0.0,0.3405996935057562,0.0023050151700675756,1112,1122,1602,1453,1322.25
מיכאל גולן גלמי,9,9.0,0.0028526148969889066,0.0,0.3405996935057562,0.0023050151700675756,1112,1122,1602,1453,1322.25
אסף,9,9.0,0.0028526148969889066,0.0,0.3405996935057562,0.0023050151700675756,1112,1122,1602,1453,1322.25
בילי,9,9.0,0.0028526148969889066,0.0,0.3405996935057562,0.0023050151700675756,1112,1122,1602,1453,1322.25
איה וירוב,7,7.0,0.0022187004754358162,0.0,0.36075960552637754,0.006417566665937008,2502,1122,948,720,1323.0
ליאת פנסקי,7,7.0,0.0022187004754358162,0.0,0.36075960552637754,0.006417566665937008,2502,1122,948,720,1323.0
מרתה רתיק,9,9.0,0.0028526148969889066,0.0,0.3458480851738509,0.001827378296138354,1112,1122,1424,1639,1324.25
סימון רוזנפלד,9,9.0,0.0028526148969889066,0.0,0.3458480851738509,0.001827378296138354,1112,1122,1424,1639,1324.25
יוסף קמר,9,9.0,0.0028526148969889066,0.0,0.3458480851738509,0.001827378296138354,1112,1122,1424,1639,1324.25
מעין קרת,15,15.0,0.004754358161648178,2.6635992119676626e-05,0.33429595367859555,0.001777958746133259,946,917,1781,1657,1325.25
רותם סלע,27,27.0,0.00855784469096672,0.0006081656595014462,0.3178015584648464,0.0007589808362290716,470,402,2220,2221,1328.25
אור לומברוזו,9,9.0,0.0028526148969889066,0.0,0.34401933434559495,0.001945147575996806,1112,1122,1495,1592,1330.25
אברהם זגדון,9,9.0,0.0028526148969889066,0.0,0.34401933434559495,0.001945147575996806,1112,1122,1495,1592,1330.25
רבקה רז,8,8.0,0.0025356576862123614,0.0,0.3627361084740772,0.004384777491829484,2320,1122,893,989,1331.0
אלעד קידן,9,9.0,0.0028526148969889066,0.0,0.3429737364221877,0.002085775601660393,1112,1122,1553,1539,1331.5
עביר חדאד,9,9.0,0.0028526148969889066,0.0,0.3429737364221877,0.002085775601660393,1112,1122,1553,1539,1331.5
אילאי ברז'נסקי,9,9.0,0.0028526148969889066,0.0,0.34972355123883025,0.0014741532861481624,1112,1122,1322,1785,1335.25
נתן גושן,9,9.0,0.0028526148969889066,0.0,0.34972355123883025,0.0014741532861481624,1112,1122,1322,1785,1335.25
עמית מושקוביץ,9,9.0,0.0028526148969889066,0.0,0.3472059055378079,0.0016218821349221226,1112,1122,1383,1736,1338.25
לירון לב,9,9.0,0.0028526148969889066,0.0,0.33769123676060453,0.002376657086745864,1112,1122,1695,1428,1339.25
יטוס,9,9.0,0.0028526148969889066,0.0,0.33769123676060453,0.002376657086745864,1112,1122,1695,1428,1339.25
אריה קלוזנר,9,9.0,0.0028526148969889066,0.0,0.34356691106048787,0.0018894608966802345,1112,1122,1510,1615,1339.75
עמוס עוז,9,9.0,0.0028526148969889066,0.0,0.34356691106048787,0.0018894608966802345,1112,1122,1510,1615,1339.75
מאיה קדישמן,9,9.0,0.0028526148969889066,0.0,0.3307273164772344,0.002885914622313047,1112,1122,1872,1273,1344.75
קת'לין קווינלן,9,9.0,0.0028526148969889066,0.0,0.33703452815089985,0.0023476909607481,1112,1122,1710,1435,1344.75
נעמי שרון,9,9.0,0.0028526148969889066,0.0,0.33703452815089985,0.0023476909607481,1112,1122,1710,1435,1344.75
ציפורה פלד,9,9.0,0.0028526148969889066,0.0,0.33703452815089985,0.0023476909607481,1112,1122,1710,1435,1344.75
סטיבן מאכט,9,9.0,0.0028526148969889066,0.0,0.33703452815089985,0.0023476909607481,1112,1122,1710,1435,1344.75
בריאן ארון,9,9.0,0.0028526148969889066,0.0,0.33703452815089985,0.0023476909607481,1112,1122,1710,1435,1344.75
מלאני פרס,9,9.0,0.0028526148969889066,0.0,0.3454474720837846,0.001656004026150455,1112,1122,1448,1718,1350.0
אליה דהן,9,9.0,0.0028526148969889066,0.0,0.3454474720837846,0.001656004026150455,1112,1122,1448,1718,1350.0
נורמאן עיסא,9,9.0,0.0028526148969889066,0.0,0.3454474720837846,0.001656004026150455,1112,1122,1448,1718,1350.0
דנה מיינרט,14,14.0,0.0044374009508716325,0.0008701508161313011,0.3276640503855373,0.0009538460933034035,994,355,1951,2100,1350.0
דניאל נפוליטאנו,9,9.0,0.0028526148969889066,0.0,0.34260428909640683,0.0019162006160602834,1112,1122,1561,1607,1350.5
מקסי בלום,9,9.0,0.0028526148969889066,0.0,0.3442545294268467,0.001722204681069103,1112,1122,1487,1690,1352.75
נאזי רבאח,9,9.0,0.0028526148969889066,0.0,0.3442545294268467,0.001722204681069103,1112,1122,1487,1690,1352.75
חסון ווהבה,9,9.0,0.0028526148969889066,0.0,0.3442545294268467,0.001722204681069103,1112,1122,1487,1690,1352.75
ענת חן,9,9.0,0.0028526148969889066,0.0,0.3442545294268467,0.001722204681069103,1112,1122,1487,1690,1352.75
בועז עופרי,9,9.0,0.0028526148969889066,0.0,0.3442545294268467,0.001722204681069103,1112,1122,1487,1690,1352.75
אהרון אלמוג,13,13.0,0.004120443740095087,9.973284460841827e-06,0.32671579544102924,0.0024832687238059226,1037,1012,1977,1386,1353.0
אימרי ביטון,13,13.0,0.004120443740095087,3.9834669374559306e-05,0.33555782935899503,0.0015479528665963283,1037,857,1760,1766,1355.0
פול ל. סמית',7,7.0,0.0022187004754358162,0.0,0.3581207523001518,0.006011003419934514,2502,1122,1046,756,1356.5
מה-נניטה דה לטורה,9,9.0,0.0028526148969889066,0.0,0.3415170787248566,0.0018901907752925317,1112,1122,1583,1610,1356.75
נועה רבן,9,9.0,0.0028526148969889066,0.0,0.3415170787248566,0.0018901907752925317,1112,1122,1583,1610,1356.75
נעמה ניסים,9,9.0,0.0028526148969889066,0.0,0.3415170787248566,0.0018901907752925317,1112,1122,1583,1610,1356.75
נועה קנולר,9,9.0,0.0028526148969889066,0.0,0.3415170787248566,0.0018901907752925317,1112,1122,1583,1610,1356.75
ניקול לייטמן,9,9.0,0.0028526148969889066,0.0,0.3415170787248566,0.0018901907752925317,1112,1122,1583,1610,1356.75
גיא גארנר,9,9.0,0.0028526148969889066,0.0,0.332435877133218,0.0025757246960674053,1112,1122,1837,1358,1357.25
בני אלדר,17,17.0,0.005388272583201268,0.00021842031078976996,0.32664380111164687,0.0010205604572652903,828,569,1978,2056,1357.75
שרון בר-זיו,11,11.0,0.003486529318541997,2.602404661722087e-05,0.33986783108035945,0.0014664813818157797,1088,921,1641,1789,1359.75
בנימין יגנדורף,15,15.0,0.004754358161648178,4.7924022814476556e-05,0.33329159149528503,0.0012783443314401627,946,820,1814,1864,1361.0
רוני נתנאל,9,9.0,0.0028526148969889066,0.0,0.3435116497677582,0.0017134959183395329,1112,1122,1519,1701,1363.5
לין אשרוב,9,9.0,0.0028526148969889066,0.0,0.3435116497677582,0.0017134959183395329,1112,1122,1519,1701,1363.5
אורי לייזרוביץ,17,18.0,0.005388272583201268,4.003855595547392e-05,0.3319221994310803,0.0011775076831970373,828,854,1842,1933,1364.25
יעלה רם,9,9.0,0.0028526148969889066,0.0,0.3397608395373106,0.001942062057543055,1112,1122,1643,1595,1368.0
רונה ליפז-מיכאל,12,12.0,0.003803486529318542,1.3391073296868728e-05,0.34145385301242076,0.0013267304928387038,1064,981,1591,1841,1369.25
יאנה גור,9,9.0,0.0028526148969889066,0.0,0.34540245800739994,0.001435999662929495,1112,1122,1452,1794,1370.0
אולגה קורילנקו,9,9.0,0.0028526148969889066,0.0,0.34540245800739994,0.001435999662929495,1112,1122,1452,1794,1370.0
נינט טייב,9,9.0,0.0028526148969889066,0.0,0.34540245800739994,0.001435999662929495,1112,1122,1452,1794,1370.0
ידידיה ויטל,9,9.0,0.0028526148969889066,0.0,0.3442208575873468,0.0015506941400574494,1112,1122,1492,1763,1372.25
ערן בן זאב,9,9.0,0.0028526148969889066,0.0,0.3442208575873468,0.0015506941400574494,1112,1122,1492,1763,1372.25
תמיר מתוק,9,9.0,0.0028526148969889066,0.0,0.3442208575873468,0.0015506941400574494,1112,1122,1492,1763,1372.25
רונית ויגלר,9,9.0,0.0028526148969889066,0.0,0.343525417362946,0.001580850946274971,1112,1122,1512,1746,1373.0
הרצל חבקוק,9,9.0,0.0028526148969889066,0.0,0.343525417362946,0.001580850946274971,1112,1122,1512,1746,1373.0
גלי שקדי כהן,9,9.0,0.0028526148969889066,0.0,0.343525417362946,0.001580850946274971,1112,1122,1512,1746,1373.0
כרמל חיר,9,9.0,0.0028526148969889066,0.0,0.343525417362946,0.001580850946274971,1112,1122,1512,1746,1373.0
קיריל ספונוב,18,18.0,0.005705229793977813,0.00012466183482780945,0.32357335037729335,0.0009857145497651743,679,658,2077,2084,1374.5
הלנה חייט,14,15.0,0.0044374009508716325,4.196892954966325e-05,0.3308285536384071,0.0014284029518556805,994,840,1868,1801,1375.75
יואב היימן,9,9.0,0.0028526148969889066,0.0,0.3345297432008077,0.0021448165551612116,1112,1122,1774,1498,1376.5
פיזיקה גרעינית,9,9.0,0.0028526148969889066,0.0,0.3345297432008077,0.0021448165551612116,1112,1122,1774,1498,1376.5
עמנואל הלפרין,9,9.0,0.0028526148969889066,0.0,0.3345297432008077,0.0021448165551612116,1112,1122,1774,1498,1376.5
סיניה חמדן,9,9.0,0.0028526148969889066,0.0,0.3297448071866558,0.0024852787113898668,1112,1122,1894,1379,1376.75
יצחק בנימיני,9,9.0,0.0028526148969889066,0.0,0.3297448071866558,0.0024852787113898668,1112,1122,1894,1379,1376.75
נאוה שאן הרמן,9,9.0,0.0028526148969889066,0.0,0.3297448071866558,0.0024852787113898668,1112,1122,1894,1379,1376.75
הדרה אזולאי,9,9.0,0.0028526148969889066,0.0,0.3297448071866558,0.0024852787113898668,1112,1122,1894,1379,1376.75
יצחק ברזילי,9,9.0,0.0028526148969889066,0.0,0.3297448071866558,0.0024852787113898668,1112,1122,1894,1379,1376.75
ג'וליאנו מר חמיס,7,7.0,0.0022187004754358162,0.0,0.3628143561662308,0.004299275658959993,2502,1122,884,1001,1377.25
יפתח ספקטור,9,9.0,0.0028526148969889066,0.0,0.3297448071866558,0.0024852787113898663,1112,1122,1894,1384,1378.0
חני פרי,8,8.0,0.0025356576862123614,0.0,0.35547087845919956,0.004755005117467649,2320,1122,1140,930,1378.0
אהוד בנאי,9,9.0,0.0028526148969889066,0.0,0.3297448071866558,0.0024852787113898663,1112,1122,1894,1384,1378.0
נירה רבינוביץ,9,9.0,0.0028526148969889066,0.0,0.33798940969897895,0.0019420609647104168,1112,1122,1686,1596,1379.0
ג'וש לוקאס,9,9.0,0.0028526148969889066,0.0,0.3328532301126529,0.002296464813856428,1112,1122,1827,1458,1379.75
ג'ורג' קוראפייס,9,9.0,0.0028526148969889066,0.0,0.3328532301126529,0.002296464813856428,1112,1122,1827,1458,1379.75
ליאת אזר,12,12.0,0.003803486529318542,0.0001514878495362963,0.3304848417308246,0.0011598664112218392,1064,625,1882,1956,1381.75
עמית געש,9,9.0,0.0028526148969889066,0.0,0.33715274816262614,0.0019676601023413654,1112,1122,1706,1590,1382.5
מארינה מקסימיליאן בלומין,9,9.0,0.0028526148969889066,0.0,0.33440013368141736,0.002092753463574567,1112,1122,1778,1530,1385.5
פסטיבל הסרטים הבינלאומי חיפה,9,9.0,0.0028526148969889066,0.0,0.33440013368141736,0.002092753463574567,1112,1122,1778,1530,1385.5
מתנה משמיים,9,9.0,0.0028526148969889066,0.0,0.33440013368141736,0.002092753463574567,1112,1122,1778,1530,1385.5
אלינור סלע,9,9.0,0.0028526148969889066,0.0,0.34058716373544784,0.001656439715122776,1112,1122,1607,1715,1389.0
מורין אמור,9,9.0,0.0028526148969889066,0.0,0.34058716373544784,0.001656439715122776,1112,1122,1607,1715,1389.0
ערן מור,9,9.0,0.0028526148969889066,0.0,0.34058716373544784,0.001656439715122776,1112,1122,1607,1715,1389.0
דני איסרליש,10,10.0,0.003169572107765452,0.0005967317430536224,0.33180232118466607,0.0007826748488638578,1105,407,1844,2201,1389.25
פלנגיסט,9,9.0,0.0028526148969889066,0.0,0.3418184008181789,0.0015564949476530696,1112,1122,1572,1754,1390.0
צנחנים,9,9.0,0.0028526148969889066,0.0,0.3418184008181789,0.0015564949476530696,1112,1122,1572,1754,1390.0
דבורה בורנשטיין,9,9.0,0.0028526148969889066,0.0,0.33146562836475946,0.0022586214197121194,1112,1122,1858,1470,1390.5
ליאור ליפשיץ,9,9.0,0.0028526148969889066,0.0,0.3433291743178659,0.0014163385634220794,1112,1122,1531,1803,1392.0
סוהיר האני,9,9.0,0.0028526148969889066,0.0,0.3298774891590167,0.0023375910004081726,1112,1122,1891,1443,1392.0
שמואל קראוס,9,9.0,0.0028526148969889066,0.0,0.3298774891590167,0.0023375910004081726,1112,1122,1891,1443,1392.0
ג'ורג'יו לופאנו,9,9.0,0.0028526148969889066,0.0,0.3433291743178659,0.0014163385634220794,1112,1122,1531,1803,1392.0
אלסנדרה מוסוליני,9,9.0,0.0028526148969889066,0.0,0.33271883539416036,0.0021150791234553342,1112,1122,1831,1517,1395.5
טוני פק,9,9.0,0.0028526148969889066,0.0,0.33271883539416036,0.0021150791234553342,1112,1122,1831,1517,1395.5
אנחל בונני,14,14.0,0.0044374009508716325,5.1712284509752884e-05,0.33110728734699,0.0011947805758475507,994,805,1865,1918,1395.5
אלקי ג'ייקובס,9,9.0,0.0028526148969889066,0.0,0.33271883539416036,0.0021150791234553342,1112,1122,1831,1517,1395.5
יעל הפנר,9,9.0,0.0028526148969889066,0.0,0.33047605230466837,0.00224512780169406,1112,1122,1883,1471,1397.0
ישי שחר,9,9.0,0.0028526148969889066,0.0,0.33047605230466837,0.00224512780169406,1112,1122,1883,1471,1397.0
הגר תפוחי,9,9.0,0.0028526148969889066,0.0,0.3360602754424446,0.0018862395978328267,1112,1122,1740,1618,1398.0
אורית פוקס,9,9.0,0.0028526148969889066,0.0,0.3360602754424446,0.0018862395978328267,1112,1122,1740,1618,1398.0
עידו לב,9,9.0,0.0028526148969889066,0.0,0.3360602754424446,0.0018862395978328267,1112,1122,1740,1618,1398.0
אלעד סטפנסקי,9,9.0,0.0028526148969889066,0.0,0.3360602754424446,0.0018862395978328267,1112,1122,1740,1618,1398.0
שני אלוני,9,9.0,0.0028526148969889066,0.0,0.3360602754424446,0.0018862395978328267,1112,1122,1740,1618,1398.0
דדי זהר,9,9.0,0.0028526148969889066,0.0,0.3360602754424446,0.0018862395978328267,1112,1122,1740,1618,1398.0
ניקי גולדשטיין,9,9.0,0.0028526148969889066,0.0,0.3360602754424446,0.0018862395978328267,1112,1122,1740,1618,1398.0
לירון אורפלי,9,9.0,0.0028526148969889066,0.0,0.3399991057212373,0.0016478210581364883,1112,1122,1637,1729,1400.0
דנה אברהם-סמו,9,9.0,0.0028526148969889066,0.0,0.3399991057212373,0.0016478210581364883,1112,1122,1637,1729,1400.0
רוב שניידר,9,9.0,0.0028526148969889066,0.0,0.3430701651684161,0.001367935921899992,1112,1122,1536,1830,1400.0
אינה בקלמן,9,9.0,0.0028526148969889066,0.0,0.3430701651684161,0.001367935921899992,1112,1122,1536,1830,1400.0
מאי ז'פקו,9,9.0,0.0028526148969889066,0.0,0.3399991057212373,0.0016478210581364883,1112,1122,1637,1729,1400.0
נועה ברקאי,15,15.0,0.004754358161648178,5.015102852383106e-05,0.3273901076963039,0.0012423559964974038,946,813,1961,1882,1400.5
שרית נחום,9,9.0,0.0028526148969889066,0.0,0.3388506037818351,0.001691021314755239,1112,1122,1666,1706,1401.5
ברק גליל,9,9.0,0.0028526148969889066,0.0,0.3388506037818351,0.001691021314755239,1112,1122,1666,1706,1401.5
יעקב אגיוף,9,9.0,0.0028526148969889066,0.0,0.3388506037818351,0.001691021314755239,1112,1122,1666,1706,1401.5
חנה יכין,9,9.0,0.0028526148969889066,0.0,0.3388506037818351,0.001691021314755239,1112,1122,1666,1706,1401.5
זזי קרינר,9,9.0,0.0028526148969889066,0.0,0.3388506037818351,0.001691021314755239,1112,1122,1666,1706,1401.5
עירית בנדק,17,17.0,0.005388272583201268,0.0006567647923744473,0.31674992165286564,0.0008953676406947562,828,392,2249,2148,1404.25
שרית ישי לוי,9,9.0,0.0028526148969889066,0.0,0.32675775248776556,0.0024069144498310947,1112,1122,1974,1412,1405.0
תמי ספיבק,9,9.0,0.0028526148969889066,0.0,0.32675775248776556,0.0024069144498310947,1112,1122,1974,1412,1405.0
עליזה אביב,9,9.0,0.0028526148969889066,0.0,0.32675775248776556,0.0024069144498310947,1112,1122,1974,1412,1405.0
גיא אורן,9,9.0,0.0028526148969889066,0.0,0.3430614953857651,0.0013093688851264357,1112,1122,1539,1850,1405.75
נעם פרתום,9,9.0,0.0028526148969889066,0.0,0.3430614953857651,0.0013093688851264357,1112,1122,1539,1850,1405.75
אבישג קהלני,9,9.0,0.0028526148969889066,0.0,0.3430614953857651,0.0013093688851264357,1112,1122,1539,1850,1405.75
אבי שניידמן,9,9.0,0.0028526148969889066,0.0,0.3430614953857651,0.0013093688851264357,1112,1122,1539,1850,1405.75
דרור טפליצקי,13,13.0,0.004120443740095087,4.258452203581617e-05,0.3257291701685246,0.001598053227827611,1037,838,2016,1739,1407.5
רדה זרבדג'ה,7,7.0,0.0022187004754358162,0.0,0.3606731203326768,0.003924752667395525,2502,1122,952,1064,1410.0
אדגר סלגה,6,6.0,0.001901743264659271,0.0,0.35962965655241746,0.005022177880975168,2650,1122,990,878,1410.0
ציונה טוכטרמן,7,7.0,0.0022187004754358162,0.0,0.35275306470289436,0.005667637774646474,2502,1122,1225,798,1411.75
בטי פלדמן,7,7.0,0.0022187004754358162,0.0,0.35275306470289436,0.005667637774646474,2502,1122,1225,798,1411.75
דין גרבר,18,18.0,0.005705229793977813,0.00014157676383188796,0.3221953514185185,0.0007067735386965229,679,636,2103,2259,1419.25
דניאל גל,13,13.0,0.004120443740095087,3.051235493873847e-05,0.33860211320444034,0.0010073602234425539,1037,899,1677,2073,1421.5
אסיה נייפלד,11,11.0,0.003486529318541997,0.0015889822638778409,0.32572569155187125,0.0006473527580987185,1088,263,2017,2320,1422.0
נעמה שנדר,9,9.0,0.0028526148969889066,0.0,0.33383855956092673,0.001764045063294584,1112,1122,1800,1660,1423.5
סמדר סייר,9,9.0,0.0028526148969889066,0.0,0.33383855956092673,0.001764045063294584,1112,1122,1800,1660,1423.5
משה דץ,11,11.0,0.003486529318541997,0.001193061511204548,0.31903771103316125,0.0009414086671260647,1088,305,2182,2122,1424.25
ריטה זהר,8,8.0,0.0025356576862123614,0.0,0.35897589498983457,0.0030716529105168323,2320,1122,1020,1238,1425.0
ורד נהרין,8,8.0,0.0025356576862123614,0.0,0.3554525322138236,0.003594699136721353,2320,1122,1141,1122,1426.25
יעקב אייזנמן,8,8.0,0.0025356576862123614,0.0,0.3554525322138236,0.003594699136721353,2320,1122,1141,1122,1426.25
מיכאל גבעתי,9,9.0,0.0028526148969889066,0.0,0.33317485011148074,0.0017581863885381315,1112,1122,1815,1662,1427.75
מיכל ויצמן,9,9.0,0.0028526148969889066,0.0,0.33317485011148074,0.0017581863885381315,1112,1122,1815,1662,1427.75
צילי,9,9.0,0.0028526148969889066,0.0,0.33317485011148074,0.0017581863885381315,1112,1122,1815,1662,1427.75
גילי,9,9.0,0.0028526148969889066,0.0,0.33317485011148074,0.0017581863885381315,1112,1122,1815,1662,1427.75
חנה'לה,9,9.0,0.0028526148969889066,0.0,0.33317485011148074,0.0017581863885381315,1112,1122,1815,1662,1427.75
יהונתן וילוז'ני,16,16.0,0.005071315372424723,8.464775245695916e-05,0.32988306494155306,0.0007959875753551686,902,722,1890,2199,1428.25
יהונתן מגון,9,9.0,0.0028526148969889066,0.0,0.3328294555659205,0.0017865938788466996,1112,1122,1829,1654,1429.25
פיצרייה,9,9.0,0.0028526148969889066,0.0,0.3328294555659205,0.0017865938788466996,1112,1122,1829,1654,1429.25
ציפורה צברי,9,9.0,0.0028526148969889066,0.0,0.3276630294061726,0.0020924052822263034,1112,1122,1952,1533,1429.75
שראל פיטרמן,9,9.0,0.0028526148969889066,0.0,0.34067355720422765,0.001214895587912643,1112,1122,1596,1889,1429.75
גיא פינס,9,9.0,0.0028526148969889066,0.0,0.3276630294061726,0.0020924052822263034,1112,1122,1952,1533,1429.75
אילן קובץ',9,9.0,0.0028526148969889066,0.0,0.34067355720422765,0.001214895587912643,1112,1122,1596,1889,1429.75
אבי לוזיה,9,9.0,0.0028526148969889066,0.0,0.3276630294061726,0.0020924052822263034,1112,1122,1952,1533,1429.75
ניסים סרוסי,9,9.0,0.0028526148969889066,0.0,0.3251283828685041,0.0022820938279495234,1112,1122,2032,1461,1431.75
טובה קצב,9,9.0,0.0028526148969889066,0.0,0.3251283828685041,0.0022820938279495234,1112,1122,2032,1461,1431.75
נסים סרוסי,9,9.0,0.0028526148969889066,0.0,0.3251283828685041,0.0022820938279495234,1112,1122,2032,1461,1431.75
רחל יוסיפון,9,9.0,0.0028526148969889066,0.0,0.3251283828685041,0.0022820938279495234,1112,1122,2032,1461,1431.75
דן מוג'ה,9,9.0,0.0028526148969889066,0.0,0.33157757009085825,0.0017876054346997426,1112,1122,1853,1651,1434.5
אנטוניו מרסינה,9,9.0,0.0028526148969889066,0.0,0.33157757009085825,0.0017876054346997426,1112,1122,1853,1651,1434.5
איקה זהר,9,9.0,0.0028526148969889066,0.0,0.33157757009085825,0.0017876054346997426,1112,1122,1853,1651,1434.5
עידו זייד,9,9.0,0.0028526148969889066,0.0,0.33682356725631296,0.0014488709025771837,1112,1122,1723,1792,1437.25
מג'ד ביטאר,9,9.0,0.0028526148969889066,0.0,0.33682356725631296,0.0014488709025771837,1112,1122,1723,1792,1437.25
תום חגי,13,13.0,0.004120443740095087,1.0597991269752214e-05,0.3308238623440795,0.0013256880934373566,1037,1005,1869,1842,1438.25
אפרים שמיר,9,9.0,0.0028526148969889066,0.0,0.3383775658572276,0.0013350542101670435,1112,1122,1681,1839,1438.5
בר בלפר,9,9.0,0.0028526148969889066,0.0,0.3383775658572276,0.0013350542101670435,1112,1122,1681,1839,1438.5
איגור מיקרובנוב,8,8.0,0.0025356576862123614,0.0,0.3610828466760586,0.0025041899325866624,2320,1122,942,1375,1439.75
עדנה שביט,9,9.0,0.0028526148969889066,0.0,0.3357448705144647,0.0015196384818640261,1112,1122,1752,1774,1440.0
איילה אשרוב,9,9.0,0.0028526148969889066,0.0,0.3357448705144647,0.0015196384818640261,1112,1122,1752,1774,1440.0
רן יגיל,8,8.0,0.0025356576862123614,0.0,0.3500033312890048,0.004278667759014724,2320,1122,1315,1004,1440.25
יהונדב פרלמן,12,12.0,0.003803486529318542,0.0017889893044527765,0.317437722901707,0.0007417193790875238,1064,245,2222,2232,1440.75
אלי בן דוד,9,9.0,0.0028526148969889066,0.0,0.338754072723438,0.0012748319485947474,1112,1122,1673,1865,1443.0
ישראל אטיאס,18,18.0,0.005705229793977813,0.00019491592377874183,0.3146549535760902,0.0007669807699494914,679,587,2290,2217,1443.25
יורם ארבל,7,7.0,0.0022187004754358162,0.0,0.35151890294530674,0.004913817360415791,2502,1122,1271,894,1447.25
ג'ורג' אסקנדר,15,15.0,0.004754358161648178,0.00021093539416917434,0.3300054552636074,0.000582987677153886,946,574,1889,2380,1447.25
דבי הס,5,5.0,0.001584786053882726,0.0,0.3571119114416655,0.0054975212927455466,2787,1122,1073,816,1449.5
אבא אבן,9,9.0,0.0028526148969889066,0.0,0.3306067792904844,0.001716196816078122,1112,1122,1876,1695,1451.25
פיי דאנאוויי,9,9.0,0.0028526148969889066,0.0,0.3306067792904844,0.001716196816078122,1112,1122,1876,1695,1451.25
טדי קולק,9,9.0,0.0028526148969889066,0.0,0.3306067792904844,0.001716196816078122,1112,1122,1876,1695,1451.25
מכרם חורי,9,9.0,0.0028526148969889066,0.0,0.3306067792904844,0.001716196816078122,1112,1122,1876,1695,1451.25
מיכאל שניידר,9,9.0,0.0028526148969889066,0.0,0.3306067792904844,0.001716196816078122,1112,1122,1876,1695,1451.25
עמוס קולק,9,9.0,0.0028526148969889066,0.0,0.3306067792904844,0.001716196816078122,1112,1122,1876,1695,1451.25
ג'ימבו ג'יי,18,18.0,0.005705229793977813,0.0001251001547831728,0.31422858759088496,0.0008602372408104212,679,656,2298,2173,1451.5
יעקב רודה,9,9.0,0.0028526148969889066,0.0,0.33779095255009123,0.0012327245205547603,1112,1122,1691,1883,1452.0
אסתר אשד,9,9.0,0.0028526148969889066,0.0,0.33779095255009123,0.0012327245205547603,1112,1122,1691,1883,1452.0
אייבי זלצברג,9,9.0,0.0028526148969889066,0.0,0.33779095255009123,0.0012327245205547603,1112,1122,1691,1883,1452.0
נסים לוי,9,9.0,0.0028526148969889066,0.0,0.33779095255009123,0.0012327245205547603,1112,1122,1691,1883,1452.0
דן לחמן,15,15.0,0.004754358161648178,0.004168680728418721,0.3138312892449253,0.0004825898398037251,946,129,2299,2436,1452.5
אבי ביטר,20,23.0,0.006339144215530904,0.0035752652783123486,0.30346220378865324,0.0003627989806794003,653,152,2470,2541,1454.0
אלעד צפני,17,17.0,0.005388272583201268,9.599605129720904e-05,0.3243148873158506,0.0007318662879267529,828,696,2057,2241,1455.5
קובי ליבנה,9,9.0,0.0028526148969889066,0.0,0.33672530682242147,0.001264663957534202,1112,1122,1725,1869,1457.0
רן קאושינסקי,9,9.0,0.0028526148969889066,0.0,0.33672530682242147,0.001264663957534202,1112,1122,1725,1869,1457.0
אורי רן קלאוזנר,9,9.0,0.0028526148969889066,0.0,0.33672530682242147,0.001264663957534202,1112,1122,1725,1869,1457.0
פיליפ מייקל תומאס,8,8.0,0.0025356576862123614,0.0,0.35495092420557983,0.0030808057025519505,2320,1122,1150,1236,1457.0
ישי סוויסה,17,17.0,0.005388272583201268,0.0001225164737822649,0.31753556582929643,0.0009415818731524592,828,665,2221,2121,1458.75
סמירה סרייה,11,11.0,0.003486529318541997,6.388925937419721e-05,0.32980775374247556,0.0010026975869790859,1088,775,1893,2081,1459.25
עידו טאקו,13,13.0,0.004120443740095087,0.00020527636556991403,0.321368712454511,0.0009509560236097725,1037,578,2122,2101,1459.5
אברהם ארנסון,17,17.0,0.005388272583201268,9.449859407450898e-05,0.32163522179124004,0.0008315778312236901,828,700,2117,2195,1460.0
גל מלכה,9,9.0,0.0028526148969889066,0.0,0.34052502245664434,0.0010895846443190436,1112,1122,1611,1997,1460.5
נעה בירון,9,9.0,0.0028526148969889066,0.0,0.3391275823324301,0.0011631857618539059,1112,1122,1661,1947,1460.5
ברונו גנץ,9,9.0,0.0028526148969889066,0.0,0.3391275823324301,0.0011631857618539059,1112,1122,1661,1947,1460.5
עפרי פרישקולניק אלדד,9,9.0,0.0028526148969889066,0.0,0.34052502245664434,0.0010895846443190436,1112,1122,1611,1997,1460.5
שון סופטי,9,9.0,0.0028526148969889066,0.0,0.34052502245664434,0.0010895846443190436,1112,1122,1611,1997,1460.5
מסאיי מסייבסקי,9,9.0,0.0028526148969889066,0.0,0.34052502245664434,0.0010895846443190436,1112,1122,1611,1997,1460.5
לארס איידינגר,9,9.0,0.0028526148969889066,0.0,0.34052502245664434,0.0010895846443190436,1112,1122,1611,1997,1460.5
אולריך תומסן,9,9.0,0.0028526148969889066,0.0,0.34052502245664434,0.0010895846443190436,1112,1122,1611,1997,1460.5
גילת מואב,9,9.0,0.0028526148969889066,0.0,0.3275761780270846,0.0017483770674026193,1112,1122,1955,1675,1466.0
אבינעם מור-חיים,9,9.0,0.0028526148969889066,0.0,0.3275761780270846,0.0017483770674026193,1112,1122,1955,1675,1466.0
אלי ישראלי,9,9.0,0.0028526148969889066,0.0,0.3275761780270846,0.0017483770674026193,1112,1122,1955,1675,1466.0
אירית יוני,9,9.0,0.0028526148969889066,0.0,0.3275761780270846,0.0017483770674026193,1112,1122,1955,1675,1466.0
אייל לוי,9,9.0,0.0028526148969889066,0.0,0.3275761780270846,0.0017483770674026193,1112,1122,1955,1675,1466.0
חי דוידוב,9,9.0,0.0028526148969889066,0.0,0.3326051326791753,0.001430173163426475,1112,1122,1835,1800,1467.25
יפית אסולין,9,9.0,0.0028526148969889066,0.0,0.3307632758270574,0.0015470827325297116,1112,1122,1870,1767,1467.75
עינת שרוף,9,9.0,0.0028526148969889066,0.0,0.3307632758270574,0.0015470827325297116,1112,1122,1870,1767,1467.75
עמית אולמן,18,18.0,0.005705229793977813,8.064086157911883e-05,0.31701223131076683,0.0007505891833910408,679,734,2243,2226,1470.5
אדווה בולה,8,8.0,0.0025356576862123614,0.0,0.3562752001162367,0.0026931518176780836,2320,1122,1104,1338,1471.0
אסף אברבוך,8,8.0,0.0025356576862123614,0.0,0.3562752001162367,0.0026931518176780836,2320,1122,1104,1338,1471.0
הייתאם עומארי,11,11.0,0.003486529318541997,0.0008186608843435833,0.3269386593110303,0.00043926386572540885,1088,363,1967,2468,1471.5
רוני הדר,12,12.0,0.003803486529318542,1.1483563868660107e-05,0.3318732935290553,0.0010878086407003738,1064,993,1843,2003,1475.75
ירון עצמון,9,9.0,0.0028526148969889066,0.0,0.32468446293067155,0.001865215834000292,1112,1122,2043,1627,1476.0
אילנה ללצ'וק,9,9.0,0.0028526148969889066,0.0,0.32468446293067155,0.001865215834000292,1112,1122,2043,1627,1476.0
ענת ברזילי,9,9.0,0.0028526148969889066,0.0,0.32468446293067155,0.001865215834000292,1112,1122,2043,1627,1476.0
אורלי ויינרמן,9,9.0,0.0028526148969889066,0.0,0.32468446293067155,0.001865215834000292,1112,1122,2043,1627,1476.0
פזית ירון מינקובסקי,9,9.0,0.0028526148969889066,0.0,0.32468446293067155,0.001865215834000292,1112,1122,2043,1627,1476.0
יובל רז,17,17.0,0.005388272583201268,0.00021078517677514382,0.31954851204952395,0.000601244320203623,828,575,2162,2354,1479.75
ליאת בנאי,14,17.0,0.0044374009508716325,1.03659278032976e-05,0.32429198842809237,0.001287610035959789,994,1008,2058,1861,1480.25
דר זוזובסקי,11,11.0,0.003486529318541997,3.823561843046755e-05,0.33022614472683043,0.000993565710463399,1088,863,1888,2082,1480.25
אלכסנדר פהלינג,9,9.0,0.0028526148969889066,0.0,0.33307344750466594,0.0012518230559332062,1112,1122,1820,1879,1483.25
מיכל טרבס,9,9.0,0.0028526148969889066,0.0,0.33307344750466594,0.0012518230559332062,1112,1122,1820,1879,1483.25
עידן כרמלי,9,9.0,0.0028526148969889066,0.0,0.33307344750466594,0.0012518230559332062,1112,1122,1820,1879,1483.25
סופי קפלן,9,9.0,0.0028526148969889066,0.0,0.33036514729613065,0.0013910434160673726,1112,1122,1885,1820,1484.75
הראל נוף,9,9.0,0.0028526148969889066,0.0,0.33036514729613065,0.0013910434160673726,1112,1122,1885,1820,1484.75
איתי גנות,9,9.0,0.0028526148969889066,0.0,0.33036514729613065,0.0013910434160673726,1112,1122,1885,1820,1484.75
און רפאלי,15,18.0,0.004754358161648178,0.0004006992522258176,0.32133102955960313,0.0005412156873033565,946,471,2123,2403,1485.75
עמי אנידג'ר,15,18.0,0.004754358161648178,0.00046099125818998985,0.3216808334810888,0.0004992832977937674,946,449,2116,2432,1485.75
שרונה אלימלך,9,9.0,0.0028526148969889066,0.0,0.32799813004365064,0.0015310717988536895,1112,1122,1944,1771,1487.25
רחלי חיים,9,9.0,0.0028526148969889066,0.0,0.32799813004365064,0.0015310717988536895,1112,1122,1944,1771,1487.25
אמיתי קדר,15,16.0,0.004754358161648178,7.260140712674737e-05,0.3224488598700438,0.0008888889090106229,946,755,2093,2155,1487.25
איריס פן,9,9.0,0.0028526148969889066,0.0,0.3294807338858357,0.0014110101841496691,1112,1122,1910,1809,1488.25
הנרי גרסין,9,9.0,0.0028526148969889066,0.0,0.32907532525919403,0.001412036203237024,1112,1122,1915,1805,1488.5
אנרי גרסין,9,9.0,0.0028526148969889066,0.0,0.32907532525919403,0.001412036203237024,1112,1122,1915,1805,1488.5
דניאל קיציס,9,9.0,0.0028526148969889066,0.0,0.32907532525919403,0.001412036203237024,1112,1122,1915,1805,1488.5
תומר שטיינהוף,9,9.0,0.0028526148969889066,0.0,0.32907532525919403,0.001412036203237024,1112,1122,1915,1805,1488.5
רוני דלומי,9,9.0,0.0028526148969889066,0.0,0.3340697136668225,0.0011750502273948945,1112,1122,1790,1935,1489.75
ליאון רוזנברג,9,9.0,0.0028526148969889066,0.0,0.3267590557682979,0.001529415106754024,1112,1122,1973,1773,1495.0
דוד וולך,9,9.0,0.0028526148969889066,0.0,0.33682996003420557,0.0010554221975083062,1112,1122,1720,2032,1496.5
יובל דיין,9,9.0,0.0028526148969889066,0.0,0.33682996003420557,0.0010554221975083062,1112,1122,1720,2032,1496.5
גלוריה בס,9,9.0,0.0028526148969889066,0.0,0.33682996003420557,0.0010554221975083062,1112,1122,1720,2032,1496.5
אור אילן,9,9.0,0.0028526148969889066,0.0,0.3336407902625151,0.001133826422786624,1112,1122,1804,1965,1500.75
נטלי עטייה,9,9.0,0.0028526148969889066,0.0,0.3336407902625151,0.001133826422786624,1112,1122,1804,1965,1500.75
שלמה (מומו) רז,9,9.0,0.0028526148969889066,0.0,0.3336407902625151,0.001133826422786624,1112,1122,1804,1965,1500.75
נתי קלוגר,14,14.0,0.0044374009508716325,9.199272590194541e-05,0.3216198641656869,0.0008374337663302268,994,703,2118,2191,1501.5
בועז גור-לביא,9,9.0,0.0028526148969889066,0.0,0.3260701185054438,0.0015317656458318082,1112,1122,2003,1770,1501.75
אלון לוי,9,9.0,0.0028526148969889066,0.0,0.331424963696929,0.0011809592528155674,1112,1122,1861,1928,1505.75
גלי רשף,9,9.0,0.0028526148969889066,0.0,0.331424963696929,0.0011809592528155674,1112,1122,1861,1928,1505.75
אדריאנו חאובל,17,17.0,0.005388272583201268,0.00020358972315635414,0.31213960959327763,0.0006727266483237631,828,581,2325,2289,1505.75
עונג אפרון,9,9.0,0.0028526148969889066,0.0,0.331424963696929,0.0011809592528155674,1112,1122,1861,1928,1505.75
נריה זהבי,9,9.0,0.0028526148969889066,0.0,0.331424963696929,0.0011809592528155674,1112,1122,1861,1928,1505.75
עינת הלפמן,9,9.0,0.0028526148969889066,0.0,0.3251175806300721,0.0015528014782524395,1112,1122,2036,1756,1506.5
אסף צור,9,9.0,0.0028526148969889066,0.0,0.3251175806300721,0.0015528014782524395,1112,1122,2036,1756,1506.5
שי גולן,9,9.0,0.0028526148969889066,0.0,0.3251175806300721,0.0015528014782524395,1112,1122,2036,1756,1506.5
אייל פוקס,9,9.0,0.0028526148969889066,0.0,0.3251175806300721,0.0015528014782524395,1112,1122,2036,1756,1506.5
גיל דונצבסקי,9,9.0,0.0028526148969889066,0.0,0.3251175806300721,0.0015528014782524395,1112,1122,2036,1756,1506.5
אסנת פרגו,9,9.0,0.0028526148969889066,0.0,0.3251175806300721,0.0015528014782524395,1112,1122,2036,1756,1506.5
איילה פיזל,9,9.0,0.0028526148969889066,0.0,0.3251175806300721,0.0015528014782524395,1112,1122,2036,1756,1506.5
אורנה ספיר,8,8.0,0.0025356576862123614,0.0,0.34959128763583813,0.0029454826861771127,2320,1122,1324,1261,1506.75
רי רוז,9,9.0,0.0028526148969889066,0.0,0.3263164026950823,0.001408320947944067,1112,1122,1988,1812,1508.5
ורדה בן חור,9,9.0,0.0028526148969889066,0.0,0.3263164026950823,0.001408320947944067,1112,1122,1988,1812,1508.5
מני סביר,9,9.0,0.0028526148969889066,0.0,0.3263164026950823,0.001408320947944067,1112,1122,1988,1812,1508.5
גל יחס,9,9.0,0.0028526148969889066,0.0,0.3263164026950823,0.001408320947944067,1112,1122,1988,1812,1508.5
יניב מויאל,9,9.0,0.0028526148969889066,0.0,0.3282066930971881,0.0012803581739620484,1112,1122,1942,1862,1509.5
ארז כהנא,9,9.0,0.0028526148969889066,0.0,0.3282066930971881,0.0012803581739620484,1112,1122,1942,1862,1509.5
ג׳מיל ח׳ורי,9,9.0,0.0028526148969889066,0.0,0.33245477938045737,0.0011186282183397172,1112,1122,1836,1977,1511.75
שי שוורץ,8,8.0,0.0025356576862123614,0.0,0.34630808930095897,0.0031721753619818626,2320,1122,1415,1199,1514.0
ינון בר נתן,8,8.0,0.0025356576862123614,0.0,0.34630808930095897,0.0031721753619818626,2320,1122,1415,1199,1514.0
עידו תדמור,6,6.0,0.001901743264659271,0.0,0.3570682579679121,0.0031274403113427723,2650,1122,1074,1211,1514.25
ענת לירי,8,8.0,0.0025356576862123614,0.0,0.3502122591179402,0.002810562882930266,2320,1122,1311,1305,1514.5
מירה גן מור,9,9.0,0.0028526148969889066,0.0,0.31342091169035663,0.0021091906360963327,1112,1122,2313,1522,1517.25
פטר ואן אייק,9,9.0,0.0028526148969889066,0.0,0.31342091169035663,0.0021091906360963327,1112,1122,2313,1522,1517.25
אביטל פז,9,9.0,0.0028526148969889066,0.0,0.31342091169035663,0.0021091906360963327,1112,1122,2313,1522,1517.25
קלרינט,9,9.0,0.0028526148969889066,0.0,0.3269106102628121,0.00126399266239464,1112,1122,1968,1872,1518.5
טלי אורן,9,9.0,0.0028526148969889066,0.0,0.3269106102628121,0.00126399266239464,1112,1122,1968,1872,1518.5
יהודה גבאי,8,8.0,0.0025356576862123614,0.0,0.34149587398534953,0.0039834889741172455,2320,1122,1588,1048,1519.5
ליאו פילר,8,8.0,0.0025356576862123614,0.0,0.34149587398534953,0.0039834889741172455,2320,1122,1588,1048,1519.5
גבריאל דגן,8,8.0,0.0025356576862123614,0.0,0.34149587398534953,0.0039834889741172455,2320,1122,1588,1048,1519.5
רון יגרמן,6,6.0,0.001901743264659271,0.0,0.36070912770628194,0.0025821095379446133,2650,1122,951,1357,1520.0
ענת הרפזי,9,9.0,0.0028526148969889066,0.0,0.327791295920044,0.0012027480039808259,1112,1122,1946,1902,1520.5
זוהר אלוני,9,9.0,0.0028526148969889066,0.0,0.327791295920044,0.0012027480039808259,1112,1122,1946,1902,1520.5
יורם לוינשטיין,9,9.0,0.0028526148969889066,0.0,0.327791295920044,0.0012027480039808259,1112,1122,1946,1902,1520.5
גודרון וייכנהן,9,9.0,0.0028526148969889066,0.0,0.327791295920044,0.0012027480039808259,1112,1122,1946,1902,1520.5
דניאלה מילר,9,9.0,0.0028526148969889066,0.0,0.327791295920044,0.0012027480039808259,1112,1122,1946,1902,1520.5
הנו ג'אבר,6,6.0,0.001901743264659271,0.0,0.35301650591273115,0.0036240634257815557,2650,1122,1212,1115,1524.75
צבי ירון,6,6.0,0.001901743264659271,0.0,0.35301650591273115,0.0036240634257815557,2650,1122,1212,1115,1524.75
סביטרי סלנט,9,9.0,0.0028526148969889066,0.0,0.3239837506614993,0.001394345311371376,1112,1122,2063,1816,1528.25
דיראר סלימן,9,9.0,0.0028526148969889066,0.0,0.3239837506614993,0.001394345311371376,1112,1122,2063,1816,1528.25
אלון לשם (בלומנשטיין),9,9.0,0.0028526148969889066,0.0,0.3239837506614993,0.001394345311371376,1112,1122,2063,1816,1528.25
דורית סעדיה,9,9.0,0.0028526148969889066,0.0,0.3239837506614993,0.001394345311371376,1112,1122,2063,1816,1528.25
ליאנה עיון,12,14.0,0.003803486529318542,0.0002237533840427368,0.3238568234633863,0.0005098949003233293,1064,563,2067,2426,1530.0
אורי אלטר,7,7.0,0.0022187004754358162,0.0,0.35015534424372274,0.0032356039055341634,2502,1122,1312,1185,1530.25
שי אידלסון,7,7.0,0.0022187004754358162,0.0,0.35015534424372274,0.0032356039055341634,2502,1122,1312,1185,1530.25
אלכס,9,9.0,0.0028526148969889066,0.0,0.32861983365396835,0.0011056210489974782,1112,1122,1923,1986,1535.75
אודי גוטשלק,9,9.0,0.0028526148969889066,0.0,0.32861983365396835,0.0011056210489974782,1112,1122,1923,1986,1535.75
מיה,9,9.0,0.0028526148969889066,0.0,0.32861983365396835,0.0011056210489974782,1112,1122,1923,1986,1535.75
רומי אבירם,9,9.0,0.0028526148969889066,0.0,0.32861983365396835,0.0011056210489974782,1112,1122,1923,1986,1535.75
דניאל ליטמן,23,23.0,0.007290015847860539,0.0002658332780739028,0.3007341284470105,0.00038384224163810483,591,533,2500,2522,1536.5
רועי מאייר,9,9.0,0.0028526148969889066,0.0,0.32568499273992013,0.0012107288788442423,1112,1122,2018,1897,1537.25
עידו פורט,9,9.0,0.0028526148969889066,0.0,0.32568499273992013,0.0012107288788442423,1112,1122,2018,1897,1537.25
נטע הבר,9,9.0,0.0028526148969889066,0.0,0.32568499273992013,0.0012107288788442423,1112,1122,2018,1897,1537.25
אסתי סבידנסקי,9,9.0,0.0028526148969889066,0.0,0.32568499273992013,0.0012107288788442423,1112,1122,2018,1897,1537.25
מיטל טרבלסי,8,8.0,0.0025356576862123614,0.0,0.3514829183859879,0.002316444838542386,2320,1122,1272,1450,1541.0
יעל שטרן,8,8.0,0.0025356576862123614,0.0,0.3514829183859879,0.002316444838542386,2320,1122,1272,1450,1541.0
יעל נביא,8,8.0,0.0025356576862123614,0.0,0.3514829183859879,0.002316444838542386,2320,1122,1272,1450,1541.0
עדי ארד,9,9.0,0.0028526148969889066,0.0,0.3268014483626637,0.0011465725760879154,1112,1122,1971,1963,1542.0
שירן הוברמן,9,9.0,0.0028526148969889066,0.0,0.3268014483626637,0.0011465725760879154,1112,1122,1971,1963,1542.0
מריה פלאם,9,9.0,0.0028526148969889066,0.0,0.3265456231090228,0.001153199530874888,1112,1122,1983,1958,1543.75
מייקל הרפז,9,9.0,0.0028526148969889066,0.0,0.3265456231090228,0.001153199530874888,1112,1122,1983,1958,1543.75
מוריה בן הרוש,9,9.0,0.0028526148969889066,0.0,0.3265456231090228,0.001153199530874888,1112,1122,1983,1958,1543.75
אביה מלכה,18,18.0,0.005705229793977813,0.00025523211316064815,0.2991200303605081,0.0005179898069290425,679,543,2539,2415,1544.0
פבלו זלצמן,9,9.0,0.0028526148969889066,0.0,0.32179469886045603,0.001351299181859364,1112,1122,2113,1832,1544.75
דניאל מילר,9,9.0,0.0028526148969889066,0.0,0.32179469886045603,0.001351299181859364,1112,1122,2113,1832,1544.75
צח שפיצן,9,9.0,0.0028526148969889066,0.0,0.32179469886045603,0.001351299181859364,1112,1122,2113,1832,1544.75
שני בן חיים,9,9.0,0.0028526148969889066,0.0,0.33520972770472446,0.0008452467685410491,1112,1122,1762,2184,1545.0
עדי קפלן,9,9.0,0.0028526148969889066,0.0,0.33520972770472446,0.0008452467685410491,1112,1122,1762,2184,1545.0
רונית פלד,9,9.0,0.0028526148969889066,0.0,0.33520972770472446,0.0008452467685410491,1112,1122,1762,2184,1545.0
עמרי פירר,9,9.0,0.0028526148969889066,0.0,0.33520972770472446,0.0008452467685410491,1112,1122,1762,2184,1545.0
תמי ברק,9,9.0,0.0028526148969889066,0.0,0.33520972770472446,0.0008452467685410491,1112,1122,1762,2184,1545.0
עלי נאסר,9,9.0,0.0028526148969889066,0.0,0.33520972770472446,0.0008452467685410491,1112,1122,1762,2184,1545.0
ערן אגמון,5,5.0,0.001584786053882726,0.0,0.3520691096531968,0.004090294066980317,2787,1122,1246,1029,1546.0
נגב,9,9.0,0.0028526148969889066,0.0,0.3221353799446172,0.0012976391837011797,1112,1122,2106,1855,1548.75
פונו מסיני,9,9.0,0.0028526148969889066,0.0,0.3221353799446172,0.0012976391837011797,1112,1122,2106,1855,1548.75
פלאשבק,9,9.0,0.0028526148969889066,0.0,0.3221353799446172,0.0012976391837011797,1112,1122,2106,1855,1548.75
פליט,9,9.0,0.0028526148969889066,0.0,0.3221353799446172,0.0012976391837011797,1112,1122,2106,1855,1548.75
פלסטינית,9,9.0,0.0028526148969889066,0.0,0.3221353799446172,0.0012976391837011797,1112,1122,2106,1855,1548.75
כרמן מאורה,9,9.0,0.0028526148969889066,0.0,0.3221353799446172,0.0012976391837011797,1112,1122,2106,1855,1548.75
הדר רצון-רותם,9,9.0,0.0028526148969889066,0.0,0.3284088471759361,0.0010484963182589944,1112,1122,1927,2036,1549.25
אלי מנשה,13,13.0,0.004120443740095087,3.7855660830889524e-05,0.3197503681186847,0.0009237711178016233,1037,866,2161,2133,1549.25
דור הררי,15,15.0,0.004754358161648178,0.00017954381656974018,0.3121120236266464,0.0006414082843307682,946,603,2326,2323,1549.5
תומר קפון,9,9.0,0.0028526148969889066,0.0,0.3284088471759361,0.0010484963182589941,1112,1122,1927,2037,1549.5
איתן בלום,8,8.0,0.0025356576862123614,0.0,0.3517246930048133,0.002137228445003583,2320,1122,1258,1507,1551.75
יצחק (פיצ'ו) בן צור,8,8.0,0.0025356576862123614,0.0,0.3517246930048133,0.002137228445003583,2320,1122,1258,1507,1551.75
רפי בוקאי,8,8.0,0.0025356576862123614,0.0,0.3517246930048133,0.002137228445003583,2320,1122,1258,1507,1551.75
עתליה קפלן,9,9.0,0.0028526148969889066,0.0,0.3161165293361769,0.0016558577502408215,1112,1122,2263,1721,1554.5
רחל וולך,9,9.0,0.0028526148969889066,0.0,0.3161165293361769,0.0016558577502408215,1112,1122,2263,1721,1554.5
רחל דובסון,9,9.0,0.0028526148969889066,0.0,0.3161165293361769,0.0016558577502408215,1112,1122,2263,1721,1554.5
דורון גולן,9,9.0,0.0028526148969889066,0.0,0.3161165293361769,0.0016558577502408215,1112,1122,2263,1721,1554.5
לימור שפירא,9,9.0,0.0028526148969889066,0.0,0.3190721846880948,0.0013782053757494545,1112,1122,2178,1825,1559.25
מאיר שלו,9,9.0,0.0028526148969889066,0.0,0.3190721846880948,0.0013782053757494545,1112,1122,2178,1825,1559.25
אלון אופיר,9,9.0,0.0028526148969889066,0.0,0.3190721846880948,0.0013782053757494545,1112,1122,2178,1825,1559.25
עפרון אטקין,9,9.0,0.0028526148969889066,0.0,0.3190721846880948,0.0013782053757494545,1112,1122,2178,1825,1559.25
נטע פורת,9,9.0,0.0028526148969889066,0.0,0.3306549091337457,0.0009258481971671811,1112,1122,1873,2131,1559.5
בת-אל פאפורה,9,9.0,0.0028526148969889066,0.0,0.3306549091337457,0.0009258481971671811,1112,1122,1873,2131,1559.5
אריק סיני,9,9.0,0.0028526148969889066,0.0,0.31937091163536435,0.0013187887173399437,1112,1122,2163,1844,1560.25
יוסי אשדות,9,9.0,0.0028526148969889066,0.0,0.31937091163536435,0.0013187887173399437,1112,1122,2163,1844,1560.25
יאיר ניצני,9,9.0,0.0028526148969889066,0.0,0.31937091163536435,0.0013187887173399437,1112,1122,2163,1844,1560.25
יזהר אשדות,9,9.0,0.0028526148969889066,0.0,0.31937091163536435,0.0013187887173399437,1112,1122,2163,1844,1560.25
לירז צ'רכי,9,9.0,0.0028526148969889066,0.0,0.3282977647144873,0.0010062728491350055,1112,1122,1932,2075,1560.25
אור אטיקה,9,9.0,0.0028526148969889066,0.0,0.3282977647144873,0.0010062728491350053,1112,1122,1932,2076,1560.5
ז'אן בן גיגי,9,9.0,0.0028526148969889066,0.0,0.3282977647144873,0.0010062728491350053,1112,1122,1932,2076,1560.5
נדב אבקסיס,9,9.0,0.0028526148969889066,0.0,0.3282977647144873,0.0010062728491350053,1112,1122,1932,2076,1560.5
פרמיט סטי,9,9.0,0.0028526148969889066,0.0,0.3282977647144873,0.0010062728491350053,1112,1122,1932,2076,1560.5
קרוטיקה דסיי,9,9.0,0.0028526148969889066,0.0,0.3282977647144873,0.0010062728491350053,1112,1122,1932,2076,1560.5
עופר שכטר,13,13.0,0.004120443740095087,3.400950575551384e-05,0.3204946718262991,0.0008559413428047363,1037,881,2148,2177,1560.75
דני רוזנברג,9,9.0,0.0028526148969889066,0.0,0.32568296032452126,0.0011009433043710783,1112,1122,2022,1991,1561.75
סבינה רוזנברג,9,9.0,0.0028526148969889066,0.0,0.32568296032452126,0.0011009433043710783,1112,1122,2022,1991,1561.75
אינה רוזנברג,9,9.0,0.0028526148969889066,0.0,0.32568296032452126,0.0011009433043710783,1112,1122,2022,1991,1561.75
רוני קובן,9,9.0,0.0028526148969889066,0.0,0.32568296032452126,0.0011009433043710783,1112,1122,2022,1991,1561.75
נתן רוזנברג,9,9.0,0.0028526148969889066,0.0,0.32568296032452126,0.0011009433043710783,1112,1122,2022,1991,1561.75
זהבית פסי,5,5.0,0.001584786053882726,0.0,0.3574638634378872,0.0028329573599585995,2787,1122,1057,1289,1563.75
דנה עדיני,7,7.0,0.0022187004754358162,0.0,0.35687784232224756,0.0020622062246852518,2502,1122,1084,1548,1564.0
נילס ארסטרופ,7,7.0,0.0022187004754358162,0.0,0.35687784232224756,0.0020622062246852518,2502,1122,1084,1548,1564.0
גיא מרצ'ו,7,7.0,0.0022187004754358162,0.0,0.35687784232224756,0.0020622062246852518,2502,1122,1084,1548,1564.0
אמה דה קון,7,7.0,0.0022187004754358162,0.0,0.35687784232224756,0.0020622062246852518,2502,1122,1084,1548,1564.0
רפי נלסון,4,4.0,0.0012678288431061807,0.0,0.35369282195595175,0.004017151049950242,2905,1122,1187,1044,1564.5
אבישי אביבי,4,4.0,0.0012678288431061807,0.0,0.35369282195595175,0.004017151049950242,2905,1122,1187,1044,1564.5
שרי רז,7,7.0,0.0022187004754358162,0.0,0.3464752411056742,0.0030849279372832006,2502,1122,1405,1233,1565.5
פסח גוטמרק,7,7.0,0.0022187004754358162,0.0,0.3464752411056742,0.0030849279372832006,2502,1122,1405,1233,1565.5
איריס קנר,7,7.0,0.0022187004754358162,0.0,0.3464752411056742,0.0030849279372832006,2502,1122,1405,1233,1565.5
דור פלס,9,9.0,0.0028526148969889066,0.0,0.3211661261758011,0.0012000767675509174,1112,1122,2124,1907,1566.25
לני שחף,9,9.0,0.0028526148969889066,0.0,0.3211661261758011,0.0012000767675509174,1112,1122,2124,1907,1566.25
עדי עזרוני,9,9.0,0.0028526148969889066,0.0,0.3211661261758011,0.0012000767675509174,1112,1122,2124,1907,1566.25
בהט קלצ'י,9,9.0,0.0028526148969889066,0.0,0.3211661261758011,0.0012000767675509174,1112,1122,2124,1907,1566.25
ארז גוטליב,9,9.0,0.0028526148969889066,0.0,0.3211661261758011,0.0012000767675509174,1112,1122,2124,1907,1566.25
קלאודיה דוליצ'י,16,16.0,0.005071315372424723,0.00010845752845199325,0.3162027453623993,0.0005095573496613104,902,680,2259,2427,1567.0
ניסים גרמה,8,8.0,0.0025356576862123614,0.0,0.3400349926335953,0.003205012863562342,2320,1122,1634,1193,1567.25
מושיק טימור,8,8.0,0.0025356576862123614,0.0,0.3400349926335953,0.003205012863562342,2320,1122,1634,1193,1567.25
דנוטה לאטו,8,8.0,0.0025356576862123614,0.0,0.3400349926335953,0.003205012863562342,2320,1122,1634,1193,1567.25
גד אלון,9,9.0,0.0028526148969889066,0.0,0.3223327467991111,0.0011682672606937484,1112,1122,2099,1943,1569.0
מוטי שירין,9,9.0,0.0028526148969889066,0.0,0.3223327467991111,0.0011682672606937484,1112,1122,2099,1943,1569.0
שרית סרי,9,9.0,0.0028526148969889066,0.0,0.3223327467991111,0.0011682672606937484,1112,1122,2099,1943,1569.0
קרן ישר,9,9.0,0.0028526148969889066,0.0,0.3223327467991111,0.0011682672606937484,1112,1122,2099,1943,1569.0
יעל אייזנברג,9,9.0,0.0028526148969889066,0.0,0.33176294861436745,0.000782529934098353,1112,1122,1845,2202,1570.25
נפתלי אלטר,9,9.0,0.0028526148969889066,0.0,0.30856740845926417,0.0018146632076873168,1112,1122,2401,1646,1570.25
קארין אוגוסקי,9,9.0,0.0028526148969889066,0.0,0.33176294861436745,0.000782529934098353,1112,1122,1845,2202,1570.25
נטשה בראונשטיין,9,9.0,0.0028526148969889066,0.0,0.30856740845926417,0.0018146632076873168,1112,1122,2401,1646,1570.25
איליה גרוס,9,9.0,0.0028526148969889066,0.0,0.33176294861436745,0.000782529934098353,1112,1122,1845,2202,1570.25
דין זילברמן,9,9.0,0.0028526148969889066,0.0,0.30856740845926417,0.0018146632076873168,1112,1122,2401,1646,1570.25
יונתן שיראי,9,9.0,0.0028526148969889066,0.0,0.33176294861436745,0.000782529934098353,1112,1122,1845,2202,1570.25
אטליז,9,9.0,0.0028526148969889066,0.0,0.3339485010792111,0.0007010704508118356,1112,1122,1791,2265,1572.5
פסקת דמויות,9,9.0,0.0028526148969889066,0.0,0.3339485010792111,0.0007010704508118356,1112,1122,1791,2265,1572.5
חרדי,9,9.0,0.0028526148969889066,0.0,0.3339485010792111,0.0007010704508118356,1112,1122,1791,2265,1572.5
רוית רוזן,9,9.0,0.0028526148969889066,0.0,0.3339485010792111,0.0007010704508118356,1112,1122,1791,2265,1572.5
משמרות הצניעות,9,9.0,0.0028526148969889066,0.0,0.3339485010792111,0.0007010704508118356,1112,1122,1791,2265,1572.5
רודי סעדה,13,13.0,0.004120443740095087,4.403692887059493e-05,0.31907243033600385,0.0007205005298163798,1037,834,2177,2245,1573.25
ערן פסח,5,5.0,0.001584786053882726,0.0,0.3596987831802774,0.0024443390731052122,2787,1122,987,1402,1574.5
ששי גז,17,18.0,0.005388272583201268,0.0004832901526727193,0.29961401888465766,0.0003992018040499724,828,440,2533,2506,1576.75
עידו סמואל,9,9.0,0.0028526148969889066,0.0,0.32219146165545254,0.0011237577221729599,1112,1122,2104,1975,1578.25
יעל טל,9,9.0,0.0028526148969889066,0.0,0.32219146165545254,0.0011237577221729599,1112,1122,2104,1975,1578.25
אורי גרוס,6,6.0,0.001901743264659271,0.0,0.34167184875045137,0.004538853060379957,2650,1122,1580,966,1579.5
גיא כהן,9,9.0,0.0028526148969889066,0.0,0.32101323875127225,0.0011604573505865634,1112,1122,2144,1949,1581.75
אלה אולמן,9,9.0,0.0028526148969889066,0.0,0.32101323875127225,0.0011604573505865634,1112,1122,2144,1949,1581.75
ארז דריגס,9,9.0,0.0028526148969889066,0.0,0.3257866458622002,0.0009589581744570665,1112,1122,2011,2090,1583.75
רוני מרחבי,9,9.0,0.0028526148969889066,0.0,0.3257866458622002,0.0009589581744570665,1112,1122,2011,2090,1583.75
דפי שושנה אלפרן,9,9.0,0.0028526148969889066,0.0,0.3257866458622002,0.0009589581744570665,1112,1122,2011,2090,1583.75
קארין סרויה,9,9.0,0.0028526148969889066,0.0,0.3257866458622002,0.0009589581744570665,1112,1122,2011,2090,1583.75
סיון מסט,9,9.0,0.0028526148969889066,0.0,0.3257866458622002,0.0009589581744570665,1112,1122,2011,2090,1583.75
יריב הורוביץ,8,8.0,0.0025356576862123614,0.0,0.3486952248604989,0.0020482010458912694,2320,1122,1339,1560,1585.25
דודי גודר,8,8.0,0.0025356576862123614,0.0,0.3486952248604989,0.0020482010458912694,2320,1122,1339,1560,1585.25
דני רייספלד,8,8.0,0.0025356576862123614,0.0,0.3486952248604989,0.0020482010458912694,2320,1122,1339,1560,1585.25
מורן גרוס,8,8.0,0.0025356576862123614,0.0,0.3486952248604989,0.0020482010458912694,2320,1122,1339,1560,1585.25
דייוויד ברוזה,9,9.0,0.0028526148969889066,0.0,0.32699679031763357,0.000890212291739796,1112,1122,1962,2150,1586.5
נטעלי גבירץ,9,9.0,0.0028526148969889066,0.0,0.32699679031763357,0.000890212291739796,1112,1122,1962,2150,1586.5
שרון קנטור,9,9.0,0.0028526148969889066,0.0,0.32699679031763357,0.000890212291739796,1112,1122,1962,2150,1586.5
פייבמנט,9,9.0,0.0028526148969889066,0.0,0.32699679031763357,0.000890212291739796,1112,1122,1962,2150,1586.5
יהלי סובול,9,9.0,0.0028526148969889066,0.0,0.32699679031763357,0.000890212291739796,1112,1122,1962,2150,1586.5
ליאל דניר,12,12.0,0.003803486529318542,0.000124479150984119,0.3153575866350598,0.0006140664697949705,1064,660,2279,2344,1586.75
תמיר גינזבורג,18,18.0,0.005705229793977813,0.00018689711357847456,0.2999329771543762,0.0003492708769917336,679,596,2525,2551,1587.75
אברהם שלום לוי,13,13.0,0.004120443740095087,8.097952865869378e-05,0.318877375011189,0.0005629917085318814,1037,733,2196,2391,1589.25
יונית טובי,9,9.0,0.0028526148969889066,0.0,0.3262620335471778,0.0009363155874006488,1112,1122,1995,2128,1589.25
חלי טויטו,9,9.0,0.0028526148969889066,0.0,0.3262620335471778,0.0009363155874006488,1112,1122,1995,2128,1589.25
ריקי גל,5,5.0,0.001584786053882726,0.0,0.3504755961490439,0.003381532702772335,2787,1122,1298,1156,1590.75
עדי נאמן,9,9.0,0.0028526148969889066,0.0,0.31811833356065033,0.0011924303578033247,1112,1122,2210,1921,1591.25
משה חבצלת,9,9.0,0.0028526148969889066,0.0,0.31811833356065033,0.0011924303578033245,1112,1122,2210,1922,1591.5
אבישי מילשטיין,9,9.0,0.0028526148969889066,0.0,0.31811833356065033,0.0011924303578033245,1112,1122,2210,1922,1591.5
ברוך וקנין,9,9.0,0.0028526148969889066,0.0,0.3211442113735486,0.001081770142157382,1112,1122,2129,2010,1593.25
שאול אליאס,9,9.0,0.0028526148969889066,0.0,0.3211442113735486,0.001081770142157382,1112,1122,2129,2010,1593.25
נמרוד קמר,9,9.0,0.0028526148969889066,0.0,0.3211442113735486,0.001081770142157382,1112,1122,2129,2010,1593.25
ערן לוי,9,9.0,0.0028526148969889066,0.0,0.3211442113735486,0.001081770142157382,1112,1122,2129,2010,1593.25
שירלי בן דוד,9,9.0,0.0028526148969889066,0.0,0.3211442113735486,0.001081770142157382,1112,1122,2129,2010,1593.25
רועי שגב,9,9.0,0.0028526148969889066,0.0,0.32276432561585316,0.0010184884391049448,1112,1122,2088,2063,1596.25
בתיה ורד,9,9.0,0.0028526148969889066,0.0,0.32276432561585316,0.0010184884391049448,1112,1122,2088,2063,1596.25
מורן אייזנשטיין,9,9.0,0.0028526148969889066,0.0,0.32276432561585316,0.0010184884391049448,1112,1122,2088,2063,1596.25
אפרת כהן,9,9.0,0.0028526148969889066,0.0,0.32276432561585316,0.0010184884391049448,1112,1122,2088,2063,1596.25
אילן חזן,9,9.0,0.0028526148969889066,0.0,0.32631132465350393,0.0008688389525669768,1112,1122,1992,2163,1597.25
אסף סולומון,9,9.0,0.0028526148969889066,0.0,0.32631132465350393,0.0008688389525669768,1112,1122,1992,2163,1597.25
מיכל ורשאי,9,9.0,0.0028526148969889066,0.0,0.32631132465350393,0.0008688389525669768,1112,1122,1992,2163,1597.25
לי בירן,17,17.0,0.005388272583201268,0.0002562430440204892,0.300212173912507,0.00039690702242815195,828,541,2523,2507,1599.75
איתמר ינאי,9,9.0,0.0028526148969889066,0.0,0.3255103879135876,0.0008986561005342848,1112,1122,2029,2146,1602.25
גלעד פרלמן,9,9.0,0.0028526148969889066,0.0,0.3255103879135876,0.0008986561005342848,1112,1122,2029,2146,1602.25
אייל כהן,15,15.0,0.004754358161648178,0.00014422549307819554,0.30821019973202607,0.0005006777135562844,946,633,2404,2431,1603.5
בילאל באבאי,9,9.0,0.0028526148969889066,0.0,0.3210568600368353,0.001040225033754052,1112,1122,2138,2043,1603.75
מייסה דאו,9,9.0,0.0028526148969889066,0.0,0.3210568600368353,0.001040225033754052,1112,1122,2138,2043,1603.75
מאיה פלאם,9,9.0,0.0028526148969889066,0.0,0.3210568600368353,0.001040225033754052,1112,1122,2138,2043,1603.75
ג'יהאד בבאי,9,9.0,0.0028526148969889066,0.0,0.3210568600368353,0.001040225033754052,1112,1122,2138,2043,1603.75
קורל זקאק,9,9.0,0.0028526148969889066,0.0,0.3210568600368353,0.001040225033754052,1112,1122,2138,2043,1603.75
אסתר כהן,5,5.0,0.001584786053882726,0.0,0.35626626443035697,0.0024138126342329934,2787,1122,1108,1408,1606.25
אלון ליסי,9,9.0,0.0028526148969889066,0.0,0.3192604329402664,0.0010571092571148015,1112,1122,2167,2027,1607.0
ניר צויקל,9,9.0,0.0028526148969889066,0.0,0.3192604329402664,0.0010571092571148015,1112,1122,2167,2027,1607.0
אנסטסיה ספונוב,9,9.0,0.0028526148969889066,0.0,0.3192604329402664,0.0010571092571148015,1112,1122,2167,2027,1607.0
רותם זיסמן,9,9.0,0.0028526148969889066,0.0,0.3192604329402664,0.0010571092571148015,1112,1122,2167,2027,1607.0
דניאל דמידוב,9,9.0,0.0028526148969889066,0.0,0.3192604329402664,0.0010571092571148015,1112,1122,2167,2027,1607.0
עודד פז,18,18.0,0.005705229793977813,0.00016619479111862088,0.29670866744274654,0.00030640254677428405,679,613,2564,2575,1607.75
אלי נוס,9,9.0,0.0028526148969889066,0.0,0.32585738868286795,0.0008168918473255916,1112,1122,2006,2198,1609.5
יואב סעדיאן רוזנברג,9,9.0,0.0028526148969889066,0.0,0.32833928750618274,0.0006823781459102126,1112,1122,1929,2285,1612.0
שלומי אוחיון,9,9.0,0.0028526148969889066,0.0,0.32833928750618274,0.0006823781459102126,1112,1122,1929,2285,1612.0
רונית יודקביץ,9,9.0,0.0028526148969889066,0.0,0.32833928750618274,0.0006823781459102126,1112,1122,1929,2285,1612.0
יערה,9,9.0,0.0028526148969889066,0.0,0.3183702693897736,0.0010815623407142195,1112,1122,2201,2015,1612.5
ביאן ענתיר,9,9.0,0.0028526148969889066,0.0,0.3183702693897736,0.0010815623407142195,1112,1122,2201,2015,1612.5
ירמי שיק בלום,9,9.0,0.0028526148969889066,0.0,0.3183702693897736,0.0010815623407142195,1112,1122,2201,2015,1612.5
יעל פולמן,9,9.0,0.0028526148969889066,0.0,0.3183702693897736,0.0010815623407142195,1112,1122,2201,2015,1612.5
אנטון אוסטרובסקי,7,7.0,0.0022187004754358162,0.00023735510699927293,0.34800474162000217,0.0010501300003686528,2502,556,1358,2035,1612.75
רותם בר-אור,9,9.0,0.0028526148969889066,0.0,0.3224288649358358,0.0009111259503366229,1112,1122,2094,2139,1616.75
יובל רוביצ'ק,9,9.0,0.0028526148969889066,0.0,0.3224288649358358,0.0009111259503366229,1112,1122,2094,2139,1616.75
נדב לוי,9,9.0,0.0028526148969889066,0.0,0.3224288649358358,0.0009111259503366229,1112,1122,2094,2139,1616.75
שי קדמי,9,9.0,0.0028526148969889066,0.0,0.3224288649358358,0.0009111259503366229,1112,1122,2094,2139,1616.75
ליאת ביין,9,9.0,0.0028526148969889066,0.0,0.3224288649358358,0.0009111259503366229,1112,1122,2094,2139,1616.75
ניקולאס יעקוב,9,9.0,0.0028526148969889066,0.0,0.31793866027187867,0.0010644039365861771,1112,1122,2216,2023,1618.25
ג'מיל ח’ורי,9,9.0,0.0028526148969889066,0.0,0.31793866027187867,0.0010644039365861771,1112,1122,2216,2023,1618.25
חאולה חאג',9,9.0,0.0028526148969889066,0.0,0.31793866027187867,0.0010644039365861771,1112,1122,2216,2023,1618.25
מאיסה דאו,9,9.0,0.0028526148969889066,0.0,0.31793866027187867,0.0010644039365861771,1112,1122,2216,2023,1618.25
אורנה כץ,14,14.0,0.0044374009508716325,0.00012582336912533425,0.3089798000295513,0.0004962566497272577,994,652,2397,2433,1619.0
סאלח בכרי,5,5.0,0.001584786053882726,0.0,0.3564690309965728,0.00216852459591986,2787,1122,1101,1489,1624.75
דנה קבסה,9,9.0,0.0028526148969889066,0.0,0.31333557870687534,0.0011333212765572318,1112,1122,2319,1968,1630.25
איילה פלג,9,9.0,0.0028526148969889066,0.0,0.31333557870687534,0.0011333212765572318,1112,1122,2319,1968,1630.25
ג'ייד דייכס וויקס,9,9.0,0.0028526148969889066,0.0,0.31333557870687534,0.0011333212765572318,1112,1122,2319,1968,1630.25
חיים בוזגלו,6,6.0,0.001901743264659271,0.0,0.3532093915238631,0.0020516718597103608,2650,1122,1196,1557,1631.25
מלאכי חזקיה,3,3.0,0.0009508716323296355,0.0,0.35523977885135777,0.0029880633933256928,3009,1122,1147,1249,1631.75
סתיו נגר,3,3.0,0.0009508716323296355,0.0,0.35523977885135777,0.0029880633933256928,3009,1122,1147,1249,1631.75
אודי ערן,9,9.0,0.0028526148969889066,0.0,0.3144322238875155,0.0010838206086564313,1112,1122,2291,2005,1632.5
שרון קילצ'ינסקי,9,9.0,0.0028526148969889066,0.0,0.3144322238875155,0.0010838206086564313,1112,1122,2291,2005,1632.5
יגאל מוסינזון,9,9.0,0.0028526148969889066,0.0,0.3144322238875155,0.0010838206086564313,1112,1122,2291,2005,1632.5
רן אפלברג,9,9.0,0.0028526148969889066,0.0,0.3144322238875155,0.0010838206086564313,1112,1122,2291,2005,1632.5
בני קפלה,9,9.0,0.0028526148969889066,0.0,0.3144322238875155,0.0010838206086564313,1112,1122,2291,2005,1632.5
אנדריי קשקר,8,8.0,0.0025356576862123614,0.0,0.34738646275974566,0.0016533718472429052,2320,1122,1369,1725,1634.0
סנדי בר,8,8.0,0.0025356576862123614,0.0,0.34738646275974566,0.0016533718472429052,2320,1122,1369,1725,1634.0
יוסוף אבו ורדה,8,8.0,0.0025356576862123614,0.0,0.34738646275974566,0.0016533718472429052,2320,1122,1369,1725,1634.0
מנחם לאנג,8,8.0,0.0025356576862123614,0.0,0.34738646275974566,0.0016533718472429052,2320,1122,1369,1725,1634.0
מהרטה ברוך,8,8.0,0.0025356576862123614,0.0,0.3471626900500918,0.0016662184602318603,2320,1122,1384,1712,1634.5
שי פרדו,8,8.0,0.0025356576862123614,0.0,0.3471626900500918,0.0016662184602318603,2320,1122,1384,1712,1634.5
נועה,9,9.0,0.0028526148969889066,0.0,0.3189649160587597,0.0009410552182317035,1112,1122,2183,2123,1635.0
קסם ויינברגר,9,9.0,0.0028526148969889066,0.0,0.3189649160587597,0.0009410552182317035,1112,1122,2183,2123,1635.0
אור יעקב,9,9.0,0.0028526148969889066,0.0,0.3189649160587597,0.0009410552182317035,1112,1122,2183,2123,1635.0
עמית מורשת,9,9.0,0.0028526148969889066,0.0,0.3189649160587597,0.0009410552182317035,1112,1122,2183,2123,1635.0
דץ הבלץ,9,9.0,0.0028526148969889066,0.0,0.3189649160587597,0.0009410552182317035,1112,1122,2183,2123,1635.0
ירדן תוסייה כהן,9,9.0,0.0028526148969889066,0.0,0.31988193866461273,0.0008832425717768332,1112,1122,2159,2156,1637.25
רועי ויינברג,9,9.0,0.0028526148969889066,0.0,0.31988193866461273,0.0008832425717768332,1112,1122,2159,2156,1637.25
ערן זרחוביץ',18,18.0,0.005705229793977813,0.0001242241558857886,0.29083053340894394,0.0002835185531352107,679,662,2629,2596,1641.5
עדן הראל,8,8.0,0.0025356576862123614,0.0,0.34018515326613924,0.002150649196199239,2320,1122,1629,1497,1642.0
פרס אופיר,8,8.0,0.0025356576862123614,0.0,0.3404466168928219,0.0021243550064472786,2320,1122,1619,1512,1643.25
פסטיבל חיפה,8,8.0,0.0025356576862123614,0.0,0.3404466168928219,0.0021243550064472786,2320,1122,1619,1512,1643.25
ניקול קסל,8,8.0,0.0025356576862123614,0.0,0.3404466168928219,0.0021243550064472786,2320,1122,1619,1512,1643.25
שי גולדשטיין,9,9.0,0.0028526148969889066,0.0,0.31511763854639746,0.0010196320026508666,1112,1122,2283,2062,1644.75
גאיה גור אריה,9,9.0,0.0028526148969889066,0.0,0.32264767499144986,0.0007110947509640178,1112,1122,2092,2255,1645.25
מיכאל גור,2,2.0,0.0006339144215530904,0.0,0.3499589647148446,0.0038160664213537426,3063,1122,1317,1082,1646.0
זורה קרטבלישוילי,3,3.0,0.0009508716323296355,0.0,0.3534717416505419,0.002923300400324086,3009,1122,1192,1262,1646.25
מישל מישייב,9,9.0,0.0028526148969889066,0.0,0.3170203619362392,0.0009437309769160434,1112,1122,2241,2113,1647.0
בנימין שובה,9,9.0,0.0028526148969889066,0.0,0.3170203619362392,0.0009437309769160434,1112,1122,2241,2113,1647.0
ויקטור עידה,7,7.0,0.0022187004754358162,0.0,0.34808063139625256,0.0018992432079783024,2502,1122,1356,1609,1647.25
דניאל פרידמן,9,9.0,0.0028526148969889066,0.0,0.320451727865458,0.0007780672570804236,1112,1122,2149,2207,1647.5
ולריה וויוודין,9,9.0,0.0028526148969889066,0.0,0.320451727865458,0.0007780672570804236,1112,1122,2149,2207,1647.5
טליה רז,9,9.0,0.0028526148969889066,0.0,0.320451727865458,0.0007780672570804236,1112,1122,2149,2207,1647.5
דוד קוגן,9,9.0,0.0028526148969889066,0.0,0.320451727865458,0.0007780672570804236,1112,1122,2149,2207,1647.5
אוקסנה קורוסטישבסקיה,9,9.0,0.0028526148969889066,0.0,0.320451727865458,0.0007780672570804236,1112,1122,2149,2207,1647.5
ולדימיר וולוב,9,9.0,0.0028526148969889066,0.0,0.320451727865458,0.0007780672570804236,1112,1122,2149,2207,1647.5
לירון אלזיקרי,9,9.0,0.0028526148969889066,0.0,0.320451727865458,0.0007780672570804236,1112,1122,2149,2207,1647.5
יצחק בן נר,7,7.0,0.0022187004754358162,0.0,0.34576997543369203,0.0020900970338315985,2502,1122,1432,1537,1648.25
אביטל באר,7,7.0,0.0022187004754358162,0.0,0.34576997543369203,0.0020900970338315985,2502,1122,1432,1537,1648.25
טל קפיטולניק,6,6.0,0.001901743264659271,0.0,0.34786630314359523,0.0021906470428240303,2650,1122,1359,1483,1653.5
חנה דרורי קשי,6,6.0,0.001901743264659271,0.0,0.34786630314359523,0.0021906470428240303,2650,1122,1359,1483,1653.5
רחל שור,3,3.0,0.0009508716323296355,0.0,0.351431374398932,0.0031345475504291746,3009,1122,1276,1209,1654.0
"להקת הנח""ל",4,4.0,0.0012678288431061807,0.0,0.34123074753036264,0.004338885963313458,2905,1122,1594,996,1654.25
יפתח רווה,9,9.0,0.0028526148969889066,0.0,0.3230024705197466,0.000663451069767599,1112,1122,2084,2308,1656.5
יפתח רוה,9,9.0,0.0028526148969889066,0.0,0.3230024705197466,0.000663451069767599,1112,1122,2084,2308,1656.5
לביא זיטנר,9,9.0,0.0028526148969889066,0.0,0.3230024705197466,0.000663451069767599,1112,1122,2084,2308,1656.5
עדל אבו ריא,9,9.0,0.0028526148969889066,0.0,0.3230024705197466,0.000663451069767599,1112,1122,2084,2308,1656.5
ורד כהן,9,9.0,0.0028526148969889066,0.0,0.3166407647084318,0.0008701295019554018,1112,1122,2250,2158,1660.5
מקסי נשר,9,9.0,0.0028526148969889066,0.0,0.3166407647084318,0.0008701295019554018,1112,1122,2250,2158,1660.5
שחר סגל,9,9.0,0.0028526148969889066,0.0,0.3166407647084318,0.0008701295019554018,1112,1122,2250,2158,1660.5
עומרי דולב,9,9.0,0.0028526148969889066,0.0,0.3166407647084318,0.0008701295019554018,1112,1122,2250,2158,1660.5
נועה גולדברג,9,9.0,0.0028526148969889066,0.0,0.3166407647084318,0.0008701295019554018,1112,1122,2250,2158,1660.5
דניאל דיין,7,7.0,0.0022187004754358162,0.0,0.3457742686858401,0.0019268229642799806,2502,1122,1431,1603,1664.5
פמפס שמעון אודי,9,9.0,0.0028526148969889066,0.0,0.3211370973914279,0.0006723752048996861,1112,1122,2134,2290,1664.5
סמנתה אגר,9,9.0,0.0028526148969889066,0.0,0.3211370973914279,0.0006723752048996861,1112,1122,2134,2290,1664.5
שמוליק קלדרון,9,9.0,0.0028526148969889066,0.0,0.3211370973914279,0.0006723752048996861,1112,1122,2134,2290,1664.5
סאן אינטוסאפ,9,9.0,0.0028526148969889066,0.0,0.3211370973914279,0.0006723752048996861,1112,1122,2134,2290,1664.5
עידן ברקאי,9,9.0,0.0028526148969889066,0.0,0.3190992804874146,0.0007060176416858037,1112,1122,2172,2260,1666.5
שי ליבני,9,9.0,0.0028526148969889066,0.0,0.3190992804874146,0.0007060176416858037,1112,1122,2172,2260,1666.5
מורי שרם,9,9.0,0.0028526148969889066,0.0,0.3190992804874146,0.0007060176416858037,1112,1122,2172,2260,1666.5
יהודה מור,9,9.0,0.0028526148969889066,0.0,0.3190992804874146,0.0007060176416858037,1112,1122,2172,2260,1666.5
יואב סעידיאן רוזנברג,9,9.0,0.0028526148969889066,0.0,0.3190992804874146,0.0007060176416858037,1112,1122,2172,2260,1666.5
בועז רימר,9,9.0,0.0028526148969889066,0.0,0.31165884711985875,0.0009550582237668061,1112,1122,2337,2096,1666.75
דנה מודן,9,9.0,0.0028526148969889066,0.0,0.31165884711985875,0.0009550582237668061,1112,1122,2337,2096,1666.75
נח שלו שלומוביץ,9,9.0,0.0028526148969889066,0.0,0.31165884711985875,0.0009550582237668061,1112,1122,2337,2096,1666.75
אורי אומנותי,12,12.0,0.003803486529318542,2.3716925294375308e-05,0.31017608729164453,0.0006554033225038396,1064,931,2358,2315,1667.0
רות הריס,5,5.0,0.001584786053882726,0.0,0.3403146184478712,0.0035005030884118,2787,1122,1625,1136,1667.5
שמעון ברון,5,5.0,0.001584786053882726,0.0,0.3403146184478712,0.0035005030884118,2787,1122,1625,1136,1667.5
נעה קולר,9,9.0,0.0028526148969889066,0.0,0.3155986072683137,0.0008572647075154692,1112,1122,2269,2174,1669.25
נעה פרידמן,9,9.0,0.0028526148969889066,0.0,0.3155986072683137,0.0008572647075154692,1112,1122,2269,2174,1669.25
נתלי ברמן,9,9.0,0.0028526148969889066,0.0,0.3155986072683137,0.0008572647075154692,1112,1122,2269,2174,1669.25
מחמוד שלבי,15,15.0,0.004754358161648178,0.0035743608347812805,0.27290265622159215,0.0001094242088045193,946,153,2803,2793,1673.75
עליזה אברג'יל,9,9.0,0.0028526148969889066,0.0,0.31732963504952333,0.000741295779715042,1112,1122,2228,2233,1673.75
נוגה פז,9,9.0,0.0028526148969889066,0.0,0.31732963504952333,0.000741295779715042,1112,1122,2228,2233,1673.75
צבי קורמן,9,9.0,0.0028526148969889066,0.0,0.31732963504952333,0.000741295779715042,1112,1122,2228,2233,1673.75
עדנאן טראבשה,8,8.0,0.0025356576862123614,0.0,0.34352516611957173,0.0015927396259728189,2320,1122,1516,1740,1674.5
ויסאם נאסר,8,8.0,0.0025356576862123614,0.0,0.34352516611957173,0.0015927396259728189,2320,1122,1516,1740,1674.5
נסרין פאעור,8,8.0,0.0025356576862123614,0.0,0.34352516611957173,0.0015927396259728186,2320,1122,1516,1742,1675.0
מוריאל גיט-גולדשטיין,9,9.0,0.0028526148969889066,0.0,0.3188783997025648,0.0006888311959430415,1112,1122,2192,2281,1676.75
מיטל טימסיט,9,9.0,0.0028526148969889066,0.0,0.3188783997025648,0.0006888311959430415,1112,1122,2192,2281,1676.75
שי ורקר,9,9.0,0.0028526148969889066,0.0,0.3188783997025648,0.0006888311959430415,1112,1122,2192,2281,1676.75
יורם זקס,9,9.0,0.0028526148969889066,0.0,0.3188783997025648,0.0006888311959430415,1112,1122,2192,2281,1676.75
תומר בן דוד,6,6.0,0.001901743264659271,0.0,0.347160586007663,0.002061591848370034,2650,1122,1386,1552,1677.5
לוטוף נוסייר,6,6.0,0.001901743264659271,0.0,0.347160586007663,0.002061591848370034,2650,1122,1386,1552,1677.5
צופית שפאן,6,6.0,0.001901743264659271,0.0,0.347160586007663,0.002061591848370034,2650,1122,1386,1552,1677.5
רעות אפוטה,6,6.0,0.001901743264659271,0.0,0.347160586007663,0.002061591848370034,2650,1122,1386,1552,1677.5
ליאור אבן חיים,9,9.0,0.0028526148969889066,0.0,0.3136751927089114,0.0008472423793862208,1112,1122,2305,2179,1679.5
אסף יבור,9,9.0,0.0028526148969889066,0.0,0.3136751927089114,0.0008472423793862208,1112,1122,2305,2179,1679.5
שרון לרנר,9,9.0,0.0028526148969889066,0.0,0.3136751927089114,0.0008472423793862208,1112,1122,2305,2179,1679.5
דידי מנוסי,9,9.0,0.0028526148969889066,0.0,0.3136751927089114,0.0008472423793862208,1112,1122,2305,2179,1679.5
ירון לונדון,9,9.0,0.0028526148969889066,0.0,0.3136751927089114,0.0008472423793862208,1112,1122,2305,2179,1679.5
ברטה ליטבינוב,7,7.0,0.0022187004754358162,0.0,0.3333979072135966,0.0028357499784981495,2502,1122,1811,1285,1680.0
קרן אן,8,8.0,0.0025356576862123614,0.0,0.345688440855733,0.0013124788980023866,2320,1122,1434,1849,1681.25
סאלי אן פרידלנד,7,7.0,0.0022187004754358162,0.0,0.3361213589812727,0.002552776923969776,2502,1122,1737,1366,1681.75
רותי בורנשטיין,6,6.0,0.001901743264659271,0.0,0.3495461410196328,0.0018400292325611277,2650,1122,1325,1637,1683.5
דניאלה וירצר,9,9.0,0.0028526148969889066,0.0,0.31554681794074846,0.0007302183703736682,1112,1122,2272,2242,1687.0
אלון פרידמן,9,9.0,0.0028526148969889066,0.0,0.31554681794074846,0.0007302183703736682,1112,1122,2272,2242,1687.0
שני כהן,12,12.0,0.003803486529318542,5.6174500631815e-05,0.3041035183870354,0.0004861919685435831,1064,793,2466,2435,1689.5
חלוץ מרכזי,9,9.0,0.0028526148969889066,0.0,0.3137596069507376,0.0007325731934118813,1112,1122,2300,2236,1692.5
סוכן האישי,9,9.0,0.0028526148969889066,0.0,0.3137596069507376,0.0007325731934118813,1112,1122,2300,2236,1692.5
נבל,9,9.0,0.0028526148969889066,0.0,0.3137596069507376,0.0007325731934118813,1112,1122,2300,2236,1692.5
מריאנו אידלמן,9,9.0,0.0028526148969889066,0.0,0.3137596069507376,0.0007325731934118813,1112,1122,2300,2236,1692.5
גל גדות,9,9.0,0.0028526148969889066,0.0,0.3137596069507376,0.0007325731934118813,1112,1122,2300,2236,1692.5
דניאל ברוסובני,5,5.0,0.001584786053882726,0.0,0.35093480310061503,0.0019373012453827811,2787,1122,1288,1599,1699.0
חנה רובינא,7,7.0,0.0022187004754358162,0.0,0.3306223555655363,0.00276500297237264,2502,1122,1875,1309,1702.0
זלמן קינג,8,8.0,0.0025356576862123614,0.0,0.32301729404919294,0.0028297011642935375,2320,1122,2082,1290,1703.5
אדוארד ג'י רובינסון,8,8.0,0.0025356576862123614,0.0,0.32301729404919294,0.0028297011642935375,2320,1122,2082,1290,1703.5
ג'רי היימן,6,6.0,0.001901743264659271,0.0,0.3384296594051539,0.0025666201155702707,2650,1122,1679,1364,1703.75
יונתן סגל,6,6.0,0.001901743264659271,0.0,0.3384296594051539,0.0025666201155702707,2650,1122,1679,1364,1703.75
כנרת טריפון,7,7.0,0.0022187004754358162,0.0,0.3392287526474966,0.0020761494982355945,2502,1122,1655,1543,1705.5
דוד מונשיין,7,7.0,0.0022187004754358162,0.0,0.3392287526474966,0.0020761494982355945,2502,1122,1655,1543,1705.5
אברי גלעד,7,7.0,0.0022187004754358162,0.0,0.3392287526474966,0.0020761494982355945,2502,1122,1655,1543,1705.5
ענת דולב,7,7.0,0.0022187004754358162,0.0,0.3392287526474966,0.0020761494982355945,2502,1122,1655,1543,1705.5
יעל דן,7,7.0,0.0022187004754358162,0.0,0.3392287526474966,0.0020761494982355945,2502,1122,1655,1543,1705.5
אלכסנדר אבדולוב,7,7.0,0.0022187004754358162,0.0,0.34007236442428806,0.0020057277929514464,2502,1122,1630,1577,1707.75
אודיה קורן,7,7.0,0.0022187004754358162,0.0,0.34007236442428806,0.0020057277929514464,2502,1122,1630,1577,1707.75
טטיאנה ואסילייבה,7,7.0,0.0022187004754358162,0.0,0.34007236442428806,0.0020057277929514464,2502,1122,1630,1577,1707.75
יפים אברמוב,7,7.0,0.0022187004754358162,0.0,0.34007236442428806,0.0020057277929514464,2502,1122,1630,1577,1707.75
יהודית רביץ,5,5.0,0.001584786053882726,0.0,0.3432045610608107,0.0024776149094162137,2787,1122,1534,1389,1708.0
שאול מיטלפונקט,9,9.0,0.0028526148969889066,0.0,0.3101729602500743,0.0007126148442112473,1112,1122,2359,2249,1710.5
מאיה דוניץ,9,9.0,0.0028526148969889066,0.0,0.3101729602500743,0.0007126148442112473,1112,1122,2359,2249,1710.5
אלון עייש,9,9.0,0.0028526148969889066,0.0,0.3101729602500743,0.0007126148442112473,1112,1122,2359,2249,1710.5
איילת גבאי-יגודה,9,9.0,0.0028526148969889066,0.0,0.3101729602500743,0.0007126148442112473,1112,1122,2359,2249,1710.5
"אי""ש חזן",9,9.0,0.0028526148969889066,0.0,0.3101729602500743,0.0007126148442112473,1112,1122,2359,2249,1710.5
אדם אבולעפיה,9,9.0,0.0028526148969889066,0.0,0.3101729602500743,0.0007126148442112473,1112,1122,2359,2249,1710.5
אמור הדריה,9,9.0,0.0028526148969889066,0.0,0.31505820166660226,0.0006250831474970975,1112,1122,2284,2336,1713.5
מנדי ברששת,9,9.0,0.0028526148969889066,0.0,0.31505820166660226,0.0006250831474970975,1112,1122,2284,2336,1713.5
עתליה זהבי,9,9.0,0.0028526148969889066,0.0,0.31505820166660226,0.0006250831474970975,1112,1122,2284,2336,1713.5
יואב קרן,9,9.0,0.0028526148969889066,0.0,0.31505820166660226,0.0006250831474970975,1112,1122,2284,2336,1713.5
רוני נדלר,9,9.0,0.0028526148969889066,0.0,0.31505820166660226,0.0006250831474970975,1112,1122,2284,2336,1713.5
איתמר מלול,9,9.0,0.0028526148969889066,0.0,0.31505820166660226,0.0006250831474970975,1112,1122,2284,2336,1713.5
מעין וינשטוק,11,11.0,0.003486529318541997,0.00023079948361687767,0.2990952308475444,0.00020015803824321554,1088,560,2540,2669,1714.25
דניאל לביד,9,9.0,0.0028526148969889066,0.0,0.31180814052265704,0.000664422543128141,1112,1122,2328,2303,1716.25
איריס בר,9,9.0,0.0028526148969889066,0.0,0.31180814052265704,0.000664422543128141,1112,1122,2328,2303,1716.25
לירז חממי,9,9.0,0.0028526148969889066,0.0,0.31180814052265704,0.000664422543128141,1112,1122,2328,2303,1716.25
סטפי סלמה,9,9.0,0.0028526148969889066,0.0,0.31180814052265704,0.000664422543128141,1112,1122,2328,2303,1716.25
עידו מור,9,9.0,0.0028526148969889066,0.0,0.31180814052265704,0.000664422543128141,1112,1122,2328,2303,1716.25
קים גורדון,9,9.0,0.0028526148969889066,0.0,0.3174123957178244,0.0005165571475739139,1112,1122,2223,2416,1718.25
אמה אלפי,9,9.0,0.0028526148969889066,0.0,0.3174123957178244,0.0005165571475739139,1112,1122,2223,2416,1718.25
נעמה ארלקי,9,9.0,0.0028526148969889066,0.0,0.3174123957178244,0.0005165571475739139,1112,1122,2223,2416,1718.25
יובל וין,9,9.0,0.0028526148969889066,0.0,0.3174123957178244,0.0005165571475739139,1112,1122,2223,2416,1718.25
בתאל משיאן,9,9.0,0.0028526148969889066,0.0,0.3174123957178244,0.0005165571475739139,1112,1122,2223,2416,1718.25
טל בן בינה,8,8.0,0.0025356576862123614,0.0,0.3436852826271929,0.001159896057665276,2320,1122,1504,1951,1724.25
דור סרוגו,8,8.0,0.0025356576862123614,0.0,0.3436852826271929,0.001159896057665276,2320,1122,1504,1951,1724.25
אור אדרי,8,8.0,0.0025356576862123614,0.0,0.3436852826271929,0.001159896057665276,2320,1122,1504,1951,1724.25
אורי ידלין,8,8.0,0.0025356576862123614,0.0,0.3436852826271929,0.001159896057665276,2320,1122,1504,1951,1724.25
עדי שיר,8,8.0,0.0025356576862123614,0.0,0.3436852826271929,0.001159896057665276,2320,1122,1504,1951,1724.25
יוסף המספר,5,5.0,0.001584786053882726,0.0,0.3430263029068812,0.00233168126109914,2787,1122,1548,1446,1725.75
ירוסלב יעקובוביץ',5,5.0,0.001584786053882726,0.0,0.3430263029068812,0.00233168126109914,2787,1122,1548,1446,1725.75
רודיה קוזלובסקי,9,9.0,0.0028526148969889066,0.0,0.30422398301751336,0.0007423559012889842,1112,1122,2464,2230,1732.0
רות רסיוק,9,9.0,0.0028526148969889066,0.0,0.30422398301751336,0.0007423559012889842,1112,1122,2464,2230,1732.0
רובא בלאל,6,6.0,0.001901743264659271,0.0,0.3442582973151679,0.001750284846834796,2650,1122,1486,1674,1733.0
שי קדימי,9,9.0,0.0028526148969889066,0.0,0.3133929315129954,0.000552444777636781,1112,1122,2316,2392,1735.5
אריאל וולף,9,9.0,0.0028526148969889066,0.0,0.3133929315129954,0.000552444777636781,1112,1122,2316,2392,1735.5
חנן קרן,9,9.0,0.0028526148969889066,0.0,0.30778967961110254,0.0006505547448441469,1112,1122,2406,2316,1739.0
נוי גור,9,9.0,0.0028526148969889066,0.0,0.30778967961110254,0.0006505547448441469,1112,1122,2406,2316,1739.0
דנה שרייר,9,9.0,0.0028526148969889066,0.0,0.30778967961110254,0.0006505547448441469,1112,1122,2406,2316,1739.0
מיקי ברקוביץ',9,9.0,0.0028526148969889066,0.0,0.30778967961110254,0.0006505547448441469,1112,1122,2406,2316,1739.0
טובה פירון,9,9.0,0.0028526148969889066,0.0,0.2920621444557373,0.0009419499729611136,1112,1122,2617,2115,1741.5
אהד זמורה,9,9.0,0.0028526148969889066,0.0,0.2920621444557373,0.0009419499729611136,1112,1122,2617,2115,1741.5
נתן מייזלר,9,9.0,0.0028526148969889066,0.0,0.2920621444557373,0.0009419499729611136,1112,1122,2617,2115,1741.5
דבורה קסטלנץ,9,9.0,0.0028526148969889066,0.0,0.2920621444557373,0.0009419499729611136,1112,1122,2617,2115,1741.5
דב פייגין,9,9.0,0.0028526148969889066,0.0,0.2920621444557373,0.0009419499729611136,1112,1122,2617,2115,1741.5
טל נתיב,9,9.0,0.0028526148969889066,0.0,0.2920621444557373,0.0009419499729611136,1112,1122,2617,2115,1741.5
צביקה שוורצברג,6,6.0,0.001901743264659271,0.0,0.3387063407275226,0.0021150176504431445,2650,1122,1675,1520,1741.75
חן חגי,6,6.0,0.001901743264659271,0.0,0.3387063407275226,0.0021150176504431445,2650,1122,1675,1520,1741.75
ירדן ג'רבי,9,9.0,0.0028526148969889066,0.0,0.3098753062862268,0.0005946532002007308,1112,1122,2372,2364,1742.5
פטר לינקה,9,9.0,0.0028526148969889066,0.0,0.3098753062862268,0.0005946532002007308,1112,1122,2372,2364,1742.5
אסתר מרטון,9,9.0,0.0028526148969889066,0.0,0.3098753062862268,0.0005946532002007308,1112,1122,2372,2364,1742.5
דומיניקה בירו פנה,9,9.0,0.0028526148969889066,0.0,0.3098753062862268,0.0005946532002007308,1112,1122,2372,2364,1742.5
אנה בלוג,9,9.0,0.0028526148969889066,0.0,0.3098753062862268,0.0005946532002007308,1112,1122,2372,2364,1742.5
צ'רבה קרקס,9,9.0,0.0028526148969889066,0.0,0.3098753062862268,0.0005946532002007308,1112,1122,2372,2364,1742.5
בוגלרקה קאוש,9,9.0,0.0028526148969889066,0.0,0.3098753062862268,0.0005946532002007308,1112,1122,2372,2364,1742.5
אברהם חלפי,9,9.0,0.0028526148969889066,0.0,0.29034321181501144,0.0009449842027331749,1112,1122,2638,2107,1744.75
עדה ספיר,9,9.0,0.0028526148969889066,0.0,0.29034321181501144,0.0009449842027331747,1112,1122,2638,2108,1745.0
עפרה דירון,9,9.0,0.0028526148969889066,0.0,0.29034321181501144,0.0009449842027331747,1112,1122,2638,2108,1745.0
ארנן צפריר,9,9.0,0.0028526148969889066,0.0,0.29034321181501144,0.0009449842027331747,1112,1122,2638,2108,1745.0
חנוך לוין,9,9.0,0.0028526148969889066,0.0,0.29034321181501144,0.0009449842027331747,1112,1122,2638,2108,1745.0
סאביץ גולדרייך,9,9.0,0.0028526148969889066,0.0,0.29034321181501144,0.0009449842027331747,1112,1122,2638,2108,1745.0
מיכה פרודובסקי,5,5.0,0.001584786053882726,0.0,0.3478504336595742,0.0016743095254279918,2787,1122,1361,1711,1745.25
טיילור מלכוב,11,11.0,0.003486529318541997,4.5536156142565456e-05,0.2943454389105246,0.0004282080014507393,1088,829,2586,2478,1745.25
איהאב אליאס סלאמה,9,9.0,0.0028526148969889066,0.0,0.3095622678512696,0.0005935925261433507,1112,1122,2382,2371,1746.75
ג'ונה סולימאן,9,9.0,0.0028526148969889066,0.0,0.3095622678512696,0.0005935925261433507,1112,1122,2382,2371,1746.75
דוריד לידוואי,9,9.0,0.0028526148969889066,0.0,0.3095622678512696,0.0005935925261433507,1112,1122,2382,2371,1746.75
יארה יארר,9,9.0,0.0028526148969889066,0.0,0.3095622678512696,0.0005935925261433507,1112,1122,2382,2371,1746.75
איזבל רמדאן,9,9.0,0.0028526148969889066,0.0,0.3095622678512696,0.0005935925261433507,1112,1122,2382,2371,1746.75
ג'ונא סולימאן,9,9.0,0.0028526148969889066,0.0,0.3095622678512696,0.0005935925261433507,1112,1122,2382,2371,1746.75
אלכס בכרי,9,9.0,0.0028526148969889066,0.0,0.3095622678512696,0.0005935925261433507,1112,1122,2382,2371,1746.75
מרוואן חמדן,9,9.0,0.0028526148969889066,0.0,0.3095622678512696,0.0005935925261433507,1112,1122,2382,2371,1746.75
דני ריטנברג,5,5.0,0.001584786053882726,0.0,0.34851871823726793,0.0016434322064176345,2787,1122,1348,1732,1747.25
יוסי טולדו,5,5.0,0.001584786053882726,0.0,0.34851871823726793,0.0016434322064176345,2787,1122,1348,1732,1747.25
גל תורן,11,11.0,0.003486529318541997,7.762132082093218e-05,0.29643012174494315,0.00027639590633008387,1088,742,2565,2601,1749.0
ראובן שיבק,9,9.0,0.0028526148969889066,0.0,0.30536675583640993,0.0006283294848954164,1112,1122,2435,2330,1749.75
רונן הופמן,9,9.0,0.0028526148969889066,0.0,0.30536675583640993,0.0006283294848954164,1112,1122,2435,2330,1749.75
נועה מצנר,9,9.0,0.0028526148969889066,0.0,0.30536675583640993,0.0006283294848954164,1112,1122,2435,2330,1749.75
איילת הלפרן,9,9.0,0.0028526148969889066,0.0,0.30536675583640993,0.0006283294848954164,1112,1122,2435,2330,1749.75
איתמר פלג-גינזבורג,9,9.0,0.0028526148969889066,0.0,0.30536675583640993,0.0006283294848954164,1112,1122,2435,2330,1749.75
ניצה רייס,9,9.0,0.0028526148969889066,0.0,0.30536675583640993,0.0006283294848954164,1112,1122,2435,2330,1749.75
יובל ינאי,9,9.0,0.0028526148969889066,0.0,0.30922878240105844,0.0005469408804383899,1112,1122,2393,2399,1756.5
מתן אברבך,9,9.0,0.0028526148969889066,0.0,0.30922878240105844,0.0005469408804383899,1112,1122,2393,2399,1756.5
דון נדל,9,9.0,0.0028526148969889066,0.0,0.30922878240105844,0.0005469408804383899,1112,1122,2393,2399,1756.5
שלו גלבר,9,9.0,0.0028526148969889066,0.0,0.30922878240105844,0.0005469408804383899,1112,1122,2393,2399,1756.5
ערן שראל,9,9.0,0.0028526148969889066,0.0,0.3049332982080612,0.0006023103796770826,1112,1122,2449,2351,1758.5
ניר שעיבי,9,9.0,0.0028526148969889066,0.0,0.3049332982080612,0.0006023103796770826,1112,1122,2449,2351,1758.5
אסף הרץ,9,9.0,0.0028526148969889066,0.0,0.3049332982080612,0.0006023103796770826,1112,1122,2449,2351,1758.5
ליאור רוכמן,12,12.0,0.003803486529318542,0.00015678189188241912,0.28640095838672586,0.00016685562307366855,1064,621,2675,2700,1765.0
אורית אביב,6,6.0,0.001901743264659271,0.0,0.3424114597751534,0.0016002673226121918,2650,1122,1565,1737,1768.5
יניב בן עמי,6,6.0,0.001901743264659271,0.0,0.3424114597751534,0.0016002673226121918,2650,1122,1565,1737,1768.5
נעמה שפירא,4,4.0,0.0012678288431061807,0.0,0.3472741894554019,0.0017422189974833633,2905,1122,1379,1680,1771.5
טום יפת,4,4.0,0.0012678288431061807,0.0,0.3472741894554019,0.0017422189974833633,2905,1122,1379,1680,1771.5
יעקב דניאל,4,4.0,0.0012678288431061807,0.0,0.3472741894554019,0.0017422189974833633,2905,1122,1379,1680,1771.5
רז זהבי,9,9.0,0.0028526148969889066,0.0,0.31080054439805366,0.0003966906037590419,1112,1122,2347,2508,1772.25
שייע פייגנבוים,9,9.0,0.0028526148969889066,0.0,0.31080054439805366,0.0003966906037590419,1112,1122,2347,2508,1772.25
ג'ובאני רוסו,9,9.0,0.0028526148969889066,0.0,0.31080054439805366,0.0003966906037590419,1112,1122,2347,2508,1772.25
ליאם גולן,9,9.0,0.0028526148969889066,0.0,0.31080054439805366,0.0003966906037590419,1112,1122,2347,2508,1772.25
אורי ברויר,9,9.0,0.0028526148969889066,0.0,0.31080054439805366,0.0003966906037590419,1112,1122,2347,2508,1772.25
לי גילת,8,8.0,0.0025356576862123614,0.0,0.3341115052911428,0.0012687844055025224,2320,1122,1787,1868,1774.25
עמית יגור,9,9.0,0.0028526148969889066,0.0,0.302704334076174,0.0005517467220750998,1112,1122,2477,2394,1776.25
קווין רובין,9,9.0,0.0028526148969889066,0.0,0.3092978524624136,0.0004195954089566302,1112,1122,2390,2488,1778.0
עידן תלם,9,9.0,0.0028526148969889066,0.0,0.3092978524624136,0.0004195954089566302,1112,1122,2390,2488,1778.0
שירה לוי,9,9.0,0.0028526148969889066,0.0,0.3092978524624136,0.0004195954089566302,1112,1122,2390,2488,1778.0
רוי בוטבול,7,7.0,0.0022187004754358162,0.0,0.3369713555776083,0.00151189379703876,2502,1122,1715,1777,1779.0
ואנגליס מוריקיס,7,7.0,0.0022187004754358162,0.0,0.3369713555776083,0.00151189379703876,2502,1122,1715,1777,1779.0
ישראל ויסלר (פוצ'ו),7,7.0,0.0022187004754358162,0.0,0.3369713555776083,0.00151189379703876,2502,1122,1715,1777,1779.0
אריאן לאבד,7,7.0,0.0022187004754358162,0.0,0.3369713555776083,0.00151189379703876,2502,1122,1715,1777,1779.0
ליאורה גרוסמן,8,8.0,0.0025356576862123614,0.0,0.32599582907764246,0.0017382408908833034,2320,1122,2004,1684,1782.5
מיכל עובדיה,8,8.0,0.0025356576862123614,0.0,0.32599582907764246,0.0017382408908833034,2320,1122,2004,1684,1782.5
לארי בצ'ינס,7,7.0,0.0022187004754358162,0.0,0.33165272388809575,0.0017757006314287078,2502,1122,1851,1658,1783.25
אלעד שרעבי,7,7.0,0.0022187004754358162,0.0,0.33165272388809575,0.0017757006314287078,2502,1122,1851,1658,1783.25
רביד רונן,9,9.0,0.0028526148969889066,0.0,0.3066181393294589,0.00041995619546229124,1112,1122,2423,2482,1784.75
רוני דואני,9,9.0,0.0028526148969889066,0.0,0.3066181393294589,0.00041995619546229124,1112,1122,2423,2482,1784.75
יעל שלביה,9,9.0,0.0028526148969889066,0.0,0.3066181393294589,0.00041995619546229124,1112,1122,2423,2482,1784.75
נועם קלינשטיין,9,9.0,0.0028526148969889066,0.0,0.3066181393294589,0.00041995619546229124,1112,1122,2423,2482,1784.75
אמיר בנאי,9,9.0,0.0028526148969889066,0.0,0.3066181393294589,0.00041995619546229124,1112,1122,2423,2482,1784.75
נווה צור,9,9.0,0.0028526148969889066,0.0,0.3068009123706965,0.00041986173146300437,1112,1122,2420,2487,1785.25
טרייסי אברמוביץ',7,7.0,0.0022187004754358162,0.0,0.33787633816931323,0.00134196784084589,2502,1122,1688,1835,1786.75
לופו ברקוביץ',7,7.0,0.0022187004754358162,0.0,0.33787633816931323,0.00134196784084589,2502,1122,1688,1835,1786.75
בתיה ברק,7,7.0,0.0022187004754358162,0.0,0.33787633816931323,0.00134196784084589,2502,1122,1688,1835,1786.75
ג'נלין זוניו לוט,9,9.0,0.0028526148969889066,0.0,0.30037034221866626,0.0005310861108673667,1112,1122,2509,2405,1787.0
רביד פלוטניק,9,9.0,0.0028526148969889066,0.0,0.30037034221866626,0.0005310861108673667,1112,1122,2509,2405,1787.0
לוסי איוב,9,9.0,0.0028526148969889066,0.0,0.30037034221866626,0.0005310861108673667,1112,1122,2509,2405,1787.0
תמיר בר,9,9.0,0.0028526148969889066,0.0,0.30037034221866626,0.0005310861108673667,1112,1122,2509,2405,1787.0
דלית זריהן,9,9.0,0.0028526148969889066,0.0,0.30037034221866626,0.0005310861108673667,1112,1122,2509,2405,1787.0
יאיר נשר,9,9.0,0.0028526148969889066,0.0,0.30037034221866626,0.0005310861108673667,1112,1122,2509,2405,1787.0
שמואל גולדשטיין,9,9.0,0.0028526148969889066,0.0,0.30037034221866626,0.0005310861108673667,1112,1122,2509,2405,1787.0
עדית בר משה,7,7.0,0.0022187004754358162,0.0,0.32137275828478035,0.002415839600543006,2502,1122,2121,1406,1787.75
אבנר דן,6,6.0,0.001901743264659271,0.0,0.3361315577663254,0.001752170892483417,2650,1122,1735,1672,1794.75
תבנית:שיש קולר,6,6.0,0.001901743264659271,0.0,0.3361315577663254,0.001752170892483417,2650,1122,1735,1672,1794.75
עימד ג'ברין,9,9.0,0.0028526148969889066,0.0,0.2994752551140525,0.0005121038484699829,1112,1122,2534,2421,1797.25
אליאס עבוד,9,9.0,0.0028526148969889066,0.0,0.2994752551140525,0.0005121038484699829,1112,1122,2534,2421,1797.25
חאולה חאג' דיבסי,9,9.0,0.0028526148969889066,0.0,0.2994752551140525,0.0005121038484699829,1112,1122,2534,2421,1797.25
ולדימיר פורטנוב,9,9.0,0.0028526148969889066,0.0,0.2994752551140525,0.0005121038484699829,1112,1122,2534,2421,1797.25
אדיב ג'האשן,9,9.0,0.0028526148969889066,0.0,0.2994752551140525,0.0005121038484699829,1112,1122,2534,2421,1797.25
פאולה טירדו,9,9.0,0.0028526148969889066,0.0,0.30130273501995175,0.00043486727954737464,1112,1122,2486,2471,1797.75
ליעוז לוי,9,9.0,0.0028526148969889066,0.0,0.30130273501995175,0.00043486727954737464,1112,1122,2486,2471,1797.75
לונא מנסור,9,9.0,0.0028526148969889066,0.0,0.30130273501995175,0.00043486727954737464,1112,1122,2486,2471,1797.75
חואן פרידמן,9,9.0,0.0028526148969889066,0.0,0.30130273501995175,0.00043486727954737464,1112,1122,2486,2471,1797.75
סטפני מרידה,9,9.0,0.0028526148969889066,0.0,0.30130273501995175,0.00043486727954737464,1112,1122,2486,2471,1797.75
חואן פאבלו אוליסלאגר,9,9.0,0.0028526148969889066,0.0,0.30130273501995175,0.00043486727954737464,1112,1122,2486,2471,1797.75
מאיה עשת,9,9.0,0.0028526148969889066,0.0,0.30130273501995175,0.00043486727954737464,1112,1122,2486,2471,1797.75
רחל אדרי,7,7.0,0.0022187004754358162,0.0,0.3433376903226517,0.001024421306088873,2502,1122,1524,2050,1799.5
אבו עמר,7,7.0,0.0022187004754358162,0.0,0.3433376903226517,0.001024421306088873,2502,1122,1524,2050,1799.5
ארקדי שוסטר,7,7.0,0.0022187004754358162,0.0,0.3433376903226517,0.001024421306088873,2502,1122,1524,2050,1799.5
יונס,7,7.0,0.0022187004754358162,0.0,0.3433376903226517,0.001024421306088873,2502,1122,1524,2050,1799.5
דוד אדרי,7,7.0,0.0022187004754358162,0.0,0.3433376903226517,0.001024421306088873,2502,1122,1524,2050,1799.5
אביתר אדרי,7,7.0,0.0022187004754358162,0.0,0.3433376903226517,0.001024421306088873,2502,1122,1524,2050,1799.5
סונה זועבי,9,9.0,0.0028526148969889066,0.0,0.30328213264312714,0.00039974969610401544,1112,1122,2472,2501,1801.75
נולי עומר,9,9.0,0.0028526148969889066,0.0,0.30328213264312714,0.00039974969610401544,1112,1122,2472,2501,1801.75
לופו ברקוביץ,9,9.0,0.0028526148969889066,0.0,0.30328213264312714,0.00039974969610401544,1112,1122,2472,2501,1801.75
סאמיה קזמוז,9,9.0,0.0028526148969889066,0.0,0.30328213264312714,0.00039974969610401544,1112,1122,2472,2501,1801.75
אפרת בוימוולד,9,9.0,0.0028526148969889066,0.0,0.30328213264312714,0.00039974969610401544,1112,1122,2472,2501,1801.75
קובי מרציאנו,6,6.0,0.001901743264659271,0.0,0.34027063623144294,0.0013877798510055666,2650,1122,1627,1823,1805.5
הילה רוח,9,9.0,0.0028526148969889066,0.0,0.3011077917794493,0.0004068366885949758,1112,1122,2496,2495,1806.25
יבגני מוליבוגה,9,9.0,0.0028526148969889066,0.0,0.3011077917794493,0.0004068366885949758,1112,1122,2496,2495,1806.25
אורלי רות פלדהיים,9,9.0,0.0028526148969889066,0.0,0.3011077917794493,0.0004068366885949758,1112,1122,2496,2495,1806.25
סימור דניאל,9,9.0,0.0028526148969889066,0.0,0.3011077917794493,0.0004068366885949758,1112,1122,2496,2495,1806.25
רונן ברגמן,7,7.0,0.0022187004754358162,0.0,0.33291515107185526,0.0014814147809287972,2502,1122,1825,1783,1808.0
מתן וילנאי,7,7.0,0.0022187004754358162,0.0,0.33291515107185526,0.0014814147809287972,2502,1122,1825,1783,1808.0
איציק קריחלי,9,9.0,0.0028526148969889066,0.0,0.3036606666060618,0.0003765296149952704,1112,1122,2469,2530,1808.25
ג'וש שגיא,12,12.0,0.003803486529318542,0.00026575381356008673,0.2712131465403285,8.479824682796812e-05,1064,534,2818,2818,1808.5
אורי כץ,9,9.0,0.0028526148969889066,0.0,0.2960640021265334,0.0004617230248973764,1112,1122,2572,2441,1811.75
נכה,9,9.0,0.0028526148969889066,0.0,0.2960640021265334,0.0004617230248973764,1112,1122,2572,2441,1811.75
רגל עץ,9,9.0,0.0028526148969889066,0.0,0.2960640021265334,0.0004617230248973764,1112,1122,2572,2441,1811.75
אביבה אבידן,9,9.0,0.0028526148969889066,0.0,0.2960640021265334,0.0004617230248973764,1112,1122,2572,2441,1811.75
לירון וייסמן,9,9.0,0.0028526148969889066,0.0,0.2960640021265334,0.0004617230248973764,1112,1122,2572,2441,1811.75
מל מלכה,7,7.0,0.0022187004754358162,0.0,0.3356296661145441,0.001256412047983244,2502,1122,1754,1875,1813.25
ארי נשר,7,7.0,0.0022187004754358162,0.0,0.3356296661145441,0.001256412047983244,2502,1122,1754,1875,1813.25
חן יאני,8,8.0,0.0025356576862123614,0.0,0.3289456220559261,0.0012130909386945143,2320,1122,1919,1892,1813.25
יציאה מהארון,8,8.0,0.0025356576862123614,0.0,0.3289456220559261,0.0012130909386945143,2320,1122,1919,1892,1813.25
חנה שיגולה,6,6.0,0.001901743264659271,0.0,0.3417897468924532,0.001197598084264449,2650,1122,1574,1912,1814.5
רוזמונד פייק,6,6.0,0.001901743264659271,0.0,0.3417897468924532,0.001197598084264449,2650,1122,1574,1912,1814.5
דיאנה בספצ'ני,6,6.0,0.001901743264659271,0.0,0.3417897468924532,0.001197598084264449,2650,1122,1574,1912,1814.5
קריסטינה ליכניצקי,6,6.0,0.001901743264659271,0.0,0.3417897468924532,0.001197598084264449,2650,1122,1574,1912,1814.5
אן פריו,6,6.0,0.001901743264659271,0.0,0.3417897468924532,0.001197598084264449,2650,1122,1574,1912,1814.5
מומו טרלובסקי,7,7.0,0.0022187004754358162,0.0,0.3316738011615111,0.0014716931652222897,2502,1122,1850,1787,1815.25
"יוסף ""ג'ו"" סוויד",7,7.0,0.0022187004754358162,0.0,0.332973271090955,0.001324129980898215,2502,1122,1823,1843,1822.5
ירמי אומני,9,9.0,0.0028526148969889066,0.0,0.30024135557438164,0.00034077704448179965,1112,1122,2516,2555,1826.25
טונה,9,9.0,0.0028526148969889066,0.0,0.30024135557438164,0.00034077704448179965,1112,1122,2516,2555,1826.25
איציק פצצתי,9,9.0,0.0028526148969889066,0.0,0.30024135557438164,0.00034077704448179965,1112,1122,2516,2555,1826.25
פלד,9,9.0,0.0028526148969889066,0.0,0.30024135557438164,0.00034077704448179965,1112,1122,2516,2555,1826.25
אקו מורגנשטרן,9,9.0,0.0028526148969889066,0.0,0.30024135557438164,0.00034077704448179965,1112,1122,2516,2555,1826.25
עבדאללה עקל,9,9.0,0.0028526148969889066,0.0,0.3005792443402336,0.0002967300372090918,1112,1122,2502,2587,1830.75
ליר עיסא,9,9.0,0.0028526148969889066,0.0,0.3005792443402336,0.0002967300372090918,1112,1122,2502,2587,1830.75
גיל כהן,9,9.0,0.0028526148969889066,0.0,0.3005792443402336,0.0002967300372090918,1112,1122,2502,2587,1830.75
אליאו בן זאב,9,9.0,0.0028526148969889066,0.0,0.29323944594484663,0.00037865472044232876,1112,1122,2592,2523,1837.25
ארקדי דוכין,9,9.0,0.0028526148969889066,0.0,0.29323944594484663,0.00037865472044232876,1112,1122,2592,2523,1837.25
איציק שמלי,9,9.0,0.0028526148969889066,0.0,0.29323944594484663,0.00037865472044232876,1112,1122,2592,2523,1837.25
רונן הרשקוביץ,9,9.0,0.0028526148969889066,0.0,0.29323944594484663,0.00037865472044232876,1112,1122,2592,2523,1837.25
שי חי,9,9.0,0.0028526148969889066,0.0,0.29323944594484663,0.00037865472044232876,1112,1122,2592,2523,1837.25
יולי בארי,6,6.0,0.001901743264659271,0.0,0.3355894759419413,0.0013734095595816789,2650,1122,1759,1829,1840.0
הילה סורג'ון,9,9.0,0.0028526148969889066,0.0,0.2997526052370746,0.000276064125572767,1112,1122,2526,2602,1840.5
אדר חזאזי גרש,9,9.0,0.0028526148969889066,0.0,0.2997526052370746,0.000276064125572767,1112,1122,2526,2602,1840.5
אלעד כודרה,9,9.0,0.0028526148969889066,0.0,0.2997526052370746,0.000276064125572767,1112,1122,2526,2602,1840.5
אלראי פס,9,9.0,0.0028526148969889066,0.0,0.2997526052370746,0.000276064125572767,1112,1122,2526,2602,1840.5
אוראל ספיר,9,9.0,0.0028526148969889066,0.0,0.2997526052370746,0.000276064125572767,1112,1122,2526,2602,1840.5
דויד וילחובסקי,9,9.0,0.0028526148969889066,0.0,0.2997526052370746,0.000276064125572767,1112,1122,2526,2602,1840.5
אושר עמרה,9,9.0,0.0028526148969889066,0.0,0.2997526052370746,0.000276064125572767,1112,1122,2526,2602,1840.5
שלום קינן,7,7.0,0.0022187004754358162,0.0,0.324353810901898,0.0017334394275187672,2502,1122,2053,1686,1840.75
גבי ינון,7,7.0,0.0022187004754358162,0.0,0.324353810901898,0.0017334394275187672,2502,1122,2053,1686,1840.75
איציק אלוני,7,7.0,0.0022187004754358162,0.0,0.324353810901898,0.0017334394275187672,2502,1122,2053,1686,1840.75
אהוד גרף,7,7.0,0.0022187004754358162,0.0,0.324353810901898,0.0017334394275187672,2502,1122,2053,1686,1840.75
מיכל אמדורסקי,9,9.0,0.0028526148969889066,0.0,0.29222377752891265,0.0003718191295744437,1112,1122,2611,2531,1844.0
שא ויי,9,9.0,0.0028526148969889066,0.0,0.29222377752891265,0.0003718191295744437,1112,1122,2611,2531,1844.0
יוני שמוס,9,9.0,0.0028526148969889066,0.0,0.29222377752891265,0.0003718191295744437,1112,1122,2611,2531,1844.0
אילנה אביטל,9,9.0,0.0028526148969889066,0.0,0.29222377752891265,0.0003718191295744437,1112,1122,2611,2531,1844.0
גליה אלבין,9,9.0,0.0028526148969889066,0.0,0.29222377752891265,0.0003718191295744437,1112,1122,2611,2531,1844.0
ניב רז,9,9.0,0.0028526148969889066,0.0,0.29222377752891265,0.0003718191295744437,1112,1122,2611,2531,1844.0
מאיר תמם,9,9.0,0.0028526148969889066,0.0,0.29512787105430976,0.0003044873507981434,1112,1122,2579,2576,1847.25
אורי ביטון,9,9.0,0.0028526148969889066,0.0,0.29512787105430976,0.0003044873507981434,1112,1122,2579,2576,1847.25
מייקל קביה אהרוני,9,9.0,0.0028526148969889066,0.0,0.29512787105430976,0.0003044873507981434,1112,1122,2579,2576,1847.25
שון מונגוזה,9,9.0,0.0028526148969889066,0.0,0.29512787105430976,0.0003044873507981434,1112,1122,2579,2576,1847.25
בר זומר,9,9.0,0.0028526148969889066,0.0,0.29512787105430976,0.0003044873507981434,1112,1122,2579,2576,1847.25
מיכה לבינסון,8,8.0,0.0025356576862123614,0.0,0.3262063081114197,0.0011085830469203261,2320,1122,1997,1981,1855.0
טונג'ל קורטיז,8,8.0,0.0025356576862123614,0.0,0.3262063081114197,0.0011085830469203261,2320,1122,1997,1981,1855.0
איריס הופמן,8,8.0,0.0025356576862123614,0.0,0.3262063081114197,0.0011085830469203261,2320,1122,1997,1981,1855.0
מוחמד דיב,8,8.0,0.0025356576862123614,0.0,0.3262063081114197,0.0011085830469203261,2320,1122,1997,1981,1855.0
אימאן כחיל,8,8.0,0.0025356576862123614,0.0,0.3262063081114197,0.0011085830469203261,2320,1122,1997,1981,1855.0
גור בנטביץ',5,5.0,0.001584786053882726,2.6319486378548205e-05,0.3418469600309131,0.0008902371143479373,2787,919,1571,2149,1856.5
בתני גורנברג,5,5.0,0.001584786053882726,0.0,0.339586123449836,0.001255699666944285,2787,1122,1644,1877,1857.5
אברהם הלר,3,3.0,0.0009508716323296355,0.0,0.339085146653761,0.0018230543576699169,3009,1122,1663,1642,1859.0
ציפורה הלר,3,3.0,0.0009508716323296355,0.0,0.339085146653761,0.0018230543576699169,3009,1122,1663,1642,1859.0
עידו אליאלי,9,9.0,0.0028526148969889066,0.0,0.2924112184952608,0.00026739362353582274,1112,1122,2606,2609,1862.25
עדן מאירי,9,9.0,0.0028526148969889066,0.0,0.2924112184952608,0.00026739362353582274,1112,1122,2606,2609,1862.25
יעל פדן,9,9.0,0.0028526148969889066,0.0,0.2924112184952608,0.00026739362353582274,1112,1122,2606,2609,1862.25
ניר כנען,9,9.0,0.0028526148969889066,0.0,0.2924112184952608,0.00026739362353582274,1112,1122,2606,2609,1862.25
עדי חבשוש,9,9.0,0.0028526148969889066,0.0,0.2924112184952608,0.00026739362353582274,1112,1122,2606,2609,1862.25
גיל ססובר,5,5.0,0.001584786053882726,0.0,0.3334866738583469,0.0015767847984921354,2787,1122,1808,1750,1866.75
מיכל רובין,5,5.0,0.001584786053882726,0.0,0.3334866738583469,0.0015767847984921354,2787,1122,1808,1750,1866.75
אילן גריף,5,5.0,0.001584786053882726,0.0,0.3334866738583469,0.0015767847984921354,2787,1122,1808,1750,1866.75
עופר גרינברג,9,9.0,0.0028526148969889066,0.0,0.29291898114522247,0.0002255888179223696,1112,1122,2601,2646,1870.25
סוול אריאל אור,9,9.0,0.0028526148969889066,0.0,0.29291898114522247,0.0002255888179223696,1112,1122,2601,2646,1870.25
ארז עובד,9,9.0,0.0028526148969889066,0.0,0.29291898114522247,0.0002255888179223696,1112,1122,2601,2646,1870.25
סיון תדמור,9,9.0,0.0028526148969889066,0.0,0.2906032504646243,0.00026207038304526504,1112,1122,2630,2617,1870.25
אנסטסיה אוורבוך,9,9.0,0.0028526148969889066,0.0,0.2906032504646243,0.00026207038304526504,1112,1122,2630,2617,1870.25
פאולה קרו,9,9.0,0.0028526148969889066,0.0,0.29291898114522247,0.0002255888179223696,1112,1122,2601,2646,1870.25
הילה מצקר-הלוי,11,11.0,0.003486529318541997,7.186453657518636e-05,0.27113736167834535,8.791433061175676e-05,1088,759,2819,2816,1870.5
סופי אוסטריצקי,9,9.0,0.0028526148969889066,0.0,0.291775816478659,0.00023803827477983348,1112,1122,2623,2639,1874.0
תמר בן שמואל,9,9.0,0.0028526148969889066,0.0,0.291775816478659,0.00023803827477983348,1112,1122,2623,2639,1874.0
יובל שגב,9,9.0,0.0028526148969889066,0.0,0.291775816478659,0.00023803827477983348,1112,1122,2623,2639,1874.0
אברהם הורוביץ,9,9.0,0.0028526148969889066,0.0,0.291775816478659,0.00023803827477983348,1112,1122,2623,2639,1874.0
שני דובינצ'יק,9,9.0,0.0028526148969889066,0.0,0.291775816478659,0.00023803827477983348,1112,1122,2623,2639,1874.0
יגאל עמיר,9,9.0,0.0028526148969889066,0.0,0.29052884628866205,0.00023835237868817202,1112,1122,2632,2633,1874.75
חגי עמיר,9,9.0,0.0028526148969889066,0.0,0.29052884628866205,0.00023835237868817202,1112,1122,2632,2633,1874.75
רענן פז,9,9.0,0.0028526148969889066,0.0,0.29052884628866205,0.00023835237868817202,1112,1122,2632,2633,1874.75
סיוון מסט,9,9.0,0.0028526148969889066,0.0,0.29052884628866205,0.00023835237868817202,1112,1122,2632,2633,1874.75
ענת רבניצקי,9,9.0,0.0028526148969889066,0.0,0.29052884628866205,0.00023835237868817202,1112,1122,2632,2633,1874.75
דולב אוחנה,9,9.0,0.0028526148969889066,0.0,0.29052884628866205,0.00023835237868817202,1112,1122,2632,2633,1874.75
יוסף קליינר,5,5.0,0.001584786053882726,0.0,0.33600246694098873,0.0013026588765710867,2787,1122,1747,1854,1877.5
חנה כהנא,3,3.0,0.0009508716323296355,0.0,0.3348941018378817,0.001886585593977483,3009,1122,1771,1617,1879.75
רינת אבולעפיה,9,9.0,0.0028526148969889066,0.0,0.28478416514323174,0.00024091975648166448,1112,1122,2683,2626,1885.75
גלית גיאת,9,9.0,0.0028526148969889066,0.0,0.28478416514323174,0.00024091975648166448,1112,1122,2683,2626,1885.75
הלן אנרידר,9,9.0,0.0028526148969889066,0.0,0.28478416514323174,0.00024091975648166448,1112,1122,2683,2626,1885.75
הדר עוזרי,9,9.0,0.0028526148969889066,0.0,0.28478416514323174,0.00024091975648166448,1112,1122,2683,2626,1885.75
אופיר נהרי,9,9.0,0.0028526148969889066,0.0,0.28478416514323174,0.00024091975648166448,1112,1122,2683,2626,1885.75
תמנה בראואר,9,9.0,0.0028526148969889066,0.0,0.28478416514323174,0.00024091975648166448,1112,1122,2683,2626,1885.75
אחינועם ניני,9,9.0,0.0028526148969889066,0.0,0.28478416514323174,0.00024091975648166448,1112,1122,2683,2626,1885.75
גננת,6,6.0,0.001901743264659271,0.0,0.3356285149494488,0.001075115835527823,2650,1122,1756,2019,1886.75
קריין,6,6.0,0.001901743264659271,0.0,0.3356285149494488,0.001075115835527823,2650,1122,1756,2019,1886.75
ציפי מור,6,6.0,0.001901743264659271,0.0,0.3356285149494488,0.001075115835527823,2650,1122,1756,2019,1886.75
דניאל סטיופין,5,5.0,0.001584786053882726,0.0,0.33941454648169517,0.0010919664321022181,2787,1122,1651,1996,1889.0
טניה סובול,5,5.0,0.001584786053882726,0.0,0.3333253667095933,0.0013389128028932177,2787,1122,1812,1838,1889.75
מיטל סלקמון,6,6.0,0.001901743264659271,0.0,0.32966215494653,0.0012117039525545022,2650,1122,1901,1894,1891.75
מסקי שיברו סיון,6,6.0,0.001901743264659271,0.0,0.32966215494653,0.0012117039525545022,2650,1122,1901,1894,1891.75
מלכת שבא,6,6.0,0.001901743264659271,0.0,0.32966215494653,0.0012117039525545022,2650,1122,1901,1894,1891.75
גאיה הנביאה,9,9.0,0.0028526148969889066,0.0,0.288879815081709,0.0001821411216824761,1112,1122,2648,2686,1892.0
שי ורועי,9,9.0,0.0028526148969889066,0.0,0.288879815081709,0.0001821411216824761,1112,1122,2648,2686,1892.0
דיבל,9,9.0,0.0028526148969889066,0.0,0.288879815081709,0.0001821411216824761,1112,1122,2648,2686,1892.0
שמבלול,9,9.0,0.0028526148969889066,0.0,0.288879815081709,0.0001821411216824761,1112,1122,2648,2686,1892.0
דובל,9,9.0,0.0028526148969889066,0.0,0.288879815081709,0.0001821411216824761,1112,1122,2648,2686,1892.0
אגנישקה ואגנר,9,9.0,0.0028526148969889066,0.0,0.28506775896788833,0.00022096901705691846,1112,1122,2677,2657,1892.0
יובל המבולבל,9,9.0,0.0028526148969889066,0.0,0.288879815081709,0.0001821411216824761,1112,1122,2648,2686,1892.0
סלומון שריקי,9,9.0,0.0028526148969889066,0.0,0.28506775896788833,0.00022096901705691846,1112,1122,2677,2657,1892.0
כוכבי בת ציון,9,9.0,0.0028526148969889066,0.0,0.28506775896788833,0.00022096901705691846,1112,1122,2677,2657,1892.0
דורי טפר,9,9.0,0.0028526148969889066,0.0,0.28506775896788833,0.0002209690170569184,1112,1122,2677,2660,1892.75
יוסף פיצ'חדזה,9,9.0,0.0028526148969889066,0.0,0.28506775896788833,0.0002209690170569184,1112,1122,2677,2660,1892.75
שימוש הוגן,6,6.0,0.001901743264659271,0.0,0.3365589872298774,0.0009605957419316936,2650,1122,1729,2086,1896.75
להחליפה בתמונה חופשית,6,6.0,0.001901743264659271,0.0,0.3365589872298774,0.0009605957419316936,2650,1122,1729,2086,1896.75
קנוט ברגר,6,6.0,0.001901743264659271,0.0,0.3365589872298774,0.0009605957419316936,2650,1122,1729,2086,1896.75
קרולינה פיטרס,6,6.0,0.001901743264659271,0.0,0.3365589872298774,0.0009605957419316936,2650,1122,1729,2086,1896.75
כרמל נצר,9,9.0,0.0028526148969889066,0.0,0.28338995975597275,0.00018978656451942063,1112,1122,2695,2675,1901.0
סוזנה פפיאן,9,9.0,0.0028526148969889066,0.0,0.28338995975597275,0.00018978656451942063,1112,1122,2695,2675,1901.0
תום אפלבאום,9,9.0,0.0028526148969889066,0.0,0.28338995975597275,0.00018978656451942063,1112,1122,2695,2675,1901.0
אבי סרוסי,9,9.0,0.0028526148969889066,0.0,0.28338995975597275,0.00018978656451942063,1112,1122,2695,2675,1901.0
זיגמונד פרויד,5,5.0,0.001584786053882726,0.0,0.33499473670671887,0.001171022100898413,2787,1122,1768,1940,1904.25
אירן ז'קוב,5,5.0,0.001584786053882726,0.0,0.33499473670671887,0.001171022100898413,2787,1122,1768,1940,1904.25
אלברט איינשטיין,5,5.0,0.001584786053882726,0.0,0.33499473670671887,0.001171022100898413,2787,1122,1768,1940,1904.25
והינה ג'יוקנטה,8,8.0,0.0025356576862123614,0.0,0.32145173100585533,0.001016320934826426,2320,1122,2119,2071,1908.0
שלומית טריגר-הגואל,8,8.0,0.0025356576862123614,0.0,0.32145173100585533,0.001016320934826426,2320,1122,2119,2071,1908.0
גיא זוארץ,9,9.0,0.0028526148969889066,0.0,0.2869265884517462,0.00012746166979933093,1112,1122,2668,2761,1915.75
אושרי שחר,9,9.0,0.0028526148969889066,0.0,0.2869265884517462,0.00012746166979933093,1112,1122,2668,2761,1915.75
יפתח מזרחי,9,9.0,0.0028526148969889066,0.0,0.2869265884517462,0.00012746166979933093,1112,1122,2668,2761,1915.75
עופר רגירר,9,9.0,0.0028526148969889066,0.0,0.2869265884517462,0.00012746166979933093,1112,1122,2668,2761,1915.75
תומר אילן,9,9.0,0.0028526148969889066,0.0,0.2869265884517462,0.00012746166979933093,1112,1122,2668,2761,1915.75
יעל דקלבאום,9,9.0,0.0028526148969889066,0.0,0.2869265884517462,0.00012746166979933093,1112,1122,2668,2761,1915.75
שירלי סולומון,9,9.0,0.0028526148969889066,0.0,0.2869265884517462,0.00012746166979933093,1112,1122,2668,2761,1915.75
גיל וייס,9,9.0,0.0028526148969889066,0.0,0.2803900060677365,0.00014682491143360813,1112,1122,2718,2713,1916.25
ידין גלמן,9,9.0,0.0028526148969889066,0.0,0.2803900060677365,0.00014682491143360813,1112,1122,2718,2713,1916.25
יעל שטולמן,9,9.0,0.0028526148969889066,0.0,0.2803900060677365,0.00014682491143360813,1112,1122,2718,2713,1916.25
נועם שנהב,9,9.0,0.0028526148969889066,0.0,0.2803900060677365,0.00014682491143360813,1112,1122,2718,2713,1916.25
דורן רגב,8,8.0,0.0025356576862123614,0.0,0.3236978246340987,0.0008612490958297159,2320,1122,2069,2166,1919.25
הדס תורג'מן,8,8.0,0.0025356576862123614,0.0,0.3236978246340987,0.0008612490958297159,2320,1122,2069,2166,1919.25
בועז תורג'מן,8,8.0,0.0025356576862123614,0.0,0.3236978246340987,0.0008612490958297159,2320,1122,2069,2166,1919.25
בלנקה מצנר,8,8.0,0.0025356576862123614,0.0,0.3236978246340987,0.0008612490958297159,2320,1122,2069,2166,1919.25
מרק חסמן,8,8.0,0.0025356576862123614,0.0,0.3236978246340987,0.0008612490958297159,2320,1122,2069,2166,1919.25
יוסף באשי,8,8.0,0.0025356576862123614,0.0,0.3012505588876618,0.001588424741363319,2320,1122,2493,1743,1919.5
שלמה רוזמרין,8,8.0,0.0025356576862123614,0.0,0.3012505588876618,0.001588424741363319,2320,1122,2493,1743,1919.5
אנדרי קשקר,6,6.0,0.001901743264659271,0.0,0.32820808440756477,0.00112655846999315,2650,1122,1938,1971,1920.25
אדם צקמן,6,6.0,0.001901743264659271,0.0,0.32820808440756477,0.00112655846999315,2650,1122,1938,1971,1920.25
משי אולינסקי,6,6.0,0.001901743264659271,0.0,0.32820808440756477,0.00112655846999315,2650,1122,1938,1971,1920.25
אלכסיי קוטצ'טקוב,6,6.0,0.001901743264659271,0.0,0.32820808440756477,0.00112655846999315,2650,1122,1938,1971,1920.25
האם,4,4.0,0.0012678288431061807,0.0,0.34064553957590393,0.001016948342363139,2905,1122,1598,2067,1923.0
האב,4,4.0,0.0012678288431061807,0.0,0.34064553957590393,0.001016948342363139,2905,1122,1598,2067,1923.0
שירן,4,4.0,0.0012678288431061807,0.0,0.34064553957590393,0.001016948342363139,2905,1122,1598,2067,1923.0
גבי,4,4.0,0.0012678288431061807,0.0,0.34064553957590393,0.001016948342363139,2905,1122,1598,2067,1923.0
חיים,8,8.0,0.0025356576862123614,0.0,0.3183178541235691,0.0010203387808752637,2320,1122,2205,2057,1926.0
מאיה עידו,8,8.0,0.0025356576862123614,0.0,0.3183178541235691,0.0010203387808752637,2320,1122,2205,2057,1926.0
רפי,8,8.0,0.0025356576862123614,0.0,0.3183178541235691,0.0010203387808752637,2320,1122,2205,2057,1926.0
מיכל,8,8.0,0.0025356576862123614,0.0,0.3183178541235691,0.0010203387808752637,2320,1122,2205,2057,1926.0
נעמי,8,8.0,0.0025356576862123614,0.0,0.3183178541235691,0.0010203387808752637,2320,1122,2205,2057,1926.0
שרה וינו-אלעד,6,6.0,0.001901743264659271,0.0,0.3258030970420139,0.001187704267958364,2650,1122,2008,1925,1926.25
טובה פלדשו,6,6.0,0.001901743264659271,0.0,0.3258030970420139,0.001187704267958364,2650,1122,2008,1925,1926.25
נעמי פרומוביץ',6,6.0,0.001901743264659271,0.0,0.3258030970420139,0.001187704267958364,2650,1122,2008,1925,1926.25
נגה דאנג'לי,6,6.0,0.001901743264659271,0.0,0.33597566093266634,0.000835141092161168,2650,1122,1748,2192,1928.0
נרונה קפלן דה מאסדו,4,4.0,0.0012678288431061807,0.0,0.3371259196237151,0.0011126598782627767,2905,1122,1707,1978,1928.0
נעם דובינצ'יק,6,6.0,0.001901743264659271,0.0,0.33597566093266634,0.000835141092161168,2650,1122,1748,2192,1928.0
פטריק קלי,4,4.0,0.0012678288431061807,0.0,0.3371259196237151,0.0011126598782627767,2905,1122,1707,1978,1928.0
אלונה וינד רז,6,6.0,0.001901743264659271,0.0,0.33597566093266634,0.000835141092161168,2650,1122,1748,2192,1928.0
סוזן סדלר,4,4.0,0.0012678288431061807,0.0,0.3371259196237151,0.0011126598782627767,2905,1122,1707,1978,1928.0
רון עומר,3,3.0,0.0009508716323296355,0.0,0.3404415501574438,0.0011515572815194808,3009,1122,1622,1961,1928.5
אריק רוזן,8,8.0,0.0025356576862123614,0.0,0.3111635938039237,0.0011734999282284806,2320,1122,2340,1936,1929.5
מיכאלה מרקוביץ,8,8.0,0.0025356576862123614,0.0,0.3111635938039237,0.0011734999282284806,2320,1122,2340,1936,1929.5
מיקי כפיר,8,8.0,0.0025356576862123614,0.0,0.3111635938039237,0.0011734999282284806,2320,1122,2340,1936,1929.5
יריב רובינשטיין,8,8.0,0.0025356576862123614,0.0,0.3111635938039237,0.0011734999282284806,2320,1122,2340,1936,1929.5
טייסת,9,9.0,0.0028526148969889066,0.0,0.2802327910220747,0.00011944711523269662,1112,1122,2722,2771,1931.75
סרן,9,9.0,0.0028526148969889066,0.0,0.2802327910220747,0.00011944711523269662,1112,1122,2722,2771,1931.75
גילי איצקוביץ',9,9.0,0.0028526148969889066,0.0,0.2802327910220747,0.00011944711523269662,1112,1122,2722,2771,1931.75
מפקד,9,9.0,0.0028526148969889066,0.0,0.2802327910220747,0.00011944711523269662,1112,1122,2722,2771,1931.75
בן סלע,9,9.0,0.0028526148969889066,0.0,0.2802327910220747,0.00011944711523269662,1112,1122,2722,2771,1931.75
מישר כהן,3,3.0,0.0009508716323296355,0.0,0.3387228687087966,0.0011895726925183383,3009,1122,1674,1924,1932.25
דני ניב (מוקי),7,7.0,0.0022187004754358162,0.0,0.326559835205653,0.0009158819331770458,2502,1122,1979,2134,1934.25
ניתאי גבירץ,7,7.0,0.0022187004754358162,0.0,0.326559835205653,0.0009158819331770458,2502,1122,1979,2134,1934.25
אליענה מגון,7,7.0,0.0022187004754358162,0.0,0.326559835205653,0.0009158819331770458,2502,1122,1979,2134,1934.25
דניאל מגון,7,7.0,0.0022187004754358162,0.0,0.326559835205653,0.0009158819331770458,2502,1122,1979,2134,1934.25
עידן צברי,9,9.0,0.0028526148969889066,0.0,0.2752916563698827,0.00013893002238592387,1112,1122,2777,2730,1935.25
דניאל אליאסי,9,9.0,0.0028526148969889066,0.0,0.2752916563698827,0.00013893002238592387,1112,1122,2777,2730,1935.25
נועם כרמלי,9,9.0,0.0028526148969889066,0.0,0.2793902550453499,0.0001187505391680799,1112,1122,2731,2776,1935.25
מיכל מנור,9,9.0,0.0028526148969889066,0.0,0.2793902550453499,0.0001187505391680799,1112,1122,2731,2776,1935.25
תומר פישמן,9,9.0,0.0028526148969889066,0.0,0.2793902550453499,0.0001187505391680799,1112,1122,2731,2776,1935.25
איציק גרובייס,9,9.0,0.0028526148969889066,0.0,0.2752916563698827,0.00013893002238592387,1112,1122,2777,2730,1935.25
נתנאל מרדכי הלוי,9,9.0,0.0028526148969889066,0.0,0.2752916563698827,0.00013893002238592387,1112,1122,2777,2730,1935.25
אדם פרופ,9,9.0,0.0028526148969889066,0.0,0.2752916563698827,0.00013893002238592387,1112,1122,2777,2730,1935.25
יהודה רוזנווסר,9,9.0,0.0028526148969889066,0.0,0.2752916563698827,0.00013893002238592387,1112,1122,2777,2730,1935.25
לאה לב,9,9.0,0.0028526148969889066,0.0,0.2793902550453499,0.0001187505391680799,1112,1122,2731,2776,1935.25
אורית זפרן,9,9.0,0.0028526148969889066,0.0,0.2793902550453499,0.0001187505391680799,1112,1122,2731,2776,1935.25
מעיין לאוב,9,9.0,0.0028526148969889066,0.0,0.2793902550453499,0.0001187505391680799,1112,1122,2731,2776,1935.25
יפתח קרזנר,9,9.0,0.0028526148969889066,0.0,0.27610373156272466,0.00012840239378059863,1112,1122,2764,2751,1937.25
אילן רוזנפלד,9,9.0,0.0028526148969889066,0.0,0.27610373156272466,0.00012840239378059863,1112,1122,2764,2751,1937.25
יובל לוי,9,9.0,0.0028526148969889066,0.0,0.27610373156272466,0.00012840239378059863,1112,1122,2764,2751,1937.25
קובי מחט,9,9.0,0.0028526148969889066,0.0,0.27610373156272466,0.00012840239378059863,1112,1122,2764,2751,1937.25
מירב פלדמן,9,9.0,0.0028526148969889066,0.0,0.27610373156272466,0.00012840239378059863,1112,1122,2764,2751,1937.25
הדר לוי,9,9.0,0.0028526148969889066,0.0,0.27610373156272466,0.00012840239378059863,1112,1122,2764,2751,1937.25
שי אושרוב,7,7.0,0.0022187004754358162,0.0,0.3074427467412283,0.0016330167954798367,2502,1122,2412,1734,1942.5
רואי אלסברג,8,8.0,0.0025356576862123614,0.0,0.31675951990187834,0.0009471459389065956,2320,1122,2244,2102,1947.0
רוני טל,8,8.0,0.0025356576862123614,0.0,0.31675951990187834,0.0009471459389065956,2320,1122,2244,2102,1947.0
עדן לוטנברג,8,8.0,0.0025356576862123614,0.0,0.31675951990187834,0.0009471459389065956,2320,1122,2244,2102,1947.0
אופיר סגרסקי,8,8.0,0.0025356576862123614,0.0,0.31675951990187834,0.0009471459389065956,2320,1122,2244,2102,1947.0
יעל סגרסקי,8,8.0,0.0025356576862123614,0.0,0.31675951990187834,0.0009471459389065956,2320,1122,2244,2102,1947.0
ליאור סורוקה,9,9.0,0.0028526148969889066,0.0,0.27573981319993124,0.0001113813466858923,1112,1122,2770,2786,1947.5
אייל קנטוב,9,9.0,0.0028526148969889066,0.0,0.27573981319993124,0.0001113813466858923,1112,1122,2770,2786,1947.5
רון פארן,9,9.0,0.0028526148969889066,0.0,0.27573981319993124,0.0001113813466858923,1112,1122,2770,2786,1947.5
יהודה נהרי,9,9.0,0.0028526148969889066,0.0,0.27573981319993124,0.0001113813466858923,1112,1122,2770,2786,1947.5
יואב ראובני,9,9.0,0.0028526148969889066,0.0,0.27573981319993124,0.0001113813466858923,1112,1122,2770,2786,1947.5
יריב מרדכי מוזר,9,9.0,0.0028526148969889066,0.0,0.27573981319993124,0.0001113813466858923,1112,1122,2770,2786,1947.5
עדי דוייב,9,9.0,0.0028526148969889066,0.0,0.27573981319993124,0.0001113813466858923,1112,1122,2770,2786,1947.5
מירב אברהמי,5,5.0,0.001584786053882726,0.0,0.3317177754161491,0.0010350035795019417,2787,1122,1849,2048,1951.5
אבי כהן,9,9.0,0.0028526148969889066,0.0,0.261302332833312,0.00014402783747131245,1112,1122,2859,2722,1953.75
אילנה מן,9,9.0,0.0028526148969889066,0.0,0.261302332833312,0.00014402783747131245,1112,1122,2859,2722,1953.75
יפית שמע,9,9.0,0.0028526148969889066,0.0,0.261302332833312,0.00014402783747131245,1112,1122,2859,2722,1953.75
אליס וענונו,9,9.0,0.0028526148969889066,0.0,0.261302332833312,0.00014402783747131245,1112,1122,2859,2722,1953.75
אורי צדוק,9,9.0,0.0028526148969889066,0.0,0.261302332833312,0.00014402783747131245,1112,1122,2859,2722,1953.75
יצחק ענף,9,9.0,0.0028526148969889066,0.0,0.261302332833312,0.00014402783747131245,1112,1122,2859,2722,1953.75
תום יער,9,9.0,0.0028526148969889066,0.0,0.27495441191566133,9.756369511948216e-05,1112,1122,2783,2805,1955.5
מלטה,9,9.0,0.0028526148969889066,0.0,0.27495441191566133,9.756369511948216e-05,1112,1122,2783,2805,1955.5
המנהל האומנותי,9,9.0,0.0028526148969889066,0.0,0.27495441191566133,9.756369511948216e-05,1112,1122,2783,2805,1955.5
אירוויזיון,9,9.0,0.0028526148969889066,0.0,0.27495441191566133,9.756369511948216e-05,1112,1122,2783,2805,1955.5
"דור מוסקל, עומר ריבק ורותם קפלינסקי",9,9.0,0.0028526148969889066,0.0,0.27495441191566133,9.756369511948216e-05,1112,1122,2783,2805,1955.5
ערוץ הכיבוד,9,9.0,0.0028526148969889066,0.0,0.27495441191566133,9.756369511948216e-05,1112,1122,2783,2805,1955.5
עדן סבן,9,9.0,0.0028526148969889066,0.0,0.27495441191566133,9.756369511948216e-05,1112,1122,2783,2805,1955.5
רמי שטרן,6,6.0,0.001901743264659271,0.0,0.32611344951705534,0.0010244312813036378,2650,1122,2002,2049,1955.75
נסרין סיקסיק,9,9.0,0.0028526148969889066,0.0,0.272742921633391,0.00010929370768392668,1112,1122,2804,2794,1958.0
אורן כהן,9,9.0,0.0028526148969889066,0.0,0.272742921633391,0.00010929370768392668,1112,1122,2804,2794,1958.0
רוני דבח,9,9.0,0.0028526148969889066,0.0,0.272742921633391,0.00010929370768392668,1112,1122,2804,2794,1958.0
עמיתי יאיש,9,9.0,0.0028526148969889066,0.0,0.272742921633391,0.00010929370768392668,1112,1122,2804,2794,1958.0
אדם אלהוזייל,9,9.0,0.0028526148969889066,0.0,0.272742921633391,0.00010929370768392668,1112,1122,2804,2794,1958.0
בת חן סבג,9,9.0,0.0028526148969889066,0.0,0.272742921633391,0.00010929370768392668,1112,1122,2804,2794,1958.0
שילת מלכה,9,9.0,0.0028526148969889066,0.0,0.272742921633391,0.00010929370768392668,1112,1122,2804,2794,1958.0
המורה מוניץ,9,9.0,0.0028526148969889066,0.0,0.27852522965938686,6.303590174054043e-05,1112,1122,2750,2855,1959.75
המנהל טיסונה,9,9.0,0.0028526148969889066,0.0,0.27852522965938686,6.303590174054043e-05,1112,1122,2750,2855,1959.75
אלביס חנוב,9,9.0,0.0028526148969889066,0.0,0.27852522965938686,6.303590174054043e-05,1112,1122,2750,2855,1959.75
אמא של קלרה,9,9.0,0.0028526148969889066,0.0,0.27852522965938686,6.303590174054043e-05,1112,1122,2750,2855,1959.75
אבא של קלרה,9,9.0,0.0028526148969889066,0.0,0.27852522965938686,6.303590174054043e-05,1112,1122,2750,2855,1959.75
אדי טיקל,9,9.0,0.0028526148969889066,0.0,0.27852522965938686,6.303590174054043e-05,1112,1122,2750,2855,1959.75
רוזי,9,9.0,0.0028526148969889066,0.0,0.27852522965938686,6.303590174054043e-05,1112,1122,2750,2855,1959.75
ליבי,9,9.0,0.0028526148969889066,0.0,0.27852522965938686,6.303590174054043e-05,1112,1122,2750,2855,1959.75
קלרה צ'אנוב,9,9.0,0.0028526148969889066,0.0,0.27852522965938686,6.303590174054043e-05,1112,1122,2750,2855,1959.75
אפרת גוש,6,6.0,0.001901743264659271,7.464184004050688e-06,0.32551160606780627,0.0009096865520977561,2650,1033,2028,2144,1963.75
גלעד כהן,8,8.0,0.0025356576862123614,0.0,0.3233843024625982,0.0006028827131882576,2320,1122,2078,2347,1966.75
עופרי פרישקולניק,8,8.0,0.0025356576862123614,0.0,0.3233843024625982,0.0006028827131882576,2320,1122,2078,2347,1966.75
נדב נייטס,8,8.0,0.0025356576862123614,0.0,0.3233843024625982,0.0006028827131882576,2320,1122,2078,2347,1966.75
אלדד פריבס,8,8.0,0.0025356576862123614,0.0,0.3233843024625982,0.0006028827131882576,2320,1122,2078,2347,1966.75
אני אימנדזה,9,9.0,0.0028526148969889066,0.0,0.2655314697932941,6.32673074189225e-05,1112,1122,2833,2848,1978.75
טאקו טבטדז,9,9.0,0.0028526148969889066,0.0,0.2655314697932941,6.32673074189225e-05,1112,1122,2833,2848,1978.75
ליז רביאן,9,9.0,0.0028526148969889066,0.0,0.2655314697932941,6.32673074189225e-05,1112,1122,2833,2848,1978.75
נועה בן גיגי,9,9.0,0.0028526148969889066,0.0,0.2655314697932941,6.32673074189225e-05,1112,1122,2833,2848,1978.75
שרי גבעתי,9,9.0,0.0028526148969889066,0.0,0.2655314697932941,6.32673074189225e-05,1112,1122,2833,2848,1978.75
ורוניקה קלנדרישבילי,9,9.0,0.0028526148969889066,0.0,0.2655314697932941,6.32673074189225e-05,1112,1122,2833,2848,1978.75
אמירה גרון,9,9.0,0.0028526148969889066,0.0,0.2655314697932941,6.32673074189225e-05,1112,1122,2833,2848,1978.75
נדיה קוצ'ר,4,4.0,0.0012678288431061807,0.0,0.33084025138553025,0.0010686881035007888,2905,1122,1867,2022,1979.0
אורי אלבי,5,5.0,0.001584786053882726,0.0,0.33148466996911496,0.0008608244600954801,2787,1122,1856,2171,1984.0
משי קליינשטיין,5,5.0,0.001584786053882726,0.0,0.33148466996911496,0.0008608244600954801,2787,1122,1856,2171,1984.0
גיא מרוז,4,4.0,0.0012678288431061807,0.0,0.334515924834173,0.0009118026486566543,2905,1122,1777,2138,1985.5
יעל ניברון,9,9.0,0.0028526148969889066,0.0,0.2630489251865879,5.320967079855437e-05,1112,1122,2846,2871,1987.75
קאי קורבלניקוב,9,9.0,0.0028526148969889066,0.0,0.2630489251865879,5.320967079855437e-05,1112,1122,2846,2871,1987.75
ערן פרץ,9,9.0,0.0028526148969889066,0.0,0.2630489251865879,5.320967079855437e-05,1112,1122,2846,2871,1987.75
סימה ברמי,9,9.0,0.0028526148969889066,0.0,0.2630489251865879,5.320967079855437e-05,1112,1122,2846,2871,1987.75
דנה הס,9,9.0,0.0028526148969889066,0.0,0.2630489251865879,5.320967079855437e-05,1112,1122,2846,2871,1987.75
עופר רוטנברג,9,9.0,0.0028526148969889066,0.0,0.2630489251865879,5.320967079855437e-05,1112,1122,2846,2871,1987.75
אביב בן שלוש,9,9.0,0.0028526148969889066,0.0,0.2630489251865879,5.320967079855437e-05,1112,1122,2846,2871,1987.75
לירון בן בסט,9,9.0,0.0028526148969889066,0.0,0.2630489251865879,5.320967079855437e-05,1112,1122,2846,2871,1987.75
איתי זבולון,9,9.0,0.0028526148969889066,0.0,0.2630489251865879,5.320967079855437e-05,1112,1122,2846,2871,1987.75
זהבה סולומון,5,5.0,0.001584786053882726,0.0,0.33393530047517317,0.0006920667408025885,2787,1122,1796,2277,1995.5
אורי סיון,5,5.0,0.001584786053882726,0.0,0.33393530047517317,0.0006920667408025885,2787,1122,1796,2277,1995.5
ארי פולמן,5,5.0,0.001584786053882726,0.0,0.33393530047517317,0.0006920667408025885,2787,1122,1796,2277,1995.5
רון בן ישי,5,5.0,0.001584786053882726,0.0,0.33393530047517317,0.0006920667408025885,2787,1122,1796,2277,1995.5
אדר זהר הנץ,4,4.0,0.0012678288431061807,0.0,0.33269859913900884,0.0009042703783040159,2905,1122,1834,2145,2001.5
מעיין קרת,8,8.0,0.0025356576862123614,0.0,0.3100390618830371,0.0008290341716476609,2320,1122,2368,2196,2001.5
דורי נאומנקו,8,8.0,0.0025356576862123614,0.0,0.3100390618830371,0.0008290341716476609,2320,1122,2368,2196,2001.5
לייב לב לוין,8,8.0,0.0025356576862123614,3.3704986538256395e-05,0.3078822295547071,0.0005245456262551316,2320,884,2405,2414,2005.75
גומא שריג,7,7.0,0.0022187004754358162,0.0,0.32466879777678237,0.0005947247329739957,2502,1122,2048,2361,2008.25
אמוס אינו,7,7.0,0.0022187004754358162,0.0,0.32466879777678237,0.0005947247329739957,2502,1122,2048,2361,2008.25
יפית שלו,7,7.0,0.0022187004754358162,0.0,0.32466879777678237,0.0005947247329739957,2502,1122,2048,2361,2008.25
סמי שייק,7,7.0,0.0022187004754358162,0.0,0.31889016247666246,0.0007581276986331152,2502,1122,2188,2222,2008.5
יפה תוסיה כהן,7,7.0,0.0022187004754358162,0.0,0.31889016247666246,0.0007581276986331152,2502,1122,2188,2222,2008.5
משה שחר,7,7.0,0.0022187004754358162,0.0,0.31889016247666246,0.0007581276986331152,2502,1122,2188,2222,2008.5
סאמר קופטי,7,7.0,0.0022187004754358162,0.0,0.31889016247666246,0.0007581276986331152,2502,1122,2188,2222,2008.5
מעיין הרוש,9,9.0,0.0028526148969889066,0.0,0.25635846497612663,3.083793231143969e-05,1112,1122,2902,2907,2010.75
טליה אלק,9,9.0,0.0028526148969889066,0.0,0.25635846497612663,3.083793231143969e-05,1112,1122,2902,2907,2010.75
רון שמעוני,9,9.0,0.0028526148969889066,0.0,0.25635846497612663,3.083793231143969e-05,1112,1122,2902,2907,2010.75
יונתן גבע,9,9.0,0.0028526148969889066,0.0,0.25635846497612663,3.083793231143969e-05,1112,1122,2902,2907,2010.75
עדי בילסקי,9,9.0,0.0028526148969889066,0.0,0.25635846497612663,3.083793231143969e-05,1112,1122,2902,2907,2010.75
יואב ברתל,9,9.0,0.0028526148969889066,0.0,0.25635846497612663,3.083793231143969e-05,1112,1122,2902,2907,2010.75
ריקי דסקל,6,6.0,0.001901743264659271,0.0,0.32369498413247416,0.000772022003672741,2650,1122,2074,2214,2015.0
אשר לקס,6,6.0,0.001901743264659271,0.0,0.32369498413247416,0.000772022003672741,2650,1122,2074,2214,2015.0
עמי סמולארצ'יק,6,6.0,0.001901743264659271,0.0,0.32369498413247416,0.000772022003672741,2650,1122,2074,2214,2015.0
נועם לוגסי,7,7.0,0.0022187004754358162,0.0,0.32402494928822473,0.0005811563775258339,2502,1122,2059,2381,2016.0
נצנת מקונן,7,7.0,0.0022187004754358162,0.0,0.32402494928822473,0.0005811563775258339,2502,1122,2059,2381,2016.0
טום מרסייה,7,7.0,0.0022187004754358162,0.0,0.32402494928822473,0.0005811563775258339,2502,1122,2059,2381,2016.0
סתיו סטרשקו,7,7.0,0.0022187004754358162,0.0,0.32402494928822473,0.0005811563775258339,2502,1122,2059,2381,2016.0
נועם אימבר,8,8.0,0.0025356576862123614,1.9742624114489847e-05,0.3088337977640227,0.0005252069465769429,2320,952,2400,2412,2021.0
סימון אבקריין,5,5.0,0.001584786053882726,0.0,0.32914944117801603,0.0006974876523772227,2787,1122,1911,2270,2022.5
ז'ילבר מלכי,5,5.0,0.001584786053882726,0.0,0.32914944117801603,0.0006974876523772227,2787,1122,1911,2270,2022.5
קובי רגב,5,5.0,0.001584786053882726,0.0,0.32914944117801603,0.0006974876523772227,2787,1122,1911,2270,2022.5
סוליקה קדוש,5,5.0,0.001584786053882726,0.0,0.32914944117801603,0.0006974876523772227,2787,1122,1911,2270,2022.5
אסף קליין,9,9.0,0.0028526148969889066,0.0,0.24286608441471216,2.5942218709130454e-05,1112,1122,2933,2924,2022.75
קובי סלע,9,9.0,0.0028526148969889066,0.0,0.24286608441471216,2.5942218709130454e-05,1112,1122,2933,2924,2022.75
מנחם טוקר,9,9.0,0.0028526148969889066,0.0,0.24286608441471216,2.5942218709130454e-05,1112,1122,2933,2924,2022.75
עמירן דביר,9,9.0,0.0028526148969889066,0.0,0.24286608441471216,2.5942218709130454e-05,1112,1122,2933,2924,2022.75
רפאל גרינשטיין,9,9.0,0.0028526148969889066,0.0,0.24286608441471216,2.5942218709130454e-05,1112,1122,2933,2924,2022.75
גאווה,9,9.0,0.0028526148969889066,0.0,0.2514313583488604,2.1804610400326e-05,1112,1122,2919,2938,2022.75
הלל שמעון,9,9.0,0.0028526148969889066,0.0,0.24286608441471216,2.5942218709130454e-05,1112,1122,2933,2924,2022.75
נועה סתת,9,9.0,0.0028526148969889066,0.0,0.2514313583488604,2.1804610400326e-05,1112,1122,2919,2938,2022.75
מצעד הגאווה בירושלים,9,9.0,0.0028526148969889066,0.0,0.2514313583488604,2.1804610400326e-05,1112,1122,2919,2938,2022.75
הבית הפתוח,9,9.0,0.0028526148969889066,0.0,0.2514313583488604,2.1804610400326e-05,1112,1122,2919,2938,2022.75
הומוסקסואליות,9,9.0,0.0028526148969889066,0.0,0.2514313583488604,2.1804610400326e-05,1112,1122,2919,2938,2022.75
דראג קווין,9,9.0,0.0028526148969889066,0.0,0.2514313583488604,2.1804610400326e-05,1112,1122,2919,2938,2022.75
ישראל מאיר וולקן,9,9.0,0.0028526148969889066,0.0,0.24286608441471216,2.5942218709130454e-05,1112,1122,2933,2924,2022.75
עיריית ירושלים,9,9.0,0.0028526148969889066,0.0,0.2514313583488604,2.1804610400326e-05,1112,1122,2919,2938,2022.75
אורי לופוליאנסקי,9,9.0,0.0028526148969889066,0.0,0.2514313583488604,2.1804610400326e-05,1112,1122,2919,2938,2022.75
סער נתנאל,9,9.0,0.0028526148969889066,0.0,0.2514313583488604,2.1804610400326e-05,1112,1122,2919,2938,2022.75
אורי אבינועם,4,4.0,0.0012678288431061807,0.0,0.33225808165342446,0.0007437238562768241,2905,1122,1838,2227,2023.0
בן סולטן,4,4.0,0.0012678288431061807,0.0,0.33225808165342446,0.0007437238562768241,2905,1122,1838,2227,2023.0
ריקי רייף סיני,4,4.0,0.0012678288431061807,0.0,0.33225808165342446,0.0007437238562768241,2905,1122,1838,2227,2023.0
שלמה פלסנר,6,6.0,0.001901743264659271,0.0,0.3210286116343502,0.0007823554691733204,2650,1122,2143,2206,2030.25
יוסי עיני,7,7.0,0.0022187004754358162,0.0,0.32582058954180515,0.0004194894292853932,2502,1122,2007,2491,2030.5
דינה רויטקוף,6,6.0,0.001901743264659271,0.0,0.3052250465170797,0.0011939854216669334,2650,1122,2442,1919,2033.25
אולגה שפנדורף,6,6.0,0.001901743264659271,0.0,0.3052250465170797,0.0011939854216669334,2650,1122,2442,1919,2033.25
אברהים עדאסי,8,8.0,0.0025356576862123614,0.0,0.30750867237417395,0.0006411213029074863,2320,1122,2410,2324,2044.0
אוריה מלכה,8,8.0,0.0025356576862123614,0.0,0.30750867237417395,0.0006411213029074863,2320,1122,2410,2324,2044.0
יהודה באואר,9,9.0,0.0028526148969889066,0.0,0.0028526148969889066,0.0,1112,1122,2972,2972,2044.5
חיים שמש,9,9.0,0.0028526148969889066,0.0,0.0028526148969889066,0.0,1112,1122,2972,2972,2044.5
עמית מרדכי,9,9.0,0.0028526148969889066,0.0,0.0028526148969889066,0.0,1112,1122,2972,2972,2044.5
מוקי,9,9.0,0.0028526148969889066,0.0,0.0028526148969889066,0.0,1112,1122,2972,2972,2044.5
עידו נצר,9,9.0,0.0028526148969889066,0.0,0.0028526148969889066,0.0,1112,1122,2972,2972,2044.5
פישי הגדול,9,9.0,0.0028526148969889066,0.0,0.0028526148969889066,0.0,1112,1122,2972,2972,2044.5
פילוני,9,9.0,0.0028526148969889066,0.0,0.0028526148969889066,0.0,1112,1122,2972,2972,2044.5
נמרוד רשף,9,9.0,0.0028526148969889066,0.0,0.0028526148969889066,0.0,1112,1122,2972,2972,2044.5
חמי,9,9.0,0.0028526148969889066,0.0,0.0028526148969889066,0.0,1112,1122,2972,2972,2044.5
אביהו רונן,9,9.0,0.0028526148969889066,0.0,0.0028526148969889066,0.0,1112,1122,2972,2972,2044.5
ישראל גוטמן,9,9.0,0.0028526148969889066,0.0,0.0028526148969889066,0.0,1112,1122,2972,2972,2044.5
יצחק ארד,9,9.0,0.0028526148969889066,0.0,0.0028526148969889066,0.0,1112,1122,2972,2972,2044.5
אריה ברנע,9,9.0,0.0028526148969889066,0.0,0.0028526148969889066,0.0,1112,1122,2972,2972,2044.5
גבריאל בך,9,9.0,0.0028526148969889066,0.0,0.0028526148969889066,0.0,1112,1122,2972,2972,2044.5
חנה יבלונקה,9,9.0,0.0028526148969889066,0.0,0.0028526148969889066,0.0,1112,1122,2972,2972,2044.5
דינה פורת,9,9.0,0.0028526148969889066,0.0,0.0028526148969889066,0.0,1112,1122,2972,2972,2044.5
עמר ברטוב,9,9.0,0.0028526148969889066,0.0,0.0028526148969889066,0.0,1112,1122,2972,2972,2044.5
דור גל,9,9.0,0.0028526148969889066,0.0,0.0028526148969889066,0.0,1112,1122,2972,2972,2044.5
רון ביטון,9,9.0,0.0028526148969889066,0.0,0.0028526148969889066,0.0,1112,1122,2972,2972,2044.5
משה רוסו,9,9.0,0.0028526148969889066,0.0,0.0028526148969889066,0.0,1112,1122,2972,2972,2044.5
בנימין נתניהו,9,9.0,0.0028526148969889066,0.0,0.0028526148969889066,0.0,1112,1122,2972,2972,2044.5
יואל רפל,9,9.0,0.0028526148969889066,0.0,0.0028526148969889066,0.0,1112,1122,2972,2972,2044.5
יואב קוטנר,9,9.0,0.0028526148969889066,0.0,0.0028526148969889066,0.0,1112,1122,2972,2972,2044.5
יוסי פיין,9,9.0,0.0028526148969889066,0.0,0.0028526148969889066,0.0,1112,1122,2972,2972,2044.5
ניצה אדל רוסו,9,9.0,0.0028526148969889066,0.0,0.0028526148969889066,0.0,1112,1122,2972,2972,2044.5
מירו,9,9.0,0.0028526148969889066,0.0,0.0028526148969889066,0.0,1112,1122,2972,2972,2044.5
"ירדן ""ג'ורדי"" פלג",9,9.0,0.0028526148969889066,0.0,0.0028526148969889066,0.0,1112,1122,2972,2972,2044.5
איתי שמעוני,9,9.0,0.0028526148969889066,0.0,0.0028526148969889066,0.0,1112,1122,2972,2972,2044.5
קובי צברי,9,9.0,0.0028526148969889066,0.0,0.0028526148969889066,0.0,1112,1122,2972,2972,2044.5
"לירז ""סטטיק"" רוסו",9,9.0,0.0028526148969889066,0.0,0.0028526148969889066,0.0,1112,1122,2972,2972,2044.5
אורי אוריין,8,8.0,0.0025356576862123614,0.0,0.3135848919833664,0.0004819083515041367,2320,1122,2310,2437,2047.25
דניאל אפרת,8,8.0,0.0025356576862123614,0.0,0.3135848919833664,0.0004819083515041367,2320,1122,2310,2437,2047.25
פטיש,8,8.0,0.0025356576862123614,0.0,0.3135848919833664,0.0004819083515041367,2320,1122,2310,2437,2047.25
מורה לספורט,7,7.0,0.0022187004754358162,0.0,0.31547056422875874,0.0006666400601680006,2502,1122,2274,2295,2048.25
מוגבלות שכלית התפתחותית,7,7.0,0.0022187004754358162,0.0,0.31547056422875874,0.0006666400601680006,2502,1122,2274,2295,2048.25
מעון יום,7,7.0,0.0022187004754358162,0.0,0.31547056422875874,0.0006666400601680006,2502,1122,2274,2295,2048.25
היריון,7,7.0,0.0022187004754358162,0.0,0.31547056422875874,0.0006666400601680006,2502,1122,2274,2295,2048.25
מאבטחת,7,7.0,0.0022187004754358162,0.0,0.31547056422875874,0.0006666400601680006,2502,1122,2274,2295,2048.25
פיפו דלבונו,3,3.0,0.0009508716323296355,0.0,0.32559709513526797,0.0010459627318516475,3009,1122,2027,2042,2050.0
אבא קובנר,7,7.0,0.0022187004754358162,0.0,0.3152942918742183,0.0006388316740833285,2502,1122,2280,2326,2057.5
ניקולאי קינסקי,7,7.0,0.0022187004754358162,0.0,0.3152942918742183,0.0006388316740833285,2502,1122,2280,2326,2057.5
אוגוסט דיהל,7,7.0,0.0022187004754358162,0.0,0.3152942918742183,0.0006388316740833285,2502,1122,2280,2326,2057.5
יותם גוטל,6,6.0,0.001901743264659271,0.0,0.3180596690723981,0.000712959190742813,2650,1122,2213,2246,2057.75
מיטל נר,6,6.0,0.001901743264659271,0.0,0.3180596690723981,0.000712959190742813,2650,1122,2213,2246,2057.75
מרט פרחומובסקי,6,6.0,0.001901743264659271,0.0,0.3180596690723981,0.000712959190742813,2650,1122,2213,2246,2057.75
אורי בלופרב,7,7.0,0.0022187004754358162,3.389369181739857e-05,0.3058911719306048,0.0005048979807049524,2502,883,2431,2429,2061.25
מריה בלקין,3,3.0,0.0009508716323296355,0.0,0.3314469163886792,0.0007090176344183701,3009,1122,1859,2256,2061.5
אלכסנדר סנדרוביץ,3,3.0,0.0009508716323296355,0.0,0.3314469163886792,0.0007090176344183701,3009,1122,1859,2256,2061.5
דנה כהן,7,7.0,0.0022187004754358162,0.0,0.3101983744094889,0.0006927381767118889,2502,1122,2355,2274,2063.25
מוחמד חרזאללה,7,7.0,0.0022187004754358162,0.0,0.3101983744094889,0.0006927381767118889,2502,1122,2355,2274,2063.25
חנוך רעים,7,7.0,0.0022187004754358162,0.0,0.3101983744094889,0.0006927381767118889,2502,1122,2355,2274,2063.25
עפרה שיין,6,6.0,0.001901743264659271,0.0,0.30509843703015527,0.0010464323995727956,2650,1122,2445,2038,2063.75
ברוך קלס,6,6.0,0.001901743264659271,0.0,0.30509843703015527,0.0010464323995727956,2650,1122,2445,2038,2063.75
איתן עברי,6,6.0,0.001901743264659271,0.0,0.30509843703015527,0.0010464323995727956,2650,1122,2445,2038,2063.75
לילי קלס,6,6.0,0.001901743264659271,0.0,0.30509843703015527,0.0010464323995727956,2650,1122,2445,2038,2063.75
סוזן ופרן,2,2.0,0.0006339144215530904,0.0,0.31662906768527826,0.0013152064097215546,3063,1122,2255,1848,2072.0
שרון לנגר,7,7.0,0.0022187004754358162,0.0,0.3171546203256385,0.0004573465834354202,2502,1122,2234,2448,2076.5
יצחק קרמניצר,7,7.0,0.0022187004754358162,0.0,0.3171546203256385,0.0004573465834354202,2502,1122,2234,2448,2076.5
סלבה ביברגל,7,7.0,0.0022187004754358162,0.0,0.3171546203256385,0.0004573465834354202,2502,1122,2234,2448,2076.5
יובל ברגר,7,7.0,0.0022187004754358162,0.0,0.3171546203256385,0.0004573465834354202,2502,1122,2234,2448,2076.5
אלכס קלניוק,7,7.0,0.0022187004754358162,0.0,0.3171546203256385,0.0004573465834354202,2502,1122,2234,2448,2076.5
לאון פרודובסקי,7,7.0,0.0022187004754358162,0.0,0.3171546203256385,0.0004573465834354202,2502,1122,2234,2448,2076.5
מיכל בת-שבע רנד,6,6.0,0.001901743264659271,0.0,0.318775040080605,0.0005994643472326117,2650,1122,2197,2355,2081.0
אברהם אבוטבול,6,6.0,0.001901743264659271,0.0,0.318775040080605,0.0005994643472326117,2650,1122,2197,2355,2081.0
יהונתן דנינו,6,6.0,0.001901743264659271,0.0,0.318775040080605,0.0005994643472326117,2650,1122,2197,2355,2081.0
יונה רוזנקיאר,8,8.0,0.0025356576862123614,0.0,0.3111122605615051,0.0003450667073843889,2320,1122,2344,2552,2084.5
מיכה רוזנקיאר,8,8.0,0.0025356576862123614,0.0,0.3111122605615051,0.0003450667073843889,2320,1122,2344,2552,2084.5
מיקי מרמור,8,8.0,0.0025356576862123614,0.0,0.3111122605615051,0.0003450667073843889,2320,1122,2344,2552,2084.5
נפתלי יבין,2,2.0,0.0006339144215530904,0.0,0.3237898183949918,0.000956803034289217,3063,1122,2068,2095,2087.0
דנה מכטיי,8,8.0,0.0025356576862123614,0.0,0.30493093585234476,0.00042322102947349845,2320,1122,2452,2479,2093.25
שחר חסון,8,8.0,0.0025356576862123614,0.0,0.30493093585234476,0.00042322102947349845,2320,1122,2452,2479,2093.25
מיכאל סוויסה,8,8.0,0.0025356576862123614,0.0,0.30493093585234476,0.00042322102947349845,2320,1122,2452,2479,2093.25
דיקלה,6,6.0,0.001901743264659271,0.0,0.31434868159657176,0.0006467237664067702,2650,1122,2296,2321,2097.25
עידן עמדי,6,6.0,0.001901743264659271,0.0,0.31434868159657176,0.0006467237664067702,2650,1122,2296,2321,2097.25
נעמה אמית,8,8.0,0.0025356576862123614,0.0,0.3044776065050411,0.0003575647654871741,2320,1122,2461,2546,2112.25
ג'ון הרט,8,8.0,0.0025356576862123614,0.0,0.3044776065050411,0.0003575647654871741,2320,1122,2461,2546,2112.25
אלי קרן-אסף,8,8.0,0.0025356576862123614,0.0,0.3044776065050411,0.0003575647654871741,2320,1122,2461,2546,2112.25
לוסי אהריש,6,6.0,0.001901743264659271,2.699535668185383e-05,0.3044841462732356,0.0004795226773772261,2650,914,2460,2440,2116.0
רמה מסינגר,4,4.0,0.0012678288431061807,0.0,0.3203641846642157,0.0006610818045660891,2905,1122,2156,2312,2123.75
מיכאל שרפשטיין,4,4.0,0.0012678288431061807,0.0,0.3203641846642157,0.0006610818045660891,2905,1122,2156,2312,2123.75
עדי ניצן,4,4.0,0.0012678288431061807,0.0,0.3203641846642157,0.0006610818045660891,2905,1122,2156,2312,2123.75
נועם אמיר,3,3.0,0.0009508716323296355,0.0,0.32101299010589135,0.0007246698148037737,3009,1122,2146,2244,2130.25
אילנה שושן,5,5.0,0.001584786053882726,0.0,0.3069180688991369,0.000790616384690194,2787,1122,2419,2200,2132.0
דריה פורמן,5,5.0,0.001584786053882726,0.0,0.3124174832162265,0.000664794341270445,2787,1122,2322,2300,2132.75
סתיו ינאי,5,5.0,0.001584786053882726,0.0,0.3124174832162265,0.000664794341270445,2787,1122,2322,2300,2132.75
צחי חנן,5,5.0,0.001584786053882726,0.0,0.3124174832162265,0.000664794341270445,2787,1122,2322,2300,2132.75
יעל יעקובוף,8,8.0,0.0025356576862123614,0.0,0.2987462647818992,0.0003323456930843862,2320,1122,2545,2560,2136.75
ינאי גירון,8,8.0,0.0025356576862123614,0.0,0.2987462647818992,0.0003323456930843862,2320,1122,2545,2560,2136.75
נגה הלפרין,8,8.0,0.0025356576862123614,0.0,0.2987462647818992,0.0003323456930843862,2320,1122,2545,2560,2136.75
נעמה יעקובוף,8,8.0,0.0025356576862123614,0.0,0.2987462647818992,0.0003323456930843862,2320,1122,2545,2560,2136.75
אולי לאור,8,8.0,0.0025356576862123614,0.0,0.2987462647818992,0.0003323456930843862,2320,1122,2545,2560,2136.75
יהודה ליזרוביץ,8,8.0,0.0025356576862123614,0.0,0.2987462647818992,0.0003323456930843862,2320,1122,2545,2560,2136.75
נס בר נחום,8,8.0,0.0025356576862123614,0.0,0.2987462647818992,0.0003323456930843862,2320,1122,2545,2560,2136.75
רחל צימרמן,1,1.0,0.0003169572107765452,0.0,0.32084372278052575,0.0008422851028116905,3120,1122,2147,2190,2144.75
דייוויד בונד,4,4.0,0.0012678288431061807,0.0,0.31572741926845654,0.000681787562987948,2905,1122,2267,2288,2145.5
דניאל ברוק,5,5.0,0.001584786053882726,0.0,0.31730884087319466,0.00045221968384525876,2787,1122,2231,2454,2148.5
יגאל רנזיק,5,5.0,0.001584786053882726,0.0,0.31730884087319466,0.00045221968384525876,2787,1122,2231,2454,2148.5
תמרה קליינגון,5,5.0,0.001584786053882726,0.0,0.31730884087319466,0.00045221968384525876,2787,1122,2231,2454,2148.5
ראג'ב אבו רוקון,5,5.0,0.001584786053882726,0.0,0.3162742138876066,0.0004441386562062158,2787,1122,2256,2460,2156.25
רביע חורי,5,5.0,0.001584786053882726,0.0,0.3162742138876066,0.0004441386562062158,2787,1122,2256,2460,2156.25
מחמוד מור,5,5.0,0.001584786053882726,0.0,0.3162742138876066,0.0004441386562062158,2787,1122,2256,2460,2156.25
הילה נתנזון,6,6.0,0.001901743264659271,0.0,0.3056654345343289,0.0005032518761553304,2650,1122,2432,2430,2158.5
גאיה שליטא כץ,5,5.0,0.001584786053882726,0.0,0.30960962138738335,0.0005973447556865408,2787,1122,2379,2358,2161.5
ליאור כלפון,6,6.0,0.001901743264659271,0.0,0.3069959019302687,0.00045094410537360047,2650,1122,2417,2457,2161.5
אופיר וייל,5,5.0,0.001584786053882726,0.0,0.30960962138738335,0.0005973447556865408,2787,1122,2379,2358,2161.5
גדי פיטרמן,5,5.0,0.001584786053882726,0.0,0.30960962138738335,0.0005973447556865408,2787,1122,2379,2358,2161.5
אנג'לה שטיינגרט,6,6.0,0.001901743264659271,0.0,0.3069959019302687,0.00045094410537360047,2650,1122,2417,2457,2161.5
רן קפלן,7,7.0,0.0022187004754358162,0.0,0.29633266141215053,0.00043984800576662183,2502,1122,2566,2463,2163.25
ינון קנר,7,7.0,0.0022187004754358162,0.0,0.29633266141215053,0.00043984800576662183,2502,1122,2566,2463,2163.25
יהב גולדנברג,7,7.0,0.0022187004754358162,0.0,0.29633266141215053,0.00043984800576662183,2502,1122,2566,2463,2163.25
נמרוד פלג,7,7.0,0.0022187004754358162,0.0,0.29633266141215053,0.00043984800576662183,2502,1122,2566,2463,2163.25
איילת אפשטיין,7,7.0,0.0022187004754358162,0.0,0.29633266141215053,0.00043984800576662183,2502,1122,2566,2463,2163.25
אגם רודברג,6,6.0,0.001901743264659271,4.567348295386783e-05,0.29787364889742274,0.00024291654845856375,2650,828,2553,2625,2164.0
טים קלקהוף,4,4.0,0.0012678288431061807,0.0,0.3170764318120604,0.0005405622955804505,2905,1122,2240,2404,2167.75
שחר ישי,3,3.0,0.0009508716323296355,0.0,0.31171150554604443,0.0007614288169776704,3009,1122,2334,2218,2170.75
שחר פרץ,3,3.0,0.0009508716323296355,0.0,0.31171150554604443,0.0007614288169776704,3009,1122,2334,2218,2170.75
מיכל מוכתר,3,3.0,0.0009508716323296355,0.0,0.31171150554604443,0.0007614288169776704,3009,1122,2334,2218,2170.75
אילן נוב,6,6.0,0.001901743264659271,0.0,0.3011387181023647,0.0005066981323097906,2650,1122,2495,2428,2173.75
עמית רהב,5,7.0,0.001584786053882726,3.5348168827955012e-06,0.31853039814704226,0.00023070785522788086,2787,1067,2200,2645,2174.75
אסתר שמיר,2,2.0,0.0006339144215530904,0.0,0.31564857520086487,0.0007084712641876516,3063,1122,2268,2258,2177.75
אלי בן רעי,6,6.0,0.001901743264659271,0.0,0.29691305617368796,0.0005685276561769501,2650,1122,2559,2385,2179.0
אלי טל,6,6.0,0.001901743264659271,0.0,0.29691305617368796,0.0005685276561769501,2650,1122,2559,2385,2179.0
הדס פורת,6,6.0,0.001901743264659271,0.0,0.29691305617368796,0.0005685276561769501,2650,1122,2559,2385,2179.0
בתיה בר,6,6.0,0.001901743264659271,0.0,0.29691305617368796,0.0005685276561769501,2650,1122,2559,2385,2179.0
הדר אביגד,6,6.0,0.001901743264659271,0.0,0.29691305617368796,0.0005685276561769501,2650,1122,2559,2385,2179.0
לובנה אזאבל,4,4.0,0.0012678288431061807,0.0,0.31186757214947614,0.0005866681562467332,2905,1122,2327,2379,2183.25
ז'וזפין דראי,5,5.0,0.001584786053882726,0.0,0.3055187844425745,0.0005474767340447425,2787,1122,2434,2398,2185.25
אפרת בוימולד,3,3.0,0.0009508716323296355,0.0,0.31336375770530794,0.0006673817620040057,3009,1122,2318,2294,2185.75
יוסי אולו,6,6.0,0.001901743264659271,0.0,0.30165305307686846,0.0003960629165595533,2650,1122,2485,2513,2192.5
אסיל פרחאת,4,4.0,0.0012678288431061807,0.0,0.31006782458274496,0.0005503972036699842,2905,1122,2365,2395,2196.75
אמל מורקוס,4,4.0,0.0012678288431061807,0.0,0.31006782458274496,0.0005503972036699842,2905,1122,2365,2395,2196.75
ג'ואנה סעיד,4,4.0,0.0012678288431061807,0.0,0.31006782458274496,0.0005503972036699842,2905,1122,2365,2395,2196.75
חגית בן עמי,6,6.0,0.001901743264659271,0.0,0.30180651210543225,0.00036494018302440527,2650,1122,2482,2537,2197.75
יוליה טגיל,6,6.0,0.001901743264659271,0.0,0.30180651210543225,0.00036494018302440527,2650,1122,2482,2537,2197.75
קרן פלס,6,6.0,0.001901743264659271,0.0,0.30180651210543225,0.00036494018302440527,2650,1122,2482,2537,2197.75
קובי זיסלין,6,6.0,0.001901743264659271,0.0,0.30040717564818603,0.0003953967088706592,2650,1122,2505,2515,2198.0
יואב בבלי,6,6.0,0.001901743264659271,0.0,0.30040717564818603,0.0003953967088706592,2650,1122,2505,2515,2198.0
אביב בוכלר,6,6.0,0.001901743264659271,0.0,0.30040717564818603,0.0003953967088706592,2650,1122,2505,2515,2198.0
נעמי הררי,6,6.0,0.001901743264659271,0.0,0.30040717564818603,0.0003953967088706592,2650,1122,2505,2515,2198.0
רועי בר-נתן,4,4.0,0.0012678288431061807,0.0,0.3059003757081345,0.0006109410312318168,2905,1122,2429,2345,2200.25
נויה לנצט,4,4.0,0.0012678288431061807,0.0,0.3059003757081345,0.0006109410312318168,2905,1122,2429,2345,2200.25
סכיזופרן,7,7.0,0.0022187004754358162,0.0,0.29390793437829127,0.00028985132610300206,2502,1122,2588,2592,2201.0
לאונן,7,7.0,0.0022187004754358162,0.0,0.29390793437829127,0.00028985132610300206,2502,1122,2588,2592,2201.0
איתמר קיגלר,7,7.0,0.0022187004754358162,0.0,0.29390793437829127,0.00028985132610300206,2502,1122,2588,2592,2201.0
אור עדי,7,7.0,0.0022187004754358162,0.0,0.29390793437829127,0.00028985132610300206,2502,1122,2588,2592,2201.0
יוסי אלקיים,8,8.0,0.0025356576862123614,0.0,0.2819850156513916,0.00017137720661295665,2320,1122,2700,2692,2208.5
דותן רמות,8,8.0,0.0025356576862123614,0.0,0.2819850156513916,0.00017137720661295665,2320,1122,2700,2692,2208.5
גלעד ינקולביץ,8,8.0,0.0025356576862123614,0.0,0.2819850156513916,0.00017137720661295665,2320,1122,2700,2692,2208.5
בובי לקס,8,8.0,0.0025356576862123614,0.0,0.2819850156513916,0.00017137720661295665,2320,1122,2700,2692,2208.5
מריה זריק,7,7.0,0.0022187004754358162,0.0,0.2932090957461761,0.0002519148688477915,2502,1122,2597,2621,2210.5
ורוניקה ניקול,7,7.0,0.0022187004754358162,0.0,0.2932090957461761,0.0002519148688477915,2502,1122,2597,2621,2210.5
רועי גולן,7,7.0,0.0022187004754358162,0.0,0.2932090957461761,0.0002519148688477915,2502,1122,2597,2621,2210.5
מנחם צברי,7,7.0,0.0022187004754358162,0.0,0.2932090957461761,0.0002519148688477915,2502,1122,2597,2621,2210.5
טוני טין,4,4.0,0.0012678288431061807,0.0,0.30892272353056593,0.00045775222213712203,2905,1122,2398,2446,2217.75
איציק עצמון,4,4.0,0.0012678288431061807,0.0,0.30892272353056593,0.00045775222213712203,2905,1122,2398,2446,2217.75
ג'לאל מסראווה,4,4.0,0.0012678288431061807,0.0,0.31026075985848806,0.0004156736034243248,2905,1122,2354,2492,2218.25
זוהר דינר,4,4.0,0.0012678288431061807,0.0,0.3117887811389033,0.0003959750299008008,2905,1122,2333,2514,2218.5
מרטין אומנסקי,5,5.0,0.001584786053882726,0.0,0.3020987687211011,0.00041041715511887255,2787,1122,2478,2493,2220.0
ענת קלאוזנר,5,5.0,0.001584786053882726,0.0,0.3020987687211011,0.00041041715511887255,2787,1122,2478,2493,2220.0
דריה רוזן,5,5.0,0.001584786053882726,0.0,0.30455206067087487,0.0003856432351082598,2787,1122,2457,2519,2221.25
ליה אללוף,5,5.0,0.001584786053882726,0.0,0.30455206067087487,0.0003856432351082598,2787,1122,2457,2519,2221.25
שלומי שבן,5,5.0,0.001584786053882726,0.0,0.30455206067087487,0.0003856432351082598,2787,1122,2457,2519,2221.25
הסבא,8,8.0,0.0025356576862123614,0.0,0.27898636031101554,0.00015306592350652486,2320,1122,2741,2706,2222.25
הסבתא,8,8.0,0.0025356576862123614,0.0,0.27898636031101554,0.00015306592350652486,2320,1122,2741,2706,2222.25
עפר,8,8.0,0.0025356576862123614,0.0,0.27898636031101554,0.00015306592350652486,2320,1122,2741,2706,2222.25
יואל,8,8.0,0.0025356576862123614,0.0,0.27898636031101554,0.00015306592350652486,2320,1122,2741,2706,2222.25
נעה,8,8.0,0.0025356576862123614,0.0,0.27898636031101554,0.00015306592350652486,2320,1122,2741,2706,2222.25
נעמה,8,8.0,0.0025356576862123614,0.0,0.27898636031101554,0.00015306592350652486,2320,1122,2741,2706,2222.25
רותי,8,8.0,0.0025356576862123614,0.0,0.27898636031101554,0.00015306592350652486,2320,1122,2741,2706,2222.25
אבי נשר,4,4.0,0.0012678288431061807,0.0,0.3002313761126772,0.0006229589027216459,2905,1122,2521,2342,2222.5
ברק גרינברג,4,4.0,0.0012678288431061807,0.0,0.3002313761126772,0.0006229589027216459,2905,1122,2521,2342,2222.5
מיכל רדלוס,8,8.0,0.0025356576862123614,0.0,0.2807539591784089,0.00012913890416113756,2320,1122,2706,2744,2223.0
אלעד וויסמן,8,8.0,0.0025356576862123614,0.0,0.2807539591784089,0.00012913890416113756,2320,1122,2706,2744,2223.0
קארין כהן,8,8.0,0.0025356576862123614,0.0,0.2807539591784089,0.00012913890416113756,2320,1122,2706,2744,2223.0
שי פיינברג,8,8.0,0.0025356576862123614,0.0,0.2807539591784089,0.00012913890416113756,2320,1122,2706,2744,2223.0
טל טירנגל,8,8.0,0.0025356576862123614,0.0,0.2807539591784089,0.00012913890416113756,2320,1122,2706,2744,2223.0
אלון גור אריה,8,8.0,0.0025356576862123614,0.0,0.2807539591784089,0.00012913890416113756,2320,1122,2706,2744,2223.0
טל שפר,8,8.0,0.0025356576862123614,0.0,0.2807539591784089,0.00012913890416113756,2320,1122,2706,2744,2223.0
כרמל בין,4,4.0,0.0012678288431061807,0.0,0.30990527907111703,0.00040128110158148863,2905,1122,2370,2499,2224.0
יהושע סובול,4,4.0,0.0012678288431061807,0.0,0.30990527907111703,0.00040128110158148863,2905,1122,2370,2499,2224.0
עדי פלדמן,5,5.0,0.001584786053882726,0.0,0.3070700404821223,0.0002970974596261786,2787,1122,2414,2584,2226.75
ניר מליק,5,5.0,0.001584786053882726,0.0,0.3070700404821223,0.0002970974596261786,2787,1122,2414,2584,2226.75
אולגה ברדוקוב,5,5.0,0.001584786053882726,0.0,0.3070700404821223,0.0002970974596261786,2787,1122,2414,2584,2226.75
ליאור נרקיס,8,8.0,0.0025356576862123614,0.0,0.2672321394734712,0.00022324160387508497,2320,1122,2823,2654,2229.75
חופית גולן,8,8.0,0.0025356576862123614,0.0,0.2672321394734712,0.00022324160387508497,2320,1122,2823,2654,2229.75
אתי בוחבוט,8,8.0,0.0025356576862123614,0.0,0.2672321394734712,0.00022324160387508497,2320,1122,2823,2654,2229.75
מתן לקס,6,9.0,0.001901743264659271,1.0049372567423753e-07,0.3052911091292441,0.00013443229668116185,2650,1119,2441,2741,2237.75
קופנגן,5,5.0,0.001584786053882726,0.0,0.2956257315259778,0.00043528769506823265,2787,1122,2577,2469,2238.75
אמה מדינג,5,5.0,0.001584786053882726,0.0,0.2956257315259778,0.00043528769506823265,2787,1122,2577,2469,2238.75
אבי אבוטבול קידר,2,2.0,0.0006339144215530904,0.0,0.3051920061013759,0.0006303813175819635,3063,1122,2444,2329,2239.5
ביאטריס הל-ריץ,3,3.0,0.0009508716323296355,0.0,0.316120784413289,0.00032870201987263327,3009,1122,2260,2568,2239.75
הלל קפון,3,3.0,0.0009508716323296355,0.0,0.316120784413289,0.00032870201987263327,3009,1122,2260,2568,2239.75
שמעון אמין,3,3.0,0.0009508716323296355,0.0,0.316120784413289,0.00032870201987263327,3009,1122,2260,2568,2239.75
מעיין עמרני,5,5.0,0.001584786053882726,0.0,0.30408179658808854,0.00029513439772299127,2787,1122,2467,2590,2241.5
אדם חתוכה פלד,5,5.0,0.001584786053882726,0.0,0.30408179658808854,0.00029513439772299127,2787,1122,2467,2590,2241.5
ליהי אברמסון,6,6.0,0.001901743264659271,0.0,0.28856125097186314,0.0003589701893691401,2650,1122,2662,2544,2244.5
שלומית הגואל-טריגר,6,6.0,0.001901743264659271,0.0,0.28856125097186314,0.0003589701893691401,2650,1122,2662,2544,2244.5
עדי רביד,8,8.0,0.0025356576862123614,0.0,0.27224882538342987,0.00013487752402473768,2320,1122,2811,2736,2247.25
אסף משיח,8,8.0,0.0025356576862123614,0.0,0.27224882538342987,0.00013487752402473768,2320,1122,2811,2736,2247.25
יוליה פלוטקין,8,8.0,0.0025356576862123614,0.0,0.27224882538342987,0.00013487752402473768,2320,1122,2811,2736,2247.25
קטיה גור,8,8.0,0.0025356576862123614,0.0,0.27224882538342987,0.00013487752402473768,2320,1122,2811,2736,2247.25
גיא לובלצ'יק,8,8.0,0.0025356576862123614,0.0,0.27224882538342987,0.00013487752402473768,2320,1122,2811,2736,2247.25
בירו טשלה,7,7.0,0.0022187004754358162,0.0,0.2886751788925741,0.00014459986899264686,2502,1122,2657,2717,2249.5
ביינה גטהון,7,7.0,0.0022187004754358162,0.0,0.2886751788925741,0.00014459986899264686,2502,1122,2657,2717,2249.5
תהילה ישעיהו,7,7.0,0.0022187004754358162,0.0,0.2886751788925741,0.00014459986899264686,2502,1122,2657,2717,2249.5
אלזה עלמו,7,7.0,0.0022187004754358162,0.0,0.2886751788925741,0.00014459986899264686,2502,1122,2657,2717,2249.5
צביקה היזיקיאס,7,7.0,0.0022187004754358162,0.0,0.2886751788925741,0.00014459986899264686,2502,1122,2657,2717,2249.5
"צה""ל",3,3.0,0.0009508716323296355,0.0,0.30562791031186576,0.000489695412391842,3009,1122,2433,2434,2249.5
אורנה שיפריס,4,4.0,0.0012678288431061807,0.0,0.3063955652329683,0.00035370834050903405,2905,1122,2428,2550,2251.25
נטע רוט,4,4.0,0.0012678288431061807,0.0,0.30678975736227776,0.00032237480265049045,2905,1122,2421,2571,2254.75
גלעד לדרמן,4,4.0,0.0012678288431061807,0.0,0.30678975736227776,0.00032237480265049045,2905,1122,2421,2571,2254.75
יעל רייך,4,4.0,0.0012678288431061807,0.0,0.30472374532613794,0.00036114637916548803,2905,1122,2455,2542,2256.0
איתי לב,4,4.0,0.0012678288431061807,0.0,0.30472374532613794,0.00036114637916548803,2905,1122,2455,2542,2256.0
אור ברק,6,6.0,0.001901743264659271,0.0,0.2887623289380666,0.0002631944165501286,2650,1122,2654,2614,2260.0
עדן חלילי,6,6.0,0.001901743264659271,0.0,0.2887623289380666,0.0002631944165501286,2650,1122,2654,2614,2260.0
תמיר מולא,6,6.0,0.001901743264659271,0.0,0.2887623289380666,0.0002631944165501286,2650,1122,2654,2614,2260.0
ציפי מייזלר,6,6.0,0.001901743264659271,0.0,0.28390253808307186,0.0003011349236293861,2650,1122,2692,2581,2261.25
מירי בן דוד,1,1.0,0.0003169572107765452,0.0,0.30728957516571637,0.0005652958802715511,3120,1122,2413,2390,2261.25
ליאור בסון,6,6.0,0.001901743264659271,0.0,0.28390253808307186,0.0003011349236293861,2650,1122,2692,2581,2261.25
מעיין אליאסי,6,6.0,0.001901743264659271,0.0,0.28390253808307186,0.0003011349236293861,2650,1122,2692,2581,2261.25
מתניה בר-שלום,5,5.0,0.001584786053882726,0.0,0.2989913410960984,0.0002802051302419496,2787,1122,2541,2597,2261.75
אירית דגמי,5,5.0,0.001584786053882726,0.0,0.2989913410960984,0.0002802051302419496,2787,1122,2541,2597,2261.75
גל מקאדר,5,5.0,0.001584786053882726,0.0,0.2989913410960984,0.0002802051302419496,2787,1122,2541,2597,2261.75
עמרי אשין,5,5.0,0.001584786053882726,0.0,0.2989913410960984,0.0002802051302419496,2787,1122,2541,2597,2261.75
אמיר וולף,3,3.0,0.0009508716323296355,0.0,0.30332173387445105,0.0004469448255210868,3009,1122,2471,2459,2265.25
ג'ייד הדס סקורי,2,2.0,0.0006339144215530904,0.0,0.31067815892333744,0.00037697534475484245,3063,1122,2352,2528,2266.25
סיון נועם שמעון,2,2.0,0.0006339144215530904,0.0,0.31067815892333744,0.00037697534475484245,3063,1122,2352,2528,2266.25
רמי קאשי,4,4.0,0.0012678288431061807,0.0,0.3006028669380823,0.0003631080151059351,2905,1122,2501,2540,2267.0
עמיקם גורביץ,2,2.0,0.0006339144215530904,0.0,0.2987182975616414,0.0005245982059521508,3063,1122,2552,2413,2287.5
אורי חזקיה,4,4.0,0.0012678288431061807,0.0,0.296201029068113,0.00033232035972320374,2905,1122,2571,2567,2291.25
עדיאל זמרו,8,8.0,0.0025356576862123614,0.0,0.26018752713371385,5.020364927472717e-05,2320,1122,2869,2882,2298.25
יניב עדני,8,8.0,0.0025356576862123614,0.0,0.26018752713371385,5.020364927472717e-05,2320,1122,2869,2882,2298.25
בני אדגה,8,8.0,0.0025356576862123614,0.0,0.26018752713371385,5.020364927472717e-05,2320,1122,2869,2882,2298.25
אבינועם בלומנקרנץ,8,8.0,0.0025356576862123614,0.0,0.26018752713371385,5.020364927472717e-05,2320,1122,2869,2882,2298.25
סרגיי גנטיוק,8,8.0,0.0025356576862123614,0.0,0.26018752713371385,5.020364927472717e-05,2320,1122,2869,2882,2298.25
דוד טפליצקי,8,8.0,0.0025356576862123614,0.0,0.26018752713371385,5.020364927472717e-05,2320,1122,2869,2882,2298.25
נדיר אלדד,8,8.0,0.0025356576862123614,0.0,0.26018752713371385,5.020364927472717e-05,2320,1122,2869,2882,2298.25
דאשה טבורונוביץ',5,5.0,0.001584786053882726,0.0,0.2899780480723462,0.00022553372553755634,2787,1122,2644,2650,2300.75
לנה פרייפלד,5,5.0,0.001584786053882726,0.0,0.2899780480723462,0.00022553372553755634,2787,1122,2644,2650,2300.75
ויקטוריה קוזאק,5,5.0,0.001584786053882726,0.0,0.2899780480723462,0.00022553372553755634,2787,1122,2644,2650,2300.75
שירי נדב נאור,5,5.0,0.001584786053882726,0.0,0.28966022621122384,0.0002087842278268405,2787,1122,2647,2664,2305.0
רוני קידר,4,4.0,0.0012678288431061807,0.0,0.2911373831374023,0.0003119119266661097,2905,1122,2628,2574,2307.25
לוחמים,8,8.0,0.0025356576862123614,0.0,0.25742008897170443,2.720883284617976e-05,2320,1122,2878,2917,2309.25
יחידות מובחרות,8,8.0,0.0025356576862123614,0.0,0.25742008897170443,2.720883284617976e-05,2320,1122,2878,2917,2309.25
קצינים,8,8.0,0.0025356576862123614,0.0,0.25742008897170443,2.720883284617976e-05,2320,1122,2878,2917,2309.25
גיא קפולניק,8,8.0,0.0025356576862123614,0.0,0.25742008897170443,2.720883284617976e-05,2320,1122,2878,2917,2309.25
ליהק,8,8.0,0.0025356576862123614,0.0,0.25742008897170443,2.720883284617976e-05,2320,1122,2878,2917,2309.25
ריאליסטי,8,8.0,0.0025356576862123614,0.0,0.25742008897170443,2.720883284617976e-05,2320,1122,2878,2917,2309.25
אוהד הול,8,8.0,0.0025356576862123614,0.0,0.25742008897170443,2.720883284617976e-05,2320,1122,2878,2917,2309.25
מרקו כרמל,5,5.0,0.001584786053882726,0.0,0.28735351372965323,0.0002086311574753006,2787,1122,2664,2665,2309.5
דובר קוסשווילי,5,5.0,0.001584786053882726,0.0,0.28735351372965323,0.0002086311574753006,2787,1122,2664,2665,2309.5
צביקה קרצנר,5,5.0,0.001584786053882726,0.0,0.28735351372965323,0.0002086311574753006,2787,1122,2664,2665,2309.5
דויד קרוס,6,6.0,0.001901743264659271,0.0,0.27464579369056047,0.0001859921921556262,2650,1122,2792,2679,2310.75
אוליבר ג'קסון-כהן,6,6.0,0.001901743264659271,0.0,0.27464579369056047,0.0001859921921556262,2650,1122,2792,2679,2310.75
אנטון לסר,6,6.0,0.001901743264659271,0.0,0.27464579369056047,0.0001859921921556262,2650,1122,2792,2679,2310.75
מייקל סי פוקס,6,6.0,0.001901743264659271,0.0,0.27464579369056047,0.0001859921921556262,2650,1122,2792,2679,2310.75
ג'רמי נוימרק ג'ונס,6,6.0,0.001901743264659271,0.0,0.27464579369056047,0.0001859921921556262,2650,1122,2792,2679,2310.75
אדי קבטנר,6,6.0,0.001901743264659271,0.0,0.27464579369056047,0.0001859921921556262,2650,1122,2792,2679,2310.75
סיון שטיבי,4,4.0,0.0012678288431061807,0.0,0.2969213897407227,0.00019473207446052832,2905,1122,2555,2670,2313.0
יונתן גלילה,4,4.0,0.0012678288431061807,0.0,0.2969213897407227,0.00019473207446052832,2905,1122,2555,2670,2313.0
שחר אבן צור,4,4.0,0.0012678288431061807,0.0,0.2969213897407227,0.00019473207446052832,2905,1122,2555,2670,2313.0
אמילי גרנין,4,4.0,0.0012678288431061807,0.0,0.2969213897407227,0.00019473207446052832,2905,1122,2555,2670,2313.0
יאיר לוטן,2,2.0,0.0006339144215530904,0.0,0.2999714914058793,0.0003559739655742858,3063,1122,2524,2549,2314.5
עמי אושפיץ,3,3.0,0.0009508716323296355,0.0,0.2978286713299341,0.0003157509541100239,3009,1122,2554,2573,2314.5
יוסל'ה יוסלביץ,8,8.0,0.0025356576862123614,0.0,0.24199745348619967,3.463745179507097e-05,2320,1122,2940,2899,2320.25
אורנה אורשן,8,8.0,0.0025356576862123614,0.0,0.24199745348619967,3.463745179507097e-05,2320,1122,2940,2899,2320.25
אריק מנקין,8,8.0,0.0025356576862123614,0.0,0.24199745348619967,3.463745179507097e-05,2320,1122,2940,2899,2320.25
דני כנרות,8,8.0,0.0025356576862123614,0.0,0.24199745348619967,3.463745179507097e-05,2320,1122,2940,2899,2320.25
מוחמד עזאם,8,8.0,0.0025356576862123614,0.0,0.24199745348619967,3.463745179507097e-05,2320,1122,2940,2899,2320.25
ג'סי נחייסי,8,8.0,0.0025356576862123614,0.0,0.24199745348619967,3.463745179507097e-05,2320,1122,2940,2899,2320.25
גניה מימון,8,8.0,0.0025356576862123614,0.0,0.24199745348619967,3.463745179507097e-05,2320,1122,2940,2899,2320.25
בנימין צמח,8,8.0,0.0025356576862123614,0.0,0.24199745348619967,3.463745179507097e-05,2320,1122,2940,2899,2320.25
אלייזה וינטראוב,2,2.0,0.0006339144215530904,0.0,0.30190738694859476,0.00025599010244437947,3063,1122,2480,2619,2321.0
דורי גולדשטיין,2,2.0,0.0006339144215530904,0.0,0.30190738694859476,0.00025599010244437947,3063,1122,2480,2619,2321.0
עידו קסטלר,6,6.0,0.001901743264659271,0.0,0.2790295725674839,0.00011434984511286947,2650,1122,2738,2783,2323.25
מישל פרוז'נסקי,6,6.0,0.001901743264659271,0.0,0.2790295725674839,0.00011434984511286947,2650,1122,2738,2783,2323.25
עמית הכטר,6,6.0,0.001901743264659271,0.0,0.2790295725674839,0.00011434984511286947,2650,1122,2738,2783,2323.25
הרן שגיא,5,5.0,0.001584786053882726,0.0,0.280630926923172,0.00016960161265938876,2787,1122,2713,2696,2329.5
ריף כהן,5,5.0,0.001584786053882726,0.0,0.280630926923172,0.00016960161265938873,2787,1122,2713,2697,2329.75
יואב כורש,5,5.0,0.001584786053882726,0.0,0.280630926923172,0.00016960161265938873,2787,1122,2713,2697,2329.75
מרים בנאי,5,5.0,0.001584786053882726,0.0,0.27857738610869626,0.00021515812070994778,2787,1122,2748,2662,2329.75
נטע וינר,5,5.0,0.001584786053882726,0.0,0.27857738610869626,0.00021515812070994778,2787,1122,2748,2662,2329.75
יוסק'ה נחמיאס,7,7.0,0.0022187004754358162,0.0,0.25652385166287595,7.957995551687903e-05,2502,1122,2889,2819,2333.0
אלחנן אבן חן,7,7.0,0.0022187004754358162,0.0,0.25652385166287595,7.957995551687903e-05,2502,1122,2889,2819,2333.0
עמנואל סאלם,7,7.0,0.0022187004754358162,0.0,0.25652385166287595,7.957995551687903e-05,2502,1122,2889,2819,2333.0
חנן סוויסה,7,7.0,0.0022187004754358162,0.0,0.25652385166287595,7.957995551687903e-05,2502,1122,2889,2819,2333.0
בני ליס,7,7.0,0.0022187004754358162,0.0,0.25652385166287595,7.957995551687903e-05,2502,1122,2889,2819,2333.0
ניסים ורטה,7,7.0,0.0022187004754358162,0.0,0.25652385166287595,7.957995551687903e-05,2502,1122,2889,2819,2333.0
רז זלצרמן,7,7.0,0.0022187004754358162,0.0,0.25652385166287595,7.957995551687903e-05,2502,1122,2889,2819,2333.0
יערה ביסטרי,5,5.0,0.001584786053882726,0.0,0.28053228384256096,0.00014273386294974397,2787,1122,2716,2728,2338.25
אריאל נוביק,5,5.0,0.001584786053882726,0.0,0.28053228384256096,0.00014273386294974397,2787,1122,2716,2728,2338.25
הלל ינאי שני,5,5.0,0.001584786053882726,0.0,0.2798666072850917,0.00012794533427474276,2787,1122,2727,2757,2348.25
הולגר ירמיש,5,5.0,0.001584786053882726,0.0,0.2798666072850917,0.00012794533427474276,2787,1122,2727,2757,2348.25
אופק פסח,5,5.0,0.001584786053882726,0.0,0.2798666072850917,0.00012794533427474276,2787,1122,2727,2757,2348.25
עדי גילת,5,5.0,0.001584786053882726,0.0,0.2798666072850917,0.00012794533427474276,2787,1122,2727,2757,2348.25
רוני וייסמן,8,8.0,0.0025356576862123614,0.0,0.0025356576862123614,0.0,2320,1122,3002,2972,2354.0
בועז קרני,8,8.0,0.0025356576862123614,0.0,0.0025356576862123614,0.0,2320,1122,3002,2972,2354.0
אורי ליפשיץ,8,8.0,0.0025356576862123614,0.0,0.0025356576862123614,0.0,2320,1122,3002,2972,2354.0
רעות פיש,8,8.0,0.0025356576862123614,0.0,0.0025356576862123614,0.0,2320,1122,3002,2972,2354.0
ניר קיטרו,8,8.0,0.0025356576862123614,0.0,0.0025356576862123614,0.0,2320,1122,3002,2972,2354.0
אדוה קמחי,8,8.0,0.0025356576862123614,0.0,0.0025356576862123614,0.0,2320,1122,3002,2972,2354.0
ניר שרון,8,8.0,0.0025356576862123614,0.0,0.0025356576862123614,0.0,2320,1122,3002,2972,2354.0
אילה שיפטן,8,8.0,0.0025356576862123614,0.0,0.0025356576862123614,0.0,2320,1122,3002,2972,2354.0
יובל אורנר,8,8.0,0.0025356576862123614,0.0,0.0025356576862123614,0.0,2320,1122,3002,2972,2354.0
תמיר ביידר,5,5.0,0.001584786053882726,0.0,0.27764321165019007,0.00012011659480976594,2787,1122,2760,2769,2359.5
תומר שחורי,5,5.0,0.001584786053882726,0.0,0.27764321165019007,0.00012011659480976594,2787,1122,2760,2769,2359.5
דינה קדושי,6,6.0,0.001901743264659271,0.0,0.2660358645126783,5.476080227002094e-05,2650,1122,2827,2866,2366.25
ליאת צדקיהו,6,6.0,0.001901743264659271,0.0,0.2660358645126783,5.476080227002094e-05,2650,1122,2827,2866,2366.25
הילה הרוש,6,6.0,0.001901743264659271,0.0,0.2660358645126783,5.476080227002094e-05,2650,1122,2827,2866,2366.25
ירין קורן,6,6.0,0.001901743264659271,0.0,0.2660358645126783,5.476080227002094e-05,2650,1122,2827,2866,2366.25
רגב זרקה,6,6.0,0.001901743264659271,0.0,0.2660358645126783,5.476080227002094e-05,2650,1122,2827,2866,2366.25
נור פיבק,4,4.0,0.0012678288431061807,3.8717815253937235e-06,0.27913517903336826,0.00012179999177883684,2905,1062,2737,2768,2368.0
אפרת בן יעקב,1,1.0,0.0003169572107765452,0.0,0.29395656760804645,0.00023575246924459293,3120,1122,2587,2644,2368.25
קאיס נאשף,3,3.0,0.0009508716323296355,0.0,0.28579917148314876,0.00018302713335425046,3009,1122,2676,2685,2373.0
חגי מולודיק,6,6.0,0.001901743264659271,0.0,0.2565003173174347,7.840954519244581e-05,2650,1122,2896,2830,2374.5
אושרית קצין,6,6.0,0.001901743264659271,0.0,0.2565003173174347,7.840954519244581e-05,2650,1122,2896,2830,2374.5
רחל ורבוב,6,6.0,0.001901743264659271,0.0,0.2565003173174347,7.840954519244581e-05,2650,1122,2896,2830,2374.5
דוד לייזרוביץ',6,6.0,0.001901743264659271,0.0,0.2565003173174347,7.840954519244581e-05,2650,1122,2896,2830,2374.5
הרב דביר טל,6,6.0,0.001901743264659271,0.0,0.2565003173174347,7.840954519244581e-05,2650,1122,2896,2830,2374.5
שי סקיבא,6,6.0,0.001901743264659271,0.0,0.2565003173174347,7.840954519244581e-05,2650,1122,2896,2830,2374.5
מור דימרי,5,5.0,0.001584786053882726,0.0,0.2731097759363238,0.0001013213285429158,2787,1122,2800,2801,2377.5
יאיר מזור,5,5.0,0.001584786053882726,0.0,0.2731097759363238,0.0001013213285429158,2787,1122,2800,2801,2377.5
נטע אורבך,5,5.0,0.001584786053882726,0.0,0.2731097759363238,0.0001013213285429158,2787,1122,2800,2801,2377.5
עז א-דין אבו אל-עייש,2,2.0,0.0006339144215530904,0.0,0.29454160895670417,0.00013184749178566873,3063,1122,2584,2742,2377.75
שלומי אלדר,2,2.0,0.0006339144215530904,0.0,0.29454160895670417,0.00013184749178566873,3063,1122,2584,2742,2377.75
דניאל ג'יידלין,3,3.0,0.0009508716323296355,0.0,0.28390761751582,0.00016897857660182783,3009,1122,2691,2699,2380.25
ריימונלד אמסלם,2,2.0,0.0006339144215530904,0.0,0.2871960044176245,0.00019010169795930355,3063,1122,2667,2674,2381.5
שריאל בקנשטיין,7,7.0,0.0022187004754358162,0.0,0.23550406109301747,7.203595441587535e-06,2502,1122,2953,2953,2382.5
דוד גולנד,7,7.0,0.0022187004754358162,0.0,0.23550406109301747,7.203595441587535e-06,2502,1122,2953,2953,2382.5
ג'רי פישמן,7,7.0,0.0022187004754358162,0.0,0.23550406109301747,7.203595441587535e-06,2502,1122,2953,2953,2382.5
יותם ראובני,7,7.0,0.0022187004754358162,0.0,0.23550406109301747,7.203595441587535e-06,2502,1122,2953,2953,2382.5
גיורא קפלן,7,7.0,0.0022187004754358162,0.0,0.23550406109301747,7.203595441587535e-06,2502,1122,2953,2953,2382.5
אשר מעיין,7,7.0,0.0022187004754358162,0.0,0.23550406109301747,7.203595441587535e-06,2502,1122,2953,2953,2382.5
רפי דייגי,7,7.0,0.0022187004754358162,0.0,0.23550406109301747,7.203595441587535e-06,2502,1122,2953,2953,2382.5
לטי גרובמן,2,2.0,0.0006339144215530904,0.0,0.2847995333183545,0.00020322343951975627,3063,1122,2682,2668,2383.75
הדר גלרון,2,2.0,0.0006339144215530904,0.0,0.2832017101812584,0.000223437393072019,3063,1122,2699,2653,2384.25
גדי וילצ'רסקי,3,3.0,0.0009508716323296355,0.0,0.2818938997988061,0.00015587826757035373,3009,1122,2704,2702,2384.25
יוסי צברי,3,3.0,0.0009508716323296355,0.0,0.2818938997988061,0.00015587826757035373,3009,1122,2704,2702,2384.25
אורטל פשרל,2,2.0,0.0006339144215530904,0.0,0.28393222788167527,0.00016407828972741807,3063,1122,2690,2701,2394.0
יהודית הספל,7,7.0,0.0022187004754358162,0.0,0.0022187004754358162,0.0,2502,1122,3011,2972,2401.75
אלישבע זוז,7,7.0,0.0022187004754358162,0.0,0.0022187004754358162,0.0,2502,1122,3011,2972,2401.75
טרודי הירשלר,7,7.0,0.0022187004754358162,0.0,0.0022187004754358162,0.0,2502,1122,3011,2972,2401.75
סאלי פיליפס,7,7.0,0.0022187004754358162,0.0,0.0022187004754358162,0.0,2502,1122,3011,2972,2401.75
מרים מרגוליס,7,7.0,0.0022187004754358162,0.0,0.0022187004754358162,0.0,2502,1122,3011,2972,2401.75
האני לוקס,7,7.0,0.0022187004754358162,0.0,0.0022187004754358162,0.0,2502,1122,3011,2972,2401.75
אנדי מקדואל,7,7.0,0.0022187004754358162,0.0,0.0022187004754358162,0.0,2502,1122,3011,2972,2401.75
ננה סלינגר,7,7.0,0.0022187004754358162,0.0,0.0022187004754358162,0.0,2502,1122,3011,2972,2401.75
אן מרי פיסקר,7,7.0,0.0022187004754358162,0.0,0.0022187004754358162,0.0,2502,1122,3011,2972,2401.75
טום קאלן,7,7.0,0.0022187004754358162,0.0,0.0022187004754358162,0.0,2502,1122,3011,2972,2401.75
דייוויד ואליאמס,7,7.0,0.0022187004754358162,0.0,0.0022187004754358162,0.0,2502,1122,3011,2972,2401.75
טמזין גרג,7,7.0,0.0022187004754358162,0.0,0.0022187004754358162,0.0,2502,1122,3011,2972,2401.75
מישל גרינידג',7,7.0,0.0022187004754358162,0.0,0.0022187004754358162,0.0,2502,1122,3011,2972,2401.75
ראקי תאקראר,7,7.0,0.0022187004754358162,0.0,0.0022187004754358162,0.0,2502,1122,3011,2972,2401.75
אנני למפל,7,7.0,0.0022187004754358162,0.0,0.0022187004754358162,0.0,2502,1122,3011,2972,2401.75
גרטה ורטהיימר,7,7.0,0.0022187004754358162,0.0,0.0022187004754358162,0.0,2502,1122,3011,2972,2401.75
דודו ארז,5,5.0,0.001584786053882726,0.0,0.2627065863470113,6.859442965764494e-05,2787,1122,2856,2845,2402.5
אלין לוי,5,5.0,0.001584786053882726,0.0,0.2627065863470113,6.859442965764494e-05,2787,1122,2856,2845,2402.5
ענת אלימלך,4,4.0,0.0012678288431061807,0.0,0.2748241769655607,9.71093459009714e-05,2905,1122,2790,2812,2407.25
כרמית לויטה,4,4.0,0.0012678288431061807,0.0,0.2748241769655607,9.71093459009714e-05,2905,1122,2790,2812,2407.25
קלוד דופין,2,2.0,0.0006339144215530904,0.0,0.2763922688930658,0.00015417418396334576,3063,1122,2762,2704,2412.75
ז'ו דסאן,2,2.0,0.0006339144215530904,0.0,0.2763922688930658,0.00015417418396334576,3063,1122,2762,2704,2412.75
עומר נודלמן,4,4.0,0.0012678288431061807,0.0,0.27322174436520047,7.69578631240899e-05,2905,1122,2799,2836,2415.5
שרון אינגריד שטרק,1,1.0,0.0003169572107765452,0.0,0.29288646912107386,9.095474814955358e-05,3120,1122,2605,2815,2415.5
יורם הוניג,3,3.0,0.0009508716323296355,0.0,0.27783998403036064,0.00011497640128963903,3009,1122,2759,2782,2418.0
ציון אמסלם,6,6.0,0.001901743264659271,0.0,0.22959756871785944,5.3358041143238e-06,2650,1122,2960,2960,2423.0
לימור בן זכאי,6,6.0,0.001901743264659271,0.0,0.22959756871785944,5.3358041143238e-06,2650,1122,2960,2960,2423.0
אבי בן,6,6.0,0.001901743264659271,0.0,0.22959756871785944,5.3358041143238e-06,2650,1122,2960,2960,2423.0
עדן אלוש שלו,6,6.0,0.001901743264659271,0.0,0.22959756871785944,5.3358041143238e-06,2650,1122,2960,2960,2423.0
משה כהן,6,6.0,0.001901743264659271,0.0,0.22959756871785944,5.3358041143238e-06,2650,1122,2960,2960,2423.0
סיגי דהאן,6,6.0,0.001901743264659271,0.0,0.22959756871785944,5.3358041143238e-06,2650,1122,2960,2960,2423.0
מאיר טולדנו,4,4.0,0.0012678288431061807,0.0,0.26492616882230746,7.919469514520858e-05,2905,1122,2840,2826,2423.25
הגר אנוש,4,4.0,0.0012678288431061807,0.0,0.26492616882230746,7.919469514520858e-05,2905,1122,2840,2826,2423.25
הדס בן ארויה,4,4.0,0.0012678288431061807,0.0,0.26492616882230746,7.919469514520858e-05,2905,1122,2840,2826,2423.25
נצר חריט,4,4.0,0.0012678288431061807,0.0,0.26492616882230746,7.919469514520858e-05,2905,1122,2840,2826,2423.25
הנרי אנדראוס,6,6.0,0.001901743264659271,0.0,0.21166468092223148,1.609350569055701e-06,2650,1122,2966,2966,2426.0
סאנא ג'ממאליה,6,6.0,0.001901743264659271,0.0,0.21166468092223148,1.609350569055701e-06,2650,1122,2966,2966,2426.0
תאמר נאפר,6,6.0,0.001901743264659271,0.0,0.21166468092223148,1.609350569055701e-06,2650,1122,2966,2966,2426.0
אחלאם כנעאן,6,6.0,0.001901743264659271,0.0,0.21166468092223148,1.609350569055701e-06,2650,1122,2966,2966,2426.0
שאדן קנבורה,6,6.0,0.001901743264659271,0.0,0.21166468092223148,1.609350569055701e-06,2650,1122,2966,2966,2426.0
מונא חוא,6,6.0,0.001901743264659271,0.0,0.21166468092223148,1.609350569055701e-06,2650,1122,2966,2966,2426.0
זיו פלג,5,5.0,0.001584786053882726,0.0,0.25694251226284065,3.0421550106339237e-05,2787,1122,2885,2913,2426.75
אורטל בן שושן,5,5.0,0.001584786053882726,0.0,0.25694251226284065,3.0421550106339237e-05,2787,1122,2885,2913,2426.75
ליאור חסון,5,5.0,0.001584786053882726,0.0,0.25694251226284065,3.0421550106339237e-05,2787,1122,2885,2913,2426.75
עמית אפשטיין,5,5.0,0.001584786053882726,0.0,0.25694251226284065,3.0421550106339237e-05,2787,1122,2885,2913,2426.75
גיא זו-ארץ,4,4.0,0.0012678288431061807,0.0,0.26268190393590723,6.765469037988095e-05,2905,1122,2858,2847,2433.0
גולשיפתה פראהאני,6,6.0,0.001901743264659271,0.0,0.001901743264659271,0.0,2650,1122,3027,2972,2442.75
זאר אמיר אבראהימי,6,6.0,0.001901743264659271,0.0,0.001901743264659271,0.0,2650,1122,3027,2972,2442.75
מינא קאוואני,6,6.0,0.001901743264659271,0.0,0.001901743264659271,0.0,2650,1122,3027,2972,2442.75
אראש מרנדי,6,6.0,0.001901743264659271,0.0,0.001901743264659271,0.0,2650,1122,3027,2972,2442.75
רזא דיאקו,6,6.0,0.001901743264659271,0.0,0.001901743264659271,0.0,2650,1122,3027,2972,2442.75
סינה פרוואנה,6,6.0,0.001901743264659271,0.0,0.001901743264659271,0.0,2650,1122,3027,2972,2442.75
קטיונה אחמדי,6,6.0,0.001901743264659271,0.0,0.001901743264659271,0.0,2650,1122,3027,2972,2442.75
ששון סער,4,4.0,0.0012678288431061807,0.0,0.25583392579369,6.941441212326251e-05,2905,1122,2909,2841,2444.25
מרגלית שמיט,4,4.0,0.0012678288431061807,0.0,0.25583392579369,6.941441212326251e-05,2905,1122,2909,2841,2444.25
יצחק בנש,4,4.0,0.0012678288431061807,0.0,0.25583392579369,6.941441212326251e-05,2905,1122,2909,2841,2444.25
רחל טטרקו (חביב),4,4.0,0.0012678288431061807,0.0,0.25583392579369,6.94144121232625e-05,2905,1122,2909,2844,2445.0
אנסטסיה צ'נטוראיה,4,4.0,0.0012678288431061807,0.0,0.2608155567557818,4.829738298420241e-05,2905,1122,2865,2889,2445.25
מאטה טדוראדזה,4,4.0,0.0012678288431061807,0.0,0.2608155567557818,4.829738298420241e-05,2905,1122,2865,2889,2445.25
גיווי צ'וגואשווילי,4,4.0,0.0012678288431061807,0.0,0.2608155567557818,4.829738298420241e-05,2905,1122,2865,2889,2445.25
רולנד אוקרופירידזה,4,4.0,0.0012678288431061807,0.0,0.2608155567557818,4.829738298420241e-05,2905,1122,2865,2889,2445.25
ניב זילברברג,2,2.0,0.0006339144215530904,0.0,0.2740180762143879,9.199668650958523e-05,3063,1122,2798,2814,2449.25
אליענה שכטר,3,3.0,0.0009508716323296355,0.0,0.26430757733897936,6.992067591539914e-05,3009,1122,2844,2840,2453.75
ענת מנדלסון,2,2.0,0.0006339144215530904,0.0,0.2681061510114498,7.544867354545335e-05,3063,1122,2820,2837,2460.5
שירי לוטן,2,2.0,0.0006339144215530904,0.0,0.2681061510114498,7.544867354545335e-05,3063,1122,2820,2837,2460.5
נטע בר רפאל,1,1.0,0.0003169572107765452,0.0,0.27193102828098276,9.770639436142943e-05,3120,1122,2816,2804,2465.5
למיס עמאר,4,4.0,0.0012678288431061807,0.0,0.25451214797664506,2.571099909363341e-05,2905,1122,2913,2931,2467.75
חדיג'ה אל עאכד,4,4.0,0.0012678288431061807,0.0,0.25451214797664506,2.571099909363341e-05,2905,1122,2913,2931,2467.75
ג'לאל מסרוה,4,4.0,0.0012678288431061807,0.0,0.25451214797664506,2.571099909363341e-05,2905,1122,2913,2931,2467.75
רז מזרחי,2,2.0,0.0006339144215530904,0.0,0.2657303340323959,5.5340429410105275e-05,3063,1122,2832,2865,2470.5
דני יוסטון,5,5.0,0.001584786053882726,8.039498053939003e-07,0.001584786053882726,0.0,2787,1094,3034,2972,2471.75
ישראל אוגלבו,2,2.0,0.0006339144215530904,0.0,0.26617867591607774,5.1870496737908046e-05,3063,1122,2826,2880,2472.75
אמיר קוסטוריצה,2,2.0,0.0006339144215530904,0.0,0.2632944059210624,5.826454404687886e-05,3063,1122,2845,2864,2473.5
דני לשמן,1,1.0,0.0003169572107765452,0.0,0.2680804435983573,7.441503186666427e-05,3120,1122,2822,2839,2475.75
עודד פיליפ,5,5.0,0.001584786053882726,0.0,0.001584786053882726,0.0,2787,1122,3034,2972,2478.75
אמרי קהן,5,5.0,0.001584786053882726,0.0,0.001584786053882726,0.0,2787,1122,3034,2972,2478.75
נעמה יוריה,5,5.0,0.001584786053882726,0.0,0.001584786053882726,0.0,2787,1122,3034,2972,2478.75
בני ציפר,5,5.0,0.001584786053882726,0.0,0.001584786053882726,0.0,2787,1122,3034,2972,2478.75
טל מאירי,5,5.0,0.001584786053882726,0.0,0.001584786053882726,0.0,2787,1122,3034,2972,2478.75
עמי אילון,5,5.0,0.001584786053882726,0.0,0.001584786053882726,0.0,2787,1122,3034,2972,2478.75
לי פיליפ,5,5.0,0.001584786053882726,0.0,0.001584786053882726,0.0,2787,1122,3034,2972,2478.75
מני פיליפ,5,5.0,0.001584786053882726,0.0,0.001584786053882726,0.0,2787,1122,3034,2972,2478.75
אלי פיליפ,5,5.0,0.001584786053882726,0.0,0.001584786053882726,0.0,2787,1122,3034,2972,2478.75
עירית גידרון,5,5.0,0.001584786053882726,0.0,0.001584786053882726,0.0,2787,1122,3034,2972,2478.75
צביקה פיליפ,5,5.0,0.001584786053882726,0.0,0.001584786053882726,0.0,2787,1122,3034,2972,2478.75
אסף פיליפ,5,5.0,0.001584786053882726,0.0,0.001584786053882726,0.0,2787,1122,3034,2972,2478.75
כרמי גילון,5,5.0,0.001584786053882726,0.0,0.001584786053882726,0.0,2787,1122,3034,2972,2478.75
יעקב פרי,5,5.0,0.001584786053882726,0.0,0.001584786053882726,0.0,2787,1122,3034,2972,2478.75
אברהם שלום,5,5.0,0.001584786053882726,0.0,0.001584786053882726,0.0,2787,1122,3034,2972,2478.75
אבי דיכטר,5,5.0,0.001584786053882726,0.0,0.001584786053882726,0.0,2787,1122,3034,2972,2478.75
אמנון פרידמן,5,5.0,0.001584786053882726,0.0,0.001584786053882726,0.0,2787,1122,3034,2972,2478.75
יובל דיסקין,5,5.0,0.001584786053882726,0.0,0.001584786053882726,0.0,2787,1122,3034,2972,2478.75
אביגיל קובארי,2,2.0,0.0006339144215530904,0.0,0.2630398606475725,4.209307473923093e-05,3063,1122,2855,2895,2483.75
הילה די-קאסטרו,1,1.0,0.0003169572107765452,0.0,0.27152674502604723,5.1270640220669457e-05,3120,1122,2817,2881,2485.0
רינת גליקו,2,2.0,0.0006339144215530904,0.0,0.25868062035141337,4.309649765581955e-05,3063,1122,2876,2893,2488.5
איריס קול,2,2.0,0.0006339144215530904,0.0,0.25868062035141337,4.309649765581955e-05,3063,1122,2876,2893,2488.5
מור יפתח,3,3.0,0.0009508716323296355,0.0,0.25010956266811557,3.8172356315680174e-05,3009,1122,2929,2896,2489.0
יונתן דני,3,3.0,0.0009508716323296355,0.0,0.25010956266811557,3.8172356315680174e-05,3009,1122,2929,2896,2489.0
יאיר גדסי,3,3.0,0.0009508716323296355,0.0,0.25010956266811557,3.8172356315680174e-05,3009,1122,2929,2896,2489.0
פאני לוביץ',1,1.0,0.0003169572107765452,0.0,0.2563289830538461,8.498119457614497e-05,3120,1122,2908,2817,2491.75
הדר שחף-מעיין,3,3.0,0.0009508716323296355,0.0,0.2538280116212976,2.4705127498843224e-05,3009,1122,2916,2935,2495.5
יגאל מזרחי,3,3.0,0.0009508716323296355,0.0,0.2538280116212976,2.4705127498843224e-05,3009,1122,2916,2935,2495.5
שרון כהן,3,3.0,0.0009508716323296355,0.0,0.2538280116212976,2.4705127498843224e-05,3009,1122,2916,2935,2495.5
איציק חייקה,3,3.0,0.0009508716323296355,0.0,0.2374484312260116,1.0447779134061881e-05,3009,1122,2950,2950,2507.75
אורי לחמי,3,3.0,0.0009508716323296355,0.0,0.2374484312260116,1.0447779134061881e-05,3009,1122,2950,2950,2507.75
עומר זוננשיין,3,3.0,0.0009508716323296355,0.0,0.2374484312260116,1.0447779134061881e-05,3009,1122,2950,2950,2507.75
הארווי קייטל,4,4.0,0.0012678288431061807,0.0,0.0013206550449022716,0.0,2905,1122,3053,2972,2513.0
פול ג'יאמטי,4,4.0,0.0012678288431061807,0.0,0.0013206550449022716,0.0,2905,1122,3053,2972,2513.0
רובין רייט,4,4.0,0.0012678288431061807,0.0,0.0013206550449022716,0.0,2905,1122,3053,2972,2513.0
ג'ון האם,4,4.0,0.0012678288431061807,0.0,0.0013206550449022716,0.0,2905,1122,3053,2972,2513.0
אנה ווליקובסקי,4,4.0,0.0012678288431061807,0.0,0.0012678288431061807,0.0,2905,1122,3057,2972,2514.0
רות גונזלס,4,4.0,0.0012678288431061807,0.0,0.0012678288431061807,0.0,2905,1122,3057,2972,2514.0
אנה קרינה ארווס,4,4.0,0.0012678288431061807,0.0,0.0012678288431061807,0.0,2905,1122,3057,2972,2514.0
סקסופון,4,4.0,0.0012678288431061807,0.0,0.0012678288431061807,0.0,2905,1122,3057,2972,2514.0
ג'ימי ביטון,4,4.0,0.0012678288431061807,0.0,0.0012678288431061807,0.0,2905,1122,3057,2972,2514.0
יעל פרלוב,4,4.0,0.0012678288431061807,0.0,0.0012678288431061807,0.0,2905,1122,3057,2972,2514.0
ניב מקינטוש,4,4.0,0.0012678288431061807,0.0,0.0012678288431061807,0.0,2905,1122,3057,2972,2514.0
קלי הריסון,4,4.0,0.0012678288431061807,0.0,0.0012678288431061807,0.0,2905,1122,3057,2972,2514.0
מריה פקולניס,4,4.0,0.0012678288431061807,0.0,0.0012678288431061807,0.0,2905,1122,3057,2972,2514.0
קלייר היגינס,4,4.0,0.0012678288431061807,0.0,0.0012678288431061807,0.0,2905,1122,3057,2972,2514.0
פולה בן-גוריון,4,4.0,0.0012678288431061807,0.0,0.0012678288431061807,0.0,2905,1122,3057,2972,2514.0
עמירם עיני,4,4.0,0.0012678288431061807,0.0,0.0012678288431061807,0.0,2905,1122,3057,2972,2514.0
רומן גרשקוביץ',4,4.0,0.0012678288431061807,0.0,0.0012678288431061807,0.0,2905,1122,3057,2972,2514.0
מיכאל לרנר,4,4.0,0.0012678288431061807,0.0,0.0012678288431061807,0.0,2905,1122,3057,2972,2514.0
דוד בן-גוריון,4,4.0,0.0012678288431061807,0.0,0.0012678288431061807,0.0,2905,1122,3057,2972,2514.0
דניאל מירנדה,4,4.0,0.0012678288431061807,0.0,0.0012678288431061807,0.0,2905,1122,3057,2972,2514.0
קטיה קוסוי ופולינה חריטונסקי,4,4.0,0.0012678288431061807,0.0,0.0012678288431061807,0.0,2905,1122,3057,2972,2514.0
אפרת וינטראוב,4,4.0,0.0012678288431061807,0.0,0.0012678288431061807,0.0,2905,1122,3057,2972,2514.0
מי-רן מנקס,4,4.0,0.0012678288431061807,0.0,0.0012678288431061807,0.0,2905,1122,3057,2972,2514.0
צחי סדן,4,4.0,0.0012678288431061807,0.0,0.0012678288431061807,0.0,2905,1122,3057,2972,2514.0
אסף פרי,4,4.0,0.0012678288431061807,0.0,0.0012678288431061807,0.0,2905,1122,3057,2972,2514.0
מרתה גטאצ'הו,4,4.0,0.0012678288431061807,0.0,0.0012678288431061807,0.0,2905,1122,3057,2972,2514.0
מטקו היילו,4,4.0,0.0012678288431061807,0.0,0.0012678288431061807,0.0,2905,1122,3057,2972,2514.0
וויינשיט בלאצ'ו,4,4.0,0.0012678288431061807,0.0,0.0012678288431061807,0.0,2905,1122,3057,2972,2514.0
יוהנס מוסה,4,4.0,0.0012678288431061807,0.0,0.0012678288431061807,0.0,2905,1122,3057,2972,2514.0
ג'סמין גרין,4,4.0,0.0012678288431061807,0.0,0.0012678288431061807,0.0,2905,1122,3057,2972,2514.0
בית לחם אסמאמאווה,4,4.0,0.0012678288431061807,0.0,0.0012678288431061807,0.0,2905,1122,3057,2972,2514.0
יריב מוזר,4,4.0,0.0012678288431061807,0.0,0.0012678288431061807,0.0,2905,1122,3057,2972,2514.0
קלינטון ביילי,4,4.0,0.0012678288431061807,0.0,0.0012678288431061807,0.0,2905,1122,3057,2972,2514.0
ג'וזף פיינס,4,4.0,0.0012678288431061807,0.0,0.0012678288431061807,0.0,2905,1122,3057,2972,2514.0
מיכל צפיר,2,2.0,0.0006339144215530904,0.0,0.23832221654366845,1.3076373461952046e-05,3063,1122,2948,2947,2520.0
עדי ביטי,2,2.0,0.0006339144215530904,0.0,0.23832221654366845,1.3076373461952046e-05,3063,1122,2948,2947,2520.0
דוריד לידאווי,1,1.0,0.0003169572107765452,0.0,0.25122857672174725,2.5621543657993624e-05,3120,1122,2928,2934,2526.0
אודי רוטשילד,1,1.0,0.0003169572107765452,0.0,0.24535213633052144,1.0722623060029666e-05,3120,1122,2932,2949,2530.75
אנתוני לפאליה,3,3.0,0.0009508716323296355,0.0,0.0009508716323296355,0.0,3009,1122,3087,2972,2547.5
הניה סוצ'ר-זיו,3,3.0,0.0009508716323296355,0.0,0.0009508716323296355,0.0,3009,1122,3087,2972,2547.5
האנס כריסטיאן בלך,3,3.0,0.0009508716323296355,0.0,0.0009508716323296355,0.0,3009,1122,3087,2972,2547.5
ג'פרי ראש,3,3.0,0.0009508716323296355,0.0,0.0009508716323296355,0.0,3009,1122,3087,2972,2547.5
עמוס קינן,3,3.0,0.0009508716323296355,0.0,0.0009508716323296355,0.0,3009,1122,3087,2972,2547.5
קלוד ריץ',3,3.0,0.0009508716323296355,0.0,0.0009508716323296355,0.0,3009,1122,3087,2972,2547.5
גיל רוזנטל,3,3.0,0.0009508716323296355,0.0,0.0009508716323296355,0.0,3009,1122,3087,2972,2547.5
אודי כהן,3,3.0,0.0009508716323296355,0.0,0.0009508716323296355,0.0,3009,1122,3087,2972,2547.5
מאיר דדון,3,3.0,0.0009508716323296355,0.0,0.0009508716323296355,0.0,3009,1122,3087,2972,2547.5
שפרה האפרתי,3,3.0,0.0009508716323296355,0.0,0.0009508716323296355,0.0,3009,1122,3087,2972,2547.5
אנה זק,3,3.0,0.0009508716323296355,0.0,0.0009508716323296355,0.0,3009,1122,3087,2972,2547.5
עומר דהן,3,3.0,0.0009508716323296355,0.0,0.0009508716323296355,0.0,3009,1122,3087,2972,2547.5
עידן שקרוקה,3,3.0,0.0009508716323296355,0.0,0.0009508716323296355,0.0,3009,1122,3087,2972,2547.5
שחף כרמל יעקובוביץ',3,3.0,0.0009508716323296355,0.0,0.0009508716323296355,0.0,3009,1122,3087,2972,2547.5
בן מנדלסון,3,3.0,0.0009508716323296355,0.0,0.0009508716323296355,0.0,3009,1122,3087,2972,2547.5
ג'ואל אדג'רטון,3,3.0,0.0009508716323296355,0.0,0.0009508716323296355,0.0,3009,1122,3087,2972,2547.5
מאיר כהן,2,2.0,0.0006339144215530904,0.0,0.0006339144215530904,0.0,3063,1122,3104,2972,2565.25
אנטוניו פטרין,2,2.0,0.0006339144215530904,0.0,0.0006339144215530904,0.0,3063,1122,3104,2972,2565.25
אלישע לוי,2,2.0,0.0006339144215530904,0.0,0.0006339144215530904,0.0,3063,1122,3104,2972,2565.25
סתיו אלמגור,2,2.0,0.0006339144215530904,0.0,0.0006339144215530904,0.0,3063,1122,3104,2972,2565.25
לאה טוניק,2,2.0,0.0006339144215530904,0.0,0.0006339144215530904,0.0,3063,1122,3104,2972,2565.25
משה חזן,2,2.0,0.0006339144215530904,0.0,0.0006339144215530904,0.0,3063,1122,3104,2972,2565.25
חאדר אבו סייף,2,2.0,0.0006339144215530904,0.0,0.0006339144215530904,0.0,3063,1122,3104,2972,2565.25
יונתן זרחיה,2,2.0,0.0006339144215530904,0.0,0.0006339144215530904,0.0,3063,1122,3104,2972,2565.25
אשר אברהמי,2,2.0,0.0006339144215530904,0.0,0.0006339144215530904,0.0,3063,1122,3104,2972,2565.25
פאדי דעים,2,2.0,0.0006339144215530904,0.0,0.0006339144215530904,0.0,3063,1122,3104,2972,2565.25
נוויד נגהבאן,2,2.0,0.0006339144215530904,0.0,0.0006339144215530904,0.0,3063,1122,3104,2972,2565.25
נעים ג'ירייס,2,2.0,0.0006339144215530904,0.0,0.0006339144215530904,0.0,3063,1122,3104,2972,2565.25
דויד דיאן,2,2.0,0.0006339144215530904,0.0,0.0006339144215530904,0.0,3063,1122,3104,2972,2565.25
ג'נט כהן,2,2.0,0.0006339144215530904,0.0,0.0006339144215530904,0.0,3063,1122,3104,2972,2565.25
יובל כרמל,2,2.0,0.0006339144215530904,0.0,0.0006339144215530904,0.0,3063,1122,3104,2972,2565.25
שיר אברמוב,2,2.0,0.0006339144215530904,0.0,0.0006339144215530904,0.0,3063,1122,3104,2972,2565.25
גילי בית הלחמי,2,2.0,0.0006339144215530904,0.0,0.0006339144215530904,0.0,3063,1122,3104,2972,2565.25
איציק קורנפיין,2,2.0,0.0006339144215530904,0.0,0.0006339144215530904,0.0,3063,1122,3104,2972,2565.25
אריאל הרוש,2,2.0,0.0006339144215530904,0.0,0.0006339144215530904,0.0,3063,1122,3104,2972,2565.25
אסף גולדשטיין,2,2.0,0.0006339144215530904,0.0,0.0006339144215530904,0.0,3063,1122,3104,2972,2565.25
רום ברנע,2,2.0,0.0006339144215530904,0.0,0.0006339144215530904,0.0,3063,1122,3104,2972,2565.25
רוית דור,2,2.0,0.0006339144215530904,0.0,0.0006339144215530904,0.0,3063,1122,3104,2972,2565.25
אורי שני,2,2.0,0.0006339144215530904,0.0,0.0006339144215530904,0.0,3063,1122,3104,2972,2565.25
ספיר סנקהסורני,2,2.0,0.0006339144215530904,0.0,0.0006339144215530904,0.0,3063,1122,3104,2972,2565.25
זאור סדאייב,2,2.0,0.0006339144215530904,0.0,0.0006339144215530904,0.0,3063,1122,3104,2972,2565.25
תהילה ישעיהומולו,2,2.0,0.0006339144215530904,0.0,0.0006339144215530904,0.0,3063,1122,3104,2972,2565.25
שולה מולאאברש,2,2.0,0.0006339144215530904,0.0,0.0006339144215530904,0.0,3063,1122,3104,2972,2565.25
רלף קליין,1,1.0,0.0003169572107765452,0.0,0.0008804366966015144,0.0,3120,1122,3103,2972,2579.25
יעקב גלעד,1,1.0,0.0003169572107765452,0.0,0.0003169572107765452,0.0,3120,1122,3131,2972,2586.25
בן יוסיפוביץ',1,1.0,0.0003169572107765452,0.0,0.0003169572107765452,0.0,3120,1122,3131,2972,2586.25
שמחה ברבירו,1,1.0,0.0003169572107765452,0.0,0.0003169572107765452,0.0,3120,1122,3131,2972,2586.25
סמר,1,1.0,0.0003169572107765452,0.0,0.0003169572107765452,0.0,3120,1122,3131,2972,2586.25
שירות בתי הסוהר,1,1.0,0.0003169572107765452,0.0,0.0003169572107765452,0.0,3120,1122,3131,2972,2586.25
סגול 59,1,1.0,0.0003169572107765452,0.0,0.0003169572107765452,0.0,3120,1122,3131,2972,2586.25
נעם קפלן,1,1.0,0.0003169572107765452,0.0,0.0003169572107765452,0.0,3120,1122,3131,2972,2586.25
מאיה ארבל,1,1.0,0.0003169572107765452,0.0,0.0003169572107765452,0.0,3120,1122,3131,2972,2586.25
טובה ורובל,1,1.0,0.0003169572107765452,0.0,0.0003169572107765452,0.0,3120,1122,3131,2972,2586.25
שירז טל,1,1.0,0.0003169572107765452,0.0,0.0003169572107765452,0.0,3120,1122,3131,2972,2586.25
ירון פינק,1,1.0,0.0003169572107765452,0.0,0.0003169572107765452,0.0,3120,1122,3131,2972,2586.25
עידן טוקלומטי-ג'ורנו,1,1.0,0.0003169572107765452,0.0,0.0003169572107765452,0.0,3120,1122,3131,2972,2586.25
טוני טוקלומטי,1,1.0,0.0003169572107765452,0.0,0.0003169572107765452,0.0,3120,1122,3131,2972,2586.25
בר גוטפריד,1,1.0,0.0003169572107765452,0.0,0.0003169572107765452,0.0,3120,1122,3131,2972,2586.25
לליב סיון,1,1.0,0.0003169572107765452,0.0,0.0003169572107765452,0.0,3120,1122,3131,2972,2586.25
סמסון קהמקר,1,1.0,0.0003169572107765452,0.0,0.0003169572107765452,0.0,3120,1122,3131,2972,2586.25
שלמה בר,1,1.0,0.0003169572107765452,0.0,0.0003169572107765452,0.0,3120,1122,3131,2972,2586.25
מאיר גרנר,1,1.0,0.0003169572107765452,0.0,0.0003169572107765452,0.0,3120,1122,3131,2972,2586.25
מיה גרנר,1,1.0,0.0003169572107765452,0.0,0.0003169572107765452,0.0,3120,1122,3131,2972,2586.25
יהודה פוליקר,1,1.0,0.0003169572107765452,0.0,0.0003169572107765452,0.0,3120,1122,3131,2972,2586.25
ויקטוריה רוסובסקי,1,1.0,0.0003169572107765452,0.0,0.0003169572107765452,0.0,3120,1122,3131,2972,2586.25
לב לוין,1,1.0,0.0003169572107765452,0.0,0.0003169572107765452,0.0,3120,1122,3131,2972,2586.25
ישראל גודוביץ,1,1.0,0.0003169572107765452,0.0,0.0003169572107765452,0.0,3120,1122,3131,2972,2586.25
דרור דהן,1,1.0,0.0003169572107765452,0.0,0.0003169572107765452,0.0,3120,1122,3131,2972,2586.25
אוולין קצ'ולין,1,1.0,0.0003169572107765452,0.0,0.0003169572107765452,0.0,3120,1122,3131,2972,2586.25
"מתווך נדל""ן",1,1.0,0.0003169572107765452,0.0,0.0003169572107765452,0.0,3120,1122,3131,2972,2586.25
