page_id,movie_title,year,genre,director,actor_count,extraction_source,error,actor_1,actor_2,actor_3,actor_4,actor_5,actor_6,actor_7,actor_8,actor_9,actor_10
1706365,איי לייק מייק (סרט),1960,קומדיה רומנטית,פיטר פריי,9,infobox+section,,בתיה לנצט,חיים טופול,אילנה רובינא,גדעון זינגר,זאב ברלינסקי,אבנר חזקיהו,גאולה נוני,סיי גיטין,מאירה שור,
631050,הם היו עשרה,1960,,ברוך דינר,9,infobox,,עודד תאומי,בומבה צור,ליאו פילר,גבריאל דגן,יהודה גבאי,ניסים עזיקרי,איתן פריבר,ישראל רובינצ'יק,נינט דינר,
1486999,חולות לוהטים,1960,פעולה | דרמה,רפאל נוסבאום,9,infobox,,דליה לביא,אורי זוהר,עודד תאומי,עודד קוטלר,גרט הופמן,אנ',נתן כוגן,גילה אלמגור,אסתר עופרים,
2518194,רחל (סרט),1960,דרמה | פשע,נורי חביב,5,infobox,,רחל טטרקו (חביב),דוד רם,יצחק בנש,מרגלית שמיט,ששון סער,,,,,
2504743,תיקון קטן,1960,דרמה,חיים חפר | דן בן אמוץ,5,section,,אורי זוהר,יהורם גאון,מישא אשרוב,גברי בנאי,"להקת הנח""ל",,,,,
857892,בעל החלומות,1962,,יורם גרוס,3,infobox,,עמיקם גורביץ,שלמה בר-שביט,שמואל עצמון,,,,,,,
1636341,חבורה שכזאת,1962,דרמה,זאב חבצלת,10,infobox+section,,יוסי בנאי,בומבה צור,גילה אלמגור,נתן כוגן,עמנואל בן עמוס,אבנר חזקיהו,עודד תאומי,גדעון זינגר,שושנה דואר,רות שרון
1705716,ניני (סרט),1962,,שלמה סוריאנו,3,infobox,,אריק איינשטיין,נפתלי יבין,יעקב איינשטיין,,,,,,,
1739089,סיניה (סרט),1962,דרמה,אילן אלדד,10,infobox+section,,יפתח ספקטור,שמעון ישראלי,דינה דורון,אהוד בנאי,שייקה לוי,נאוה שאן הרמן,הדרה אזולאי,יצחק ברזילי,יצחק בנימיני,סיניה חמדן
722734,עץ או פלסטיין,1962,,נתן אקסלרוד | יואל זילברג | אורי זוהר,0,not_found,,,,,,,,,,,
934289,"אלדורדו (סרט, 1963)",1963,בית משפט,מנחם גולן,10,infobox+section,,חיים טופול,גילה אלמגור,יוסי ידין,שייקה אופיר,שמעון פינקל,תקוה מור,אורי לוי,מרדכי ארנון,עמוס אבני,אבנר חזקיהו
934271,אף מלה למורגנשטיין,1963,,אריה אליאס | בן עויזרמן,0,not_found,,,,,,,,,,,
1706136,אשת הגיבור,1963,דרמה,פיטר פריי,7,infobox+section,,בתיה לנצט,שמואל אומני,גדעון שמר,ברוך קלס,לילי קלס,איתן עברי,עפרה שיין,,,
1139461,בירושלים,1963,תיעודי,דוד פרלוב | עמיחי חסון | דוד אופק | דן גבע | נדב לפיד,1,infobox,,זלדה,,,,,,,,,
2085703,המרתף (סרט),1963,דרמה,נתן גרוס,4,infobox+section,,שמעון ישראלי,זהרירה חריפאי,דודיק סמדר,חנה כהנא,,,,,,
934313,רק בלירה,1963,קומדיה,יורם גרוס,3,infobox,,גדעון זינגר,יעקב בן-סירא,מיכאל גור,,,,,,,
1381293,אולי תרדו שם,1964,קומדיה,פוצ'ו | אמציה חיוני,10,infobox+section,,יהודה פוקס,אורי זוהר,אריק איינשטיין,יעל אביב,עודד קוטלר,דבורה קידר,מרדכי ארנון,נלי שפר,יעקב טימן,מרגלית אנקורי
934277,דליה והמלחים,1964,קומדיה,מנחם גולן,10,infobox+section,,ורוניק ונדל,שרגא פרידמן,עודד תאומי,שייקה אופיר,אריק איינשטיין,בומבה צור,ראובן שפר,אורי לוי,יעקב בן-סירא,גדעון זינגר
1673760,הבו בנות לאילת,1964,קומדיה,ליאו פילר | נתן אקסלרוד,10,infobox+section,,שלמה בר-שביט,אורי לוי,אווה ליאון,אלישבע מיכאלי,דוד רם,רפאל קלצ'קין,יעל דרויאנוב,נחום שליט,פסח בורשטיין,חיים פולני
1639784,משפחת שמחון (סרט),1964,קומדיה,יואל זילברג,10,infobox+section,,מאיר מרגלית,שושנה ברנע,רינה גנור,עודד קוטלר,חנן גולדבלט,ישראל פוליאקוב,שרגא פרידמן,עדנה פלידל,זלמן לביוש,אלישבע מיכאלי
49498,סאלח שבתי,1964,קומדיה,אפרים קישון,10,infobox+section,,חיים טופול,גאולה נוני,זהרירה חריפאי,גילה אלמגור,שייקה לוי,אסתר גרינברג,אריק איינשטיין,שרגא פרידמן,מרדכי ארנון,שמואל רודנסקי
1640335,שמונה בעקבות אחד (סרט קולנוע),1964,,מנחם גולן,10,infobox+section,,שייקה אופיר,בומבה צור,אלישבע מיכאלי,גאולה גיל,ניקו ניתאי,איתן פריבר,יעקב בנאי,שלמה וישינסקי,שמואל וולף,לידיה אופיר
618198,חור בלבנה,1965,קומדיה,אורי זוהר,9,infobox+section,,אורי זוהר,אברהם הפנר,שמוליק קראוס,שושיק שני,אריק לביא,ישראל גוריון,דן בן אמוץ,דפנה אילת,שייקה אופיר,
2039089,פיצוץ בחצות,1965,דרמה,הרווה ברומברז'ה,10,infobox+section,,פסקל פטי,רמון פלגרן,גאולה נוני,גדעון שמר,נתן כוגן,אלכס פלג,אלישבע מיכאלי,יעקב בודו,אברהם בן-יוסף,יצחק מיכאל שילה
1970003,רק לא בשבת,1965,קומדיה,אלכס יופה,10,infobox+section,,דליה פרידלנד,יעקב בודו,אבנר חזקיהו,גאולה נוני,יונה לוי,מישא אשרוב,רינה גנור,בומבה צור,רחל אטאס,יעל אביב
1337430,אני אחמד,1966,תיעודי,"אבשלום כ""ץ | רם לוי",1,infobox,,אחמד סאבר מסארווה,,,,,,,,,
1749001,המניע לרצח,1966,דרמה,פיטר פריישטדט,10,infobox+section,,גילה אלמגור,גדעון זינגר,אהרן מסקין,אבנר חזקיהו,אורי לוי,אורי זוהר,עודד תאומי,אברהם מור,יצחק שילה,בקי סוזין (פריישטדט)
515568,מבצע קהיר,1966,ריגול | דרמה,מנחם גולן,10,infobox+section,,אודי מרפי,ג'ורג' סנדרס,מריאנה קוך,גילה אלמגור,יוסף ידין,בומבה צור,איתן פריבר,זאב ברלינסקי,אליעזר יונג,שלמה וישינסקי
771210,מוישה ונטילטור,1966,קומדיה,אורי זוהר,10,infobox+section,,יעקב בודו,שייקה לוי,גברי בנאי,ישראל פוליאקוב,שייקה אופיר,אברהם מור,גדעון זינגר,תקוה מור,אורי לוי,אורי זוהר
1937401,סבינה והגברים,1966,,פיטר פריישטדט,10,infobox,,זאב רווח,דודיק סמדר,אהרן מסקין,אורי זוהר,עמוס מוקדי,ברכה נאמן,שייקה אופיר,גדעון זינגר,יעקב איינשטיין,זהרירה חריפאי
187658,פורטונה (סרט),1966,דרמה,מנחם גולן,10,infobox,,גילה אלמגור,יוסי בנאי,שמוליק קראוס,אברהם מור,אבנר חזקיהו,בומבה צור,מרים ברנשטיין-כהן,אריס סאן,שייקה לוי,גברי בנאי
1136105,שני קוני למל (סרט),1966,מוזיקלי,ישראל בקר,9,infobox+section,,מייק בורשטיין,שמואל רודנסקי,רפאל קלצ'קין,אלישבע מיכאלי,רינה גנור,ז'רמן אוניקובסקי,אהרן מסקין,מרדכי (פופיק) ארנון,חנן גולדבלט,
1374634,999... עליזה מזרחי,1967,קומדיה בלשית,מנחם גולן,10,infobox+section,,עדנה פלידל,אבנר חזקיהו,יוסי בנאי,אורי זוהר,אריה אליאס,אריק לביא,זיוה רודן-שפיר,אלישבע מיכאלי,מרדכי ארנון,שמוליק קראוס
412065,ארבינקא (סרט),1967,קומדיה,אפרים קישון,10,infobox+section,,חיים טופול,גילה אלמגור,שרגא פרידמן,שייקה אופיר,אבנר חזקיהו,יהודה פוקס,מוסקו אלקלעי,אלישבע מיכאלי,גבי עמרני,גברי בנאי
2186150,האם תל אביב בוערת?,1967,,קובי ייגר,10,infobox+section,,גדעון שמר,אביבה מרקס,מוטי ברכאן,גאולה נוני,מישא אשרוב,אלכס פלג,מישה אשרוב,נאוה שאן,אברהם רונאי,עליזה רוזן
916434,הוא הלך בשדות (סרט),1967,,יוסף מילוא,10,infobox,,אסי דיין,איריס יוטבת,חנה עדן,יוסף מילוא,שמואל עצמון,יעקב בן-סירא,אלי כהן,שרגא פרידמן,יוסי גרבר,אורי לוי
721528,לאט יותר,1967,דרמה,אברהם הפנר,2,infobox,,פאני לוביץ',אברהם בן-יוסף,,,,,,,,
1769948,סיירים (סרט),1967,מלחמה,מיכה שגריר,10,infobox+section,,זאב רווח,אילי גורליצקי,ליאור ייני,אלי כהן,ז'אק כהן,יוסי אוחנה,אלי,צבי,יהל,נוסי
384118,שלושה ימים וילד (סרט),1967,דרמה,אורי זוהר,8,infobox+section,,עודד קוטלר,שי אושרוב,יהודית סולה,מישה אשרוב,ז'רמן אוניקובסקי,אילי גורליצקי,שושנה דואר,ניסן יתיר,,
1765180,איריס (סרט),1968,,דוד גרינברג,8,infobox+section,,גדעון שמר,שמוליק קראוס,ברכה נאמן,מנדי רייס-דייוויס,ליאורה רמון,יעקב בודו,חנה רובינא,ניסן יתיר,,
2529059,אסירי החופש,1968,דרמה,יונה זרצקי,9,infobox,,שרגא פרידמן,שושנה רביד,ז'אק כהן,אלי כהן,דליה פרידלנד,שי דנון,גבי אלדור,יעקב בנאי,יעקב בן-סירא,
1799770,הבן האובד (סרט),1968,דרמה,אלפרד שטיינהרדט | יוסף שלחין,10,infobox+section,,יצחק שילה,שאול שלחין,נינט דינר,יצחק מיכאל שילה,דורית שור,דסי הדרי,אלברט כהן,יהודה אפרוני,אסתר גרינברג,שלמה בר-שביט
1472160,המטרה טיראן,1968,פעולה | מלחמה,רפאל נוסבאום,10,infobox+section,,רוברט פולר,ראובן בר יותם,גבי עמרני,אברהם הפנר,אברהם מור,יוסף שילוח,אביבה מרקס,אמנון ברנזון,רפי נתן,הגשש החיוור
1485922,"המלחמה על השלום (סרט, 1968)",1968,תיעודי,ז'ול דאסן,3,infobox+section,,ז'ו דסאן,קלוד דופין,אנ',,,,,,,
2060190,הצד השני,1968,,אורי זוהר,9,infobox+section,,זאב רווח,מרדכי (פופיק) ארנון,ניסים עזיקרי,דבורה דותן,גבי עמרני,גברי בנאי,שייקה לוי,ישראל פוליאקוב,אמיר אוריין,
768803,השכונה שלנו,1968,קומדיה,אורי זוהר,10,infobox+section,,שייקה אופיר,ישראל פוליאקוב,שייקה לוי,גברי בנאי,גדי יגיל,גדעון זינגר,רבקה מיכאלי,בומבה צור,גבי עמרני,ציפי שביט
2443466,חמישה ימים בסיני,1968,דרמה,מאוריציו לוצ'ידי,8,infobox+section,,אסי דיין,זאב רווח,גדעון זינגר,אלי כהן,קטיה כריסטין,דניאל דובלינו,קרלו דה מאיו,פרנקו ג’ורנלי,,
1001124,טוביה ושבע בנותיו,1968,דרמה,מנחם גולן,10,infobox+section,,שמואל רודנסקי,בטי סגל,נינט דינר,אביטל פז,יהודית סולה,תקוה מור,מירה גן מור,פטר ואן אייק,אילי גורליצקי,רפי נתן
1407395,כל ממזר מלך,1968,דרמה,אורי זוהר,10,infobox+section,,יהורם גאון,עודד קוטלר,פייר אנג'לי,אורי לוי,אביבה פז,דבורה דותן,שייקה לוי,גברי בנאי,ישראל פוליאקוב,ראובן מורגן
1644183,נס בעיירה,1968,נעורים,ליאו פילר,10,infobox+section,,גדי יגיל,דסי הדרי,יעקב בודו,יעקב אלפרין,שלמה בר-שביט,יעקב ניצן,שחר קול,אברהם רונאי,רחל אטאס,ליה דוליצקיה
812054,ששת הימים (סרט),1968,תיעודי,אלפרד שטיינהרדט,1,infobox,,יוסי בנאי,,,,,,,,,
1438973,השמלה (סרט),1969,דרמה,ג'אד נאמן,5,infobox,,לאורה ריבלין,אסי דיין,מוטי ברכאן,יאיר רובין,ג'וזי כץ,,,,,
2433857,להט במים,1969,דרמה,יעקב המאירי,5,infobox,,זאב רווח,עירית שילה,אבנר חזקיהו,יעקב בנאי,יעקב אלפרין,,,,,
1979207,לפני מחר,1969,,אלידע גרא,6,infobox+section,,ישראל פוליאקוב,רינה גנור,רות הריס,אריה אליאס,שמעון ברון,שי דנון,,,,
566471,מצור (סרט),1969,דרמה,ג'ילברטו טופאנו,6,infobox,,גילה אלמגור,יהורם גאון,דן בן אמוץ,ערן אגמון,יעל אביב,אמיר אוריין,,,,
1687493,מרגו שלי,1969,דרמה,מנחם גולן,10,infobox+section,,לבנה פינקלשטיין,עודד תאומי,ברכה נאמן,אבנר חזקיהו,אברהם רונאי,ליה דוליצקיה,יוסף שילוח,אושיק לוי,יעקב בנאי,טובה פרדו
46526,תעלת בלאומילך,1969,קומדיה,אפרים קישון,10,infobox+section,,בומבה צור,ניסים עזיקרי,שרגא פרידמן,שייקה אופיר,גדעון זינגר,נתן וולפוביץ',זהרירה חריפאי,מוסקו אלקלעי,אלברט כהן,עודד תאומי
812433,אורח בעונה מתה,1970,דרמה,משה מזרחי,4,infobox+section,,עמוס קינן,הניה סוצ'ר-זיו,האנס כריסטיאן בלך,קלוד ריץ',,,,,,
1419014,הפריצה הגדולה,1970,פעולה | מלחמה | דרמה | הרפתקאות,מנחם גולן,10,infobox+section,,יהורם גאון,יוסף שילוח,אריק לביא,יהודה ברקן,גבי עמרני,ריק ג'ייסון,פיטר בראון,אשר צרפתי,מיכל בת-אדם,יוסי אלפי
1771822,התמהוני,1970,דרמה,דן וולמן,8,infobox+section,,טוביה טבי,לאורה ריבלין,ברטה ליטבינוב,שלמה בר-שביט,נתן כוגן,דבורה קידר,ישראל סגל,נתן וולפוביץ',,
770084,התרוממות (סרט),1970,קומדיה,אורי זוהר,10,infobox+section,,הגשש החיוור,אורי זוהר,שייקה לוי,גברי בנאי,ישראל פוליאקוב,לאורה ריבלין,ג'וזי כץ,תקוה מור,ציפי שביט,בומבה צור
617093,לופו,1970,קומדיה,מנחם גולן,10,infobox+section,,יהודה ברקן,גבי עמרני,מוטי גלעדי,אבירמה גולן,ליא קניג,אריק לביא,אסתר גרינברג,שושיק שני,יהודה אפרוני,אושיק לוי
98879,שבלול (סרט),1970,,בועז דוידזון,9,infobox+section,,אריק איינשטיין,שלום חנוך,הצ'רצ'ילים,אלונה איינשטיין,צבי שיסל,אורי זוהר,ג'וזי כץ,זאב רווח,ליהי חנוך,
2015141,אני ירושלמי,1971,תיעודי | מוזיקלי,יהורם גאון,2,infobox,,יהורם גאון,רחל צימרמן,,,,,,,,
2046536,בלומפילד (סרט),1971,דרמה,ריצ'רד האריס,10,infobox+section,,ריצ'רד האריס,רומי שניידר,קים ברפילד,יוסי ידין,אביבה מרקס,יוסי גרבר,שרגא פרידמן,גדעון שמר,ז'אק כהן,ראובן בר יותם
70969,השוטר אזולאי,1971,דרמה קומית,אפרים קישון,10,infobox+section,,שייקה אופיר,זהרירה חריפאי,ניצה שאול,אבנר חזקיהו,יוסף שילוח,איצקו רחמימוב,לידיה אופיר,לואיס רוזנברג,אריה אליאס,גבי עמרני
1708230,התרנגול,1971,קומדיה,אורי זוהר,10,infobox+section,,חיים טופול,גליה טופול,גדעון שמר,יצחק שילה,הלית קתמור,נעמי צ'אנס,ביטוש דוידוב,תמי צפרוני,אורי לוי,אורי זוהר
189061,חסמבה ונערי ההפקר,1971,,יואל זילברג,10,infobox+section,,שלמה ארצי,זאב רווח,דובי גל,אבי אוריה,מני פאר,עמוס טלשיר,דודו ירדני,גליה גופר,איציק וייס,עדית פאנק
1184766,חצי חצי,1971,קומדיה,בועז דוידזון,10,infobox+section,,ניסים עזיקרי,דורי בן זאב,זאב ברלינסקי,יוסי פולק,נחום בוכמן,אסי דיין,דוד ברוך,ראובן שפר,שפרירה זכאי,שמעון לב-ארי
766501,כץ וקרסו,1971,קומדיה,מנחם גולן,10,infobox+section,,יהודה ברקן,גדי יגיל,שמואל רודנסקי,ניצה שאול,יוסף שילוח,יהודה בארקן,אפרת לביא,ליא קניג,אסתר גרינברג,יהודה אפרוני
770666,מלכת הכביש,1971,דרמה,מנחם גולן,10,infobox+section,,גילה אלמגור,יהודה ברקן,יהודה בארקן,ליא קניג,מרים ברנשטיין-כהן,אשר צרפתי,אריה מוסקונה,רמי בן ארי,דודו ירדני,גליה ישי
1638650,פישקה במילואים,1971,קומדיה,ג'ורג' עובדיה,7,infobox+section,,משה סולו,פול סמית,גבי עמרני,צבי ירון,הנו ג'אבר,ליאורה רמון,רפי נתן,,,
145759,אני אוהב אותך רוזה,1972,דרמה | רומנטי,משה מזרחי,10,infobox+section,,מיכל בת-אדם,גבי אוטרמן,אבנר חזקיהו,יוסף שילוח,לבנה פינקלשטיין,משה טל,רות דורון,עליזה רוזן,אלישבע מיכאלי,אתי גרוטס
2203649,הבריחה אל השמש,1972,דרמה,מנחם גולן,10,infobox+section,,יהודה בארקן,ג'וזפין צ'פלין,לורנס הארווי,לילה קדרובה,ג'ק הוקינס,יהודה אפרוני,גילה אלמגור,פיטר קאפל,גרדה הנושק,ג'ון איירלנד
2102869,הגלולה,1972,דרמה | פנטזיה,דוד פרלוב,9,infobox+section,,יוסי בנאי,אבנר חזקיהו,ז'רמן אוניקובסקי,שרגא פרידמן,אדית אסטרוק,גדעון זינגר,משה טימור,זהרירה חריפאי,מרדכי בן זאב,
873397,"הטרמפיסט (סרט, 1972)",1972,פעולה מדע בדיוני,עמוס ספר,3,infobox+section,,אשר צרפתי,שמואל וולף,סוזן ופרן,,,,,,,
1639377,ז'אקו והיצאניות,1972,דרמה,פול ל. סמית',10,infobox+section,,אושיק לוי,נינט דינר,תמי ספיבק,דודו טופז,עליזה אביב,יעל אביב,משה סולו,רות גלר,גליה גופר,שרית ישי לוי
1936855,לא ביום ולא בלילה (סרט),1972,עצמאי,סטיבן הילארד שטרן,9,infobox+section,,אלי כהן,זלמן קינג,מרים ברנשטיין-כהן,דליה פרידלנד,מונה זילברשטיין,מישה אשרוב,ג'טה לוקה,דודיק סמדר,אדוארד ג'י רובינסון,
187500,לאן נעלם דניאל וקס?,1972,דרמה,אברהם הפנר,10,infobox+section,,ליאור ייני,אסתר זבקו,ישי שחר,יעל הפנר,זיוית אברמסון,מרים גבריאלי,יוסף כרמון,אמנון מסקין,עליזה רוזן,אריאל זילבר
1654152,מי ורדים מפורט סעיד,1972,,רם לוי,8,infobox+section,,שושנה רביד,אוריאלה וייט,עדית בר משה,נתן כוגן,גדליה בסר,יוסי גרבר,שמעון סיאני,שמואל אומני,,
94374,מציצים,1972,דרמה קומית,אורי זוהר,10,infobox+section,,אורי זוהר,אריק איינשטיין,סימה אליהו,מונה זילברשטיין,צבי שיסל,מרדכי בן זאב,מוטי ארבל,דב פרידמן,מרגלית אנקורי,מרדכי ארנון
1352160,נורית (סרט),1972,מלודרמה מוזיקלית,ג'ורג' עובדיה,8,infobox+section,,יונה אליאן,ששי קשת,ז'אק כהן,אריה אליאס,יעקב בן-סירא,עזרא דגן,טובה פרדו,אברהם רונאי,,
1639242,נחצ'ה והגנרל,1972,קומדיה,ג'ורג' עובדיה,10,infobox+section,,יעקב בודו,גדעון זינגר,גבי עמרני,פול סמית,דובי גל,ציפי שביט,טוביה צפיר,שלמה וישינסקי,רחל טימור,שמואל אומני
1115120,סלומוניקו,1972,קומדיה,אלפרד שטיינהרדט,10,infobox+section,,ראובן בר יותם,לבנה פינקלשטיין,גבי עמרני,אתי גרוטס,ג'וקי ארקין,רבקה מיכאלי,מני פאר,יעקב בן-סירא,יהודה אפרוני,אריה מוסקונה
290636,עזית הכלבה הצנחנית (סרט),1972,פעולה,בועז דוידזון,10,infobox+section,,ברוך דוד,גדעון זינגר,מונה זילברשטיין,יוסי פולק,דוד ברוך,תקווה עזיז,שמואל אומני,ראובן שפר,שמואל וולף,יוסף כרמון
1773902,פלוך,1972,,דן וולמן,10,infobox+section,,אברהם חלפי,ישראל סגל,לולה יעקובוביץ,עדה ספיר,עפרה דירון,סאביץ גולדרייך,חנוך לוין,נתן וולפוביץ',ארנן צפריר,איצקו רחמימוב
31687,שוד הטלפונים הגדול,1972,קומדיה,מנחם גולן,10,infobox+section,,גדי יגיל,בומבה צור,יהודה אפרוני,אבנר חזקיהו,גבי עמרני,גדעון זינגר,שייקה אופיר,אברהם רונאי,אלישבע מיכאלי,אתי גרוטס
934107,שתי דפיקות לב,1972,,שמואל אימברמן,10,infobox+section,,יהודה ברקן,מונה זילברשטיין,אילן דר,ליה קניג,אדית אסטרוק,ליא קניג,מישה נתן,אבי פניני,יוסי וירז'נסקי,תקווה עזיז
1132435,אבו אל בנאת,1973,דרמה,משה מזרחי,9,infobox+section,,שייקה אופיר,זהרירה חריפאי,יוסף שילוח,מיכל בת-אדם,גדעון זינגר,אבנר חזקיהו,נעמי גרינבאום,יצחק נאמן,דוד ברוך,
1981000,אדם (סרט),1973,דרמה,,10,infobox+section,,שמוליק קראוס,אילן דר,שלמה וישינסקי,יהודה פוקס,איריס דוידסקו,שמוליק עצמון,מוטי בהרב,גד קינר,אריאל פורמן,לאו יונג
2039812,אור מן ההפקר,1973,דרמה,נסים דיין,10,infobox+section,,נסים לוי,שלמה בסן,אייבי זלצברג,אסתר אשד,שי דנון,בתיה רוזנטל,רולף ברין,אלכסנדר יהלומי,ששון גבאי,יעקב רודה
103246,הבית ברחוב שלוש,1973,דרמה,משה מזרחי,10,infobox+section,,גילה אלמגור,עופר שלחין,יוסף שילוח,מיכל בת-אדם,שייקה אופיר,אבנר חזקיהו,חיים בנאי,אתי גרוטס,יוסי פולק,רולף ברין
1100856,הבלש האמיץ שוורץ,1973,קומדיה,עמי ארצי,10,infobox+section,,בומבה צור,מונה זילברשטיין,ששי קשת,אילן דר,יוסף שילוח,טליה שפירא,גדעון זינגר,חינה רוזובסקה,אביבה מרקס,אורי זוהר
2505223,הוא היא והוא,1973,,אורי גבריאלי,2,infobox+section,,ג'וקי ארקין,אסתר זבקו,,,,,,,,
2047088,"המשכנע בע""מ",1973,,יחיאל נאמן,2,infobox,,ראובן בר יותם,גבי אלדור,,,,,,,,
2082499,הסנדלר העליז,1973,,ניקו סאפאי,8,infobox+section,,יעקב בן-סירא,גדעון זינגר,אריס סאן,נירה גל,בטי פלדמן,ציונה טוכטרמן,ששי קשת,יהושע לוף,,
1646849,חכם גמליאל,1973,,יואל זילברג,9,infobox+section,,יוסי בנאי,אושיק לוי,אביבה גר,דב פרידמן,מירי אלוני,יוסי פולק,נחום שליט,שמעון לב-ארי,תקוה עזיז,
2055036,מתנה משמיים (1973),1973,,גד בן ארצי,10,infobox+section,,עמוס טל שיר,עדנה לב,יוסי פולק,גבי עמרני,דבורה קידר,ז'אק כהן,איריס דוידסקו,יעקב בנאי,אשר צרפתי,יוסי אלפי
1677247,קוראים לי שמיל,1973,קומדיה,ג'ורג' עובדיה,10,infobox+section,,אורי זוהר,פול סמית,יונה אליאן,רחל פורמן,ג'ו ג'אפרי,זישא גולד,ששי קשת,בועז שרעבי,משה סולו,לולה יעקובוביץ
1189870,קזבלן (סרט),1973,מוזיקלי,מנחם גולן,10,infobox+section,,יהורם גאון,אפרת לביא,אריה אליאס,אתי גרוטס,יהודה אפרוני,ג'טה לוקה,יוסי גרבר,אברהם רונאי,מישה אשרוב,יענקלה בן סירא
271128,"שלום, תפילת הדרך",1973,דרמה,יקי יושע,5,infobox,,אברהם בן-יוסף,אילן תורן,ישראל גוריון,אהרון אלמוג,רפי אדר,,,,,
185909,המכה ה-81,1974,תיעודי,חיים גורי | ז'אק ארליך | דוד ברגמן,0,not_found,,,,,,,,,,,
2062021,"יום הדין (סרט, 1974)",1974,דרמה,ג'ורג' עובדיה,10,infobox+section,,ניסים סרוסי,דליה פרידלנד,יוסי וירז'נסקי,נסים סרוסי,טובה קצב,פנינה מנקין,רחל יוסיפון,ג'טה לוקה,יצחק חביס,מנשה ורשבסקי
188626,עיניים גדולות,1974,דרמה | קומדיה,אורי זוהר,10,infobox+section,,אורי זוהר,אריק איינשטיין,סימה אליהו,טליה שפירא,צבי שיסל,מנשה ורשבסקי,אליה זוהר,אביגדור צברי,אלונה איינשטיין,מיכאל שדה
22794,צ'רלי וחצי,1974,קומדיה | בורקס,בועז דוידזון,10,infobox+section,,יהודה בארקן,זאב רווח,טוביה צפיר,דוד שושן,משה איש כסית,חיה קציר,אריה אליאס,עדנה פלידל,גאולה נוני,אלישבע מיכאלי
433115,שרית,1974,דרמה,ג'ורג' עובדיה,10,infobox+section,,דליה פרידלנד,יגאל בשן,אלישבע מיכאלי,חיה קציר,ירדנה ארזי,אריאל פורמן,אברהם רונאי,אתי גרוטס,נאוה ברוכין,מני פאר
2489970,איש רחל,1975,דרמה,משה מזרחי,10,infobox+section,,לאונרד ויטינג,מיכל בת-אדם,ריטה טאשינגהם,מיקי רוני,רחל לוי,שירה שפירא,דליה כהן,יאיר רובין,יוסי גרבר,משה איש כסית
1960545,הדיבר ה-11,1975,,שלמה סוריאנו,5,infobox+section,,מיכל בת-אדם,יוסי גרבר,אביבה מרקס,צחי נוי,אברהם רונאי,,,,,
22674,חגיגה בסנוקר,1975,קומדיה | בורקס,בועז דוידזון,10,infobox+section,,יהודה ברקן,זאב רווח,יוסף שילוח,טוביה צפיר,ניצה שאול,אריה אליאס,יעקב בנאי,יהודה בארקן,מוסקו אלקלעי,טליה שפירא
1154621,חגיגה לעיניים,1975,קומדיה שחורה,אסי דיין,7,infobox,,יוסף שילוח,מוסקו אלקלעי,טליה שפירא,דורי בן זאב,מרדכי בן זאב,אבנר חזקיהו,מרים גבריאלי,,,
1381126,יהיה טוב סלומוניקו,1975,קומדיה,אלפרד שטיינהרדט,10,infobox+section,,ראובן בר יותם,יונה אליאן,שייקה אופיר,מני פאר,מוני מושונוב,רונית פורת,זאב ברלינסקי,אלברט כהן,יאיר רובין,אשר צרפתי
2105220,"יהלומים (סרט, 1975)",1975,שוד | דרמה | פשע,מנחם גולן,10,infobox+section,,רוברט שו,ריצ'רד ראונדטרי,שלי וינטרס,ברברה הרשי,שייקה אופיר,גדי יגיל,יוסף שילוח,יהודה אפרוני,יוסי גרבר,יונה אליאן
1769153,מיכאל שלי (סרט),1975,דרמה,דן וולמן,7,infobox+section,,עודד קוטלר,אפרת לביא,מוטי ארבל,אירית מאירי,ישראל סגל,אולגה שפנדורף,דינה רויטקוף,,,
1186704,שלושה ואחת,1975,דרמה,מיכאל קאליק,5,infobox+section,,יונה אליאן,אסי דיין,אורי לוי,אבישי אביבי,רפי נלסון,,,,,
2104205,"ג'וקר (סרט, 1976)",1976,,יצחק צפל ישורון,10,infobox+section,,יהורם גאון,שמואל אומני,אדית אסטרוק,ציפורה וילצ'ר,הלל נאמן,חיים שנער,אתל קובינסקה,שבתאי קונורטי,עזרא כפרי,ברוך ששון
20625,גבעת חלפון אינה עונה,1976,קומדיה,אסי דיין,10,infobox+section,,ישראל פוליאקוב,שייקה לוי,גברי בנאי,אריה מוסקונה,רפי גינאי,אושיק לוי,מנחם זילברמן,משה איש כסית,טוביה צפיר,לאנס קראונר
2259321,הבננה השחורה,1976,קומדיה,בנימין חיים,9,section,,דני כנרות,אריק מנקין,אורנה אורשן,יוסל'ה יוסלביץ,פנינה מנקין,בנימין צמח,גניה מימון,ג'סי נחייסי,מוחמד עזאם,
1100963,המלאך היה שטן,1976,מתח,משה גז,2,infobox,,אופליה שטראל,מירי בן דוד,,,,,,,,
282121,יופי של צרות!,1976,קומדיה,אסי דיין,10,infobox+section,,זאב רווח,יונה אליאן,טוביה צפיר,גבי עמרני,משה איש כסית,טליה שפירא,רבקה מיכאלי,עליזה רוזן,מרדכי בן זאב,נתן וולפוביץ'
615202,לופו בניו יורק,1976,קומדיה,בועז דוידזון,10,infobox+section,,יהודה ברקן,גבי עמרני,מוטי גלעדי,אסתר גרינברג,טליה שפירא,ליא קניג,רפאל קלצ'קין,אהובה יובל,חן לוטקין,אושיק לוי
693070,משפחת צנעני,1976,בורקס,בועז דוידזון,10,infobox+section,,גבי עמרני,לבנה פינקלשטיין,חיים בנאי,יוסף שילוח,אלישבע מיכאלי,דוד מנחם,גאולה נוני,רבקה בכר,דורית ארנון,אלומה שלום
1418693,קוני למל בתל אביב,1976,קומדיה,יואל זילברג,9,infobox+section,,מייק בורשטיין,מנדי רייס-דייוויס,זאב ברלינסקי,יוסף באשי,רונית פורת,נחום שליט,יצחק חביס,שלמה רוזמרין,דליה גור,
2051228,רחוב 60,1976,דרמה,ג'ורג' עובדיה,10,infobox+section,,ששי קשת,יונה אליאן,אריה אליאס,יוסף שילוח,אתי גרוטס,יוסי סגל,ג'טה לוקה,רות גלר,ראובן דיין,אברהם סלקטר
766998,רק היום,1976,קומדיה,זאב רווח,10,infobox+section,,זאב רווח,אפרת לביא,ז'אק כהן,ספי ריבלין,אילן דר,בטי סגל,אברהם מור,תקווה עזיז,רפי גינאי,יעקב בנאי
1650597,בדרנית בחצות,1977,,ג'ורג' עובדיה,10,infobox+section,,תיקי דיין,צביקה פיק,לבנה פינקלשטיין,לילית נגר,דוד ברוך,מני פאר,אברהם רונאי,אריה אליאס,רחל דיין,רפאל קלצ'קין
2046001,בוא נפוצץ מיליון,1977,,שמואל אימברמן,10,infobox+section,,יהודה ברקן,ראובן בר יותם,ז'ק כהן,יונה אליאן,יוסי וירז'נסקי,אילן דר,רפאל קלצ'קין,יהושע לוף,צביה דורון,דליה גור
893238,דודה קלרה,1977,דרמה,אברהם הפנר,10,infobox+section,,חנה מרון,שמואל בונים,עדנה פלידל,יוסף כרמון,יעל פרל בקר,רות סגל,לאו יונג,שמואל רודנסקי,ג'טה לוקה,מרדכי בן זאב
175724,הגונב מגנב פטור (סרט),1977,קומדיה,זאב רווח,10,infobox+section,,זאב רווח,ז'אק כהן,אילן דר,שייקה אופיר,אלברט כהן,מונה זילברשטיין,משה איש כסית,מוסקו אלקלעי,יענקל'ה בן-סירא,ראובן דיין
1752588,הגן,1977,דרמה,ויקטור נורד,10,infobox+section,,שייקה אופיר,מלאני גריפית,שושנה דואר,צחי נוי,טוביה טבי,אהובה יובל,ראובן אדיב,סעדיה דמארי,יגאל דניאל,רן קובלנץ
696005,הצילו את המציל,1977,קומדיה,אורי זוהר,5,infobox,,אורי זוהר,גילה אלמגור,יוסף שילוח,גבי עמרני,חנה לסלאו,,,,,
1768027,הרשלה (סרט),1977,,יואל זילברג,10,infobox+section,,מייק בורשטיין,אריה אליאס,אשר צרפתי,מנדי רייס-דייוויס,אסתי כץ,אלברט כהן,שמואל רודנסקי,מוסקו אלקלעי,רבקה גור,שמוליק בילו
771289,חמש מאות אלף שחור,1977,קומדיה,שייקה אופיר,10,infobox+section,,שייקה אופיר,ז'אק כהן,יוסף שילוח,זאב רווח,צחי נוי,ראובן דיין,נסים זוהר,שייקה לוי,גברי בנאי,ישראל פוליאקוב
187808,מבצע יונתן (סרט),1977,פעולה | מתח | דוקו-דרמה | דרמה,מנחם גולן,10,infobox+section,,יהורם גאון,אסי דיין,אריק לביא,גילה אלמגור,קלאוס קינסקי,אורי לוי,שייקה אופיר,שושיק שני,חלי גולדנברג,ראובן בר יותם
712326,מסע אלונקות (סרט),1977,דרמה,ג'אד נאמן,10,infobox+section,,מוני מושונוב,גידי גוב,דליק ווליניץ,שלמה בראבא,דב גליקמן,דובל'ה גליקמן,יאיר (קויה) רובין,עזרא כפרי,מיקי ורשביאק,שמעון כהן
1316539,סרט וארוחת בוקר,1977,דרמה,אלפרד שטיינהרדט,2,infobox,,מיקי קם,דורון תבורי,,,,,,,,
722642,פנטסיה על נושא רומנטי,1977,דרמה,ויטק טרץ',6,infobox,,אלכס מונטה,ניסים עזיקרי,רות סגל,דודו טופז,רפאל קלצ'קין,יוסי בנאי,,,,
424112,קשר הדבש,1977,,יעוד לבנון,7,infobox,,גדליה בסר,עידית צור,חנה לסלאו,אילן תורן,מוני מושונוב,יצחק חזקיה,הלל נאמן,,,
1037454,רשות נחיתה,1977,מדע בדיוני,ריקי שלח,8,infobox+section,,רפי תבור,יוסי גרבר,איציק אלוני,משה טימור,שלום קינן,שיש קולר,אהוד גרף,גבי ינון,,
23031,אסקימו לימון (סרט),1978,נעורים | קומדיה,בועז דוידזון,10,infobox+section,,יפתח קצור,יהונתן סגל,צחי נוי,ענת עצמון,דבורה קידר,מנשה ורשבסקי,אופליה שטראל,בנצי,מומו,אבי חדש
1021592,בלפר (סרט),1978,דרמה,יגאל בורשטיין,6,infobox,,גדי יגיל,אבנר חזקיהו,חנה לסלאו,טליה שפירא,ז'אק כהן,רפאל קלצ'קין,,,,
93090,הלהקה,1978,קומדיה,אבי נשר,10,infobox+section,,גידי גוב,מאיר סוויסה,דפנה ארמוני,גלי עטרי,ששי קשת,טוביה צפיר,חלי גולדנברג,לירון נירגד,גילת אנקורי,סמדר ברנר
2090668,השועל בלול התרנגולות (סרט),1978,קומדיה,אפרים קישון,10,infobox+section,,שייקה אופיר,ספי ריבלין,זהרירה חריפאי,יעקב בודו,שושיק שני,מוסקו אלקלעי,ניצה שאול,מרדכי בן זאב,שלמה וישינסקי,גדעון זינגר
2434626,חפיף,1978,דרמה,איאן מקנוטון,10,infobox+section,,זאב רווח,יצחק חזקיה,ז'אק כהן,נסים זוהר,מוסקו אלקלעי,אהובה יובל,ליאורה טיקוצקי,ישראל בידרמן,דב קפלן,חיים באשי
2434399,ישראלים מצחיקים,1978,מתיחות,צבי שיסל,3,infobox+section,,בועז דוידזון,צבי שיסל,אופליה שטראל,,,,,,,
768776,מיליונר בצרות,1978,קומדיה,יואל זילברג,10,infobox+section,,יהודה בארקן,יעקב בודו,עדנה פלידל,גדעון זינגר,חנה לסלאו,יהושע לוף,אייל גפן,לאון קסבינר,מנדי רייס-דייוויס,אוריאלה וייט
409528,סוסעץ,1978,דרמה,יקי יושע,7,infobox,,שמוליק קראוס,גדליה בסר,אריק לביא,מרים ברנשטיין-כהן,אריה אליאס,ג'וזי כץ,לבנה פינקלשטיין,,,
1731840,שרגא קטן,1978,דרמה,זאב רווח,10,infobox+section,,זאב רווח,ניצה שאול,יוסף כרמון,יצחק חזקיה,צחי נוי,הלל מיטלפונקט,יוסי קאנץ,ליאורה טיקוצקי,רפאל קלצ'קין,משה איש כסית
770905,אמי הגנרלית,1979,קומדיה,יואל זילברג,9,infobox+section,,גילה אלמגור,גדעון זינגר,צחי נוי,אורי סאלי,גילת אנקורי,מכרם ח'ורי,נתן נתנזון,אייל גפן,מרלן בג'אלי,
26084,דיזנגוף 99,1979,,אבי נשר,10,infobox+section,,גידי גוב,מאיר סוויסה,ענת עצמון,גלי עטרי,שלמה גולדברג,יוני חן,גילת אנקורי,דב רייזר,אייל גפן,אורלי זילברשץ
205588,טעות במספר,1979,קומדיה,זאב רווח,10,infobox+section,,זאב רווח,שייקה אופיר,אופליה שטראל,גדעון זינגר,שולה רווח,ישראל גוריון,משה איש כסית,יהושע לוף,מנשה ורשבסקי,מרים פוקס
55450,יוצאים קבוע,1979,קומדיה,בועז דוידזון,10,infobox+section,,יפתח קצור,יהונתן סגל,צחי נוי,איבון מיקלוש,דבורה קידר,מנשה ורשבסקי,רחל שטיינר,דפנה ארמוני,בנצי,מומו
770295,לא לעלות יותר,1979,קומדיה,זאב רווח,10,infobox+section,,זאב רווח,גאולה נוני,גבי עמרני,ז'אק כהן,אילן דר,גדעון זינגר,אופליה שטראל,רפאל קלצ'קין,אולסי פרי,ג'ים בוטרייט
823104,נישואין נוסח תל אביב,1979,קומדיה,יואל זילברג,10,infobox+section,,טוביה צפיר,מנחם עיני,יוסף שילוח,גילת אנקורי,ששי קשת,דבורה בקון,שוש מרציאנו,אברהם מור,מירי אלוני,שיש קולר
766656,נערת הפרברים,1979,דרמה,ג'ורג' עובדיה,7,infobox+section,,עפרה חזה,אבנר דן,תבנית:שיש קולר,מנחם עיני,אורי סאלי,ראובן דיין,יוסי סגל,,,
1649907,פרשת וינשל,1979,דרמה,אברהם הפנר,10,infobox+section,,טל נתיב,אסתר זבקו,עודד קוטלר,שמעון פינקל,דב פייגין,טובה פירון,נאוה שאן,דבורה קסטלנץ,נתן מייזלר,אהד זמורה
1491244,רגעים (סרט),1979,"דרמה | רומנטי | להט""בי",מיכל בת-אדם,10,infobox+section,,מיכל בת-אדם,דן בן אמוץ,בריז'יט קטיון,אסי דיין,אלירם דקל,יהושע לוף,אבי פניני,אריאלה מיניאלי,מרק רוזנבאום,מנשה ורשבסקי
1690088,רובה חוליות,1979,נעורים,אילן מושנזון,9,infobox+section,,אריק רוזן,יריב רובינשטיין,מיכאל כפיר,יהודית סולה,אופליה שטראל,מיקי כפיר,לאו יונג,לואיס רוזנברג,מיכאלה מרקוביץ,
111737,שלאגר (סרט),1979,קומדיה,אסי דיין,10,infobox+section,,ישראל פוליאקוב,שייקה לוי,גברי בנאי,עפרה חזה,זיגי פוקסמן,"ד""ר שוקי חפציבה",בן-גוריון שמש,דינה פוקסמן,גילה זינגר,"סמי (שמואל), האמרגן בן-גוריון שמש"
1712524,הפחדנים,1980,רומנטי,אבי נשר,10,infobox+section,,מאיר סוויסה,חלי גולדנברג,עזרא דגן,אייל גפן,אלכס מונטה,גיא פינס,ישראל רובינצ'יק,שרי צוריאל,אבי לוזיה,ציפורה צברי
2430920,חייך אכלת אותה,1980,מתיחות,יהודה בארקן | יגאל שילון,8,infobox,,יהודה בארקן,אריה מוסקונה,קרוליין לנגפורד,דבורה בקון,שמעון ישראלי,דודו טופז,יורם ארבל,משה טימור,,
398076,חמש חמש,1980,מוזיקלי,שמואל אימברמן,10,infobox,,דליק ווליניץ,לירון נירגד,זהרירה חריפאי,שולה חן,גדעון זינגר,יעקב בודו,יוני חן,גילת אנקורי,מנחם עיני,רחל אטאס
1650361,"מחבואים (סרט, 1980)",1980,"דרמה | להט""בי",דן וולמן,4,infobox,,דורון תבורי,רחל שור,גילה אלמגור,אפרת לביא,,,,,,
2043915,על חבל דק,1980,דרמה,מיכל בת-אדם,8,infobox+section,,גילה אלמגור,אלכס פלג,ליאת פנסקי,איה וירוב,אבנר חזקיהו,יצחק חביס,מירי פביאן,אסתר זבקו,,
1651307,פצעי בגרות 80,1980,נעורים,זאב רווח,10,infobox+section,,דליה שימקו,דורון ציוני,שרון אלכסנדר,גרי אקשטיין,שמוליק לוי,ג'ודי קרמרמן,דליה פן,יוסי גרבר,שפרה מילשטיין,ראובן דיין
271130,העיט,1981,דרמה,יקי יושע,10,infobox+section,,שרגא הרפז,ניצה שאול,שמעון פינקל,חנה מרון,אנדי ריצ'מן,ענת עצמון,עמי וינברג,אופליה שטראל,יואל שר,אברהם רונאי
1766109,לא לשידור,1981,דרמה,יעוד לבנון,10,infobox+section,,עמי טראוב,דפנה ארמוני,מאיר סויסה,ארנון צדוק,גדליה בסר,דודו טופז,מאיר סוויסה,יוסי פולק,עירית שלג,פנינה רוזנבלום
770820,מסג'יסט הצמרת,1981,קומדיה,אלפרד שטיינהרדט,10,section,,דובי גל,אסתי קוסוביצקי,אלברט כהן,יוסף שילוח,ראובן דיין,אירית מאירי,אניטה פללי,יוסי קאנץ,נורית כהן,איציק סיידוף
1755220,סופו של מילטון לוי,1981,דרמה,נסים דיין,10,infobox+section,,אושיק לוי,דב גליקמן,אהובה קרן,רחל דיין,לילית נגר,יוסף שילוח,אבנר חזקיהו,יעקב אשכנזי,יהודית מילוא,רבקה גור
1678680,סיפור אינטימי,1981,דרמה,נדב לויתן,9,infobox+section,,חוה אלברשטיין,אלכס פלג,דן תורן,שמואל שילה,פיטר פריישטדט,שמואל וולף,אורנה ספיר,גילת אנקורי,טוביה דובלרו,
1753317,עם ישראל חי (סרט),1981,,אסי דיין,10,infobox+section,,חנה לסלאו,אייל גפן,חנן גולדבלט,נתן וולפוביץ',דבורה בקון,איציק גייר,משה איש כסית,אורלי זילברשץ,קרוליין לנגפורד,מנחם זילברמן
1642053,שגעון של אבא,1981,קומדיה,אלי שגיא,10,infobox+section,,גבי עמרני,שושיק שני,ששי קשת,קרוליין לנגפורד,רפי טיילור,ג'ודי פאר,טלי גולדברג,אברהם סלקטר,טרי גאבור,יעקב אלפרין
1304717,שפשוף נעים,1981,קומדיה,בועז דוידזון,10,infobox+section,,יפתח קצור,יהונתן סגל,צחי נוי,מנשה ורשבסקי,דבורה קידר,אריאלה רובינוביץ',אורנה דגן,רחל שטיינר,סיביל ראוך,אבי חדש
130155,אדון ליאון,1982,קומדיה | בורקס,זאב רווח,10,infobox+section,,זאב רווח,נורית כהן,יעקב בנאי,בתיה רוזנטל,מני בגר,מאיר סוויסה,משה איבגי,עמוס חגי,מאיר סויסה,סמדר ברנר
1647725,אהבה אילמת,1982,דרמה,יואל זילברג,6,infobox+section,,שרגא הרפז,אשר צרפתי,מירי אלוני,אביבה גר,לאשה רוזנברג,ג'וני פיליפס,,,,
1651652,אהבה ראשונה (סרט),1982,דרמה,עוזי פרס,6,section,,גילה אלמגור,יפתח קצור,חני נחמיאס,חנן גולדבלט,דבי הס,אורי לוי,,,,
655267,אות קין (סרט),1982,,אורי ברבש,9,infobox+section,,ארנון צדוק,דליק ווליניץ,עפרה וינגרטן,עפרה ויינגרטן,רוברטו פולק,זאב שמשוני,עזרא כפרי,עמוס לביא,פיליפ מייקל תומאס,
757028,בן לוקח בת,1982,דרמה,מיכל בת-אדם,10,infobox+section,,עינת הלפמן,אילן דר,גבי אלדור,אסתר זבקו,שי גולן,אסף צור,גיל דונצבסקי,אסנת פרגו,איילה פיזל,אייל פוקס
758103,גבי בן יקר,1982,דרמה,אורי ברבש,9,infobox+section,,משה איבגי,אלברט אילוז,רמי דנון,ורד נהרין,אמיר אוריין,זאב שמשוני,רפי אדיר,יעקב אייזנמן,אלי דנקר,
1764996,האיש שבא לקחת,1982,סאטירה,,6,infobox,,זאב רווח,יוסי וירז'נסקי,מירי זמיר,אסי דיין,מוני מושונוב,אריה מוסקונה,,,,
271129,כביש ללא מוצא (סרט),1982,דרמה,יקי יושע,10,infobox+section,,ענת עצמון,יהורם גאון,גילה אלמגור,תיקי דיין,חנה מרון,מוסקו אלקלעי,חנה אזולאי-הספרי,אורי גבריאל,דב פרידמן,קלוד אבירם
394326,מתחת לאף,1982,שוד,יעקב גולדווסר,10,infobox+section,,אורי גבריאל,משה איבגי,ג'וקי ארקין,צדוק צארום,ראובן דיין,יהודית מילוא,מכרם ח'ורי,שמואל אומני,שושנה דואר,אלברט אילוז
187347,נועה בת 17,1982,דרמה,יצחק (צפל) ישורון,10,infobox+section,,דליה שימקו,עדי נאמן,עידית צור,שמואל שילה,רוני פינקוביץ',משה חבצלת,אסנת עופר,יובל זמיר,אבישי מילשטיין,ארז שפריר
557682,ספיחס (סרט),1982,קומדיה,בועז דוידזון,10,infobox+section,,יפתח קצור,יהונתן סגל,צחי נוי,יוסף שילוח,דבורה קידר,מנשה ורשבסקי,משה איש כסית,דבורה בקון,סוניה מרטין,ליאוניד יופיטר
1647245,צלילה חוזרת,1982,דרמה,שמעון דותן,10,infobox+section,,דורון נשר,לירון נירגד,דני מוג'ה,עמי טראוב,זאב שמשוני,יאיר רובין,דליה שימקו,מוסקו אלקלעי,זהרירה חריפאי,ז'יל בן דוד
2501579,אני והמאהב של אשתי,1983,דרמה,עוזי פרס,10,infobox+section,,אלברט כהן,חנה ריבר,אושיק לוי,עמוס לביא,רחל דיין,גיורא שמאי,אסי הנגבי,שמואל סגל,דינה לימון,מירי פביאן
767085,בחינת בגרות (סרט),1983,דרמה,אסי דיין,10,infobox+section,,דן תורן,עירית פרנק,אירית אלטר,רוני פינקוביץ',יצחק חזקיה,יוסי וירז'נסקי,אריאלה רובינוביץ,מאיה קדישמן,נתן וולפוביץ',אהובה יובל
2220055,המגילה 83,1983,,אילן אלדד,7,infobox+section,,יונתן סגל,ניצה שאול,שלמה בר אבא,אביבה פז,מייקל שניידר,ג'רי היימן,אלברט כהן,,,
1744636,הפנימייה,1983,דרמה,יעוד לבנון,10,infobox+section,,אלון אבוטבול,אורי ורדי,בן לוין,סמדר קילצ'ינסקי,שרית נחום,טוביה דובלרו,זזי קרינר,יעקב אגיוף,חנה יכין,ברק גליל
1696245,זוג נשוי,1983,דרמה,יצחק צפל ישורון,10,infobox+section,,ירון לונדון,מירי פביאן,"רות חרל""פ",שרון לרנר,אסף יבור,ליאור אבן חיים,זיוית אברמסון,אמנון דנקנר,דידי מנוסי,חינה רוזובסקה
152123,נגוע,1983,"דרמה | להט""בי",עמוס גוטמן,9,infobox+section,,יהונתן סגל,בן לוין,דיתה אראל,עמי טראוב,בועז תורג'מן,מרק חסמן,בלנקה מצנר,הדס תורג'מן,דורן רגב,
2054179,נורית 2,1983,דרמה,ג'ורג' עובדיה,10,infobox+section,,איתן מסורי,מוניקה טסלר,אריה אליאס,יעקב בן-סירא,שלמה גולדברג,רפי טיילור,דנה טיילור,טומי טיילור,אודליה חן,יעקב שפירא
1304726,סבבה (סרט),1983,קומדיה,צבי שיסל,10,infobox+section,,צחי נוי,יוסף שילוח,דבורה בקון,משה איש כסית,שמוליק אומני,שמואל אומני,ליאוניד יופיטר,סיביל ראוך,צבי שיסל,יונתן צ'רצ'י
315874,קוני למל בקהיר,1983,קומדיה,יואל זילברג,5,infobox,,מייק בורשטיין,חנה לסלאו,משה איבגי,אברהם מור,אורי גבריאל,,,,,
1304728,רומן זעיר,1983,קומדיה,דן וולמן,10,infobox+section,,יפתח קצור,יהונתן סגל,צחי נוי,סטפני פץ',מנשה ורשבסקי,דבורה קידר,בנצי,מומו,אבי חדש,קרול מרקוביץ'
2410188,ביום בהיר רואים את דמשק,1984,,ערן ריקליס,3,infobox,,מוחמד בכרי,אלי דנקר,אסתר שמיר,,,,,,,
2107058,גרין (סרט),1984,דרמה,גדעון קולירין,10,infobox+section,,יוסף שילוח,אביבה פז,פיטר פריישטדט,רולף ברין,אילן דר,ישראל גוריון,עמוס לביא,ג'וקי ארקין,יונתן צ'רצ'י,מושון אלבוחר
2049327,הדודה מארגנטינה,1984,קומדיה,ג'ורג' עובדיה,10,infobox+section,,ישראל גוריון,יוסף שילוח,מוניקה ורדימון,יעקב בנאי,דני חדד,ישראל טרייסטמן,מירי טולדנו,ריבה מזור,טוביה דובלרו,אברהם רונאי
2117900,החורף האחרון,1984,דרמה,ריקי שלח,10,infobox+section,,קת'לין קווינלן,יונה אליאן,סטיבן מאכט,בריאן ארון,אבי אוריה,ציפורה פלד,יצחק שילה,מייקל שניידר,יוסי וירז'נסקי,נעמי שרון
1704110,זעם ותהילה,1984,דרמה,אבי נשר,10,infobox+section,,ג'וליאנו מר,רוני פינקוביץ',חנה אזולאי-הספרי,יגאל נאור,רונה פריד,ז'אק כהן,גבי אלדור,טוביה גלבר,ליאור נחמן,דודו יפת
2201194,חייל הלילה,1984,,דן וולמן,8,infobox+section,,זאב שמשוני,איריס קנר,הלל נאמן,יפתח קצור,יהודה אפרוני,פסח גוטמרק,רמי ברוך,שרי רז,,
103244,מאחורי הסורגים,1984,דרמה,אורי ברבש,10,infobox+section,,ארנון צדוק,מוחמד בכרי,הלל נאמן,אסי דיין,בעז שרעבי,רוברטו פולק,רמי דנון,ירדנה ארזי,דנה כץ,דני בסן
1017159,מבצע שטריימל,1984,,בני שוילי,3,infobox,,פול ל. סמית',יעקב בן-סירא,יהודה אפרוני,,,,,,,
2100291,מגש הכסף (סרט),1984,דרמה,יהודה ג'אד נאמן,10,infobox+section,,גידי גוב,דליה שימקו,יוסף אבו ורדה,יוסי פולק,מוחמד בכרי,סוהיר האני,שמואל קראוס,נורית גלרון,פיטר פריישטדט,חנה רוט
272841,מכת שמש (סרט),1984,דרמה,יקי יושע,7,infobox,,יובל בנאי,ענת עצמון,דליק ווליניץ,אייל גפן,שמעון ישראלי,רבקה מיכאלי,יאיר רובין,,,
765830,ספר נשים (סרט),1984,קומדיה,זאב רווח,9,infobox+section,,זאב רווח,תקוה עזיז,גבי עמרני,עירית שלג,משה איש כסית,תקווה עזיז,שלמה גולדברג,ריטה שוקרון,אריאל פורמן,
2066828,עדות מאונס,1984,דרמה,רפאל רביבו,10,infobox+section,,ענת עצמון,אורי גבריאל,נתן דטנר,איתי קרן,שלמה תרשיש,עירית פרנק,צדוק צארום,מוסקו אלקלעי,דליק ווליניץ,אבי קליינברגר
1518147,עתליה (סרט),1984,דרמה,עקיבא טבת,8,infobox+section,,מיכל בת-אדם,רפאל קלצ'קין,יאיר רובין,יוסי פולק,דן תורן,יפתח קצור,רות גלר,גלי בן-נר,,
1643077,אירית עירית,1985,דרמה,נפתלי אלטר,9,infobox+section,,אירית אלטר,חנן גולדבלט,ליאורה גרוסמן,רוני פינקוביץ',מיכל עובדיה,דב גליקמן,גידי גוב,אריה צ'רנר,יוסי וירז'נסקי,
1577530,בנות (סרט),1985,דרמה | קומדיה,נדב לויתן,10,infobox+section,,חנה אזולאי-הספרי,חלי גולדנברג,ענת טופול,עירית פרנק,קרוליין לנגפורד,אריאלה רובינוביץ,סיגל כהן,אורנה רוטברג,רחלי חיאמיאן,עמוס לביא
411324,בר 51,1985,"דרמה | להט""בי",עמוס גוטמן,8,infobox+section,,ג'וליאנו מר,עירית שלג,מוסקו אלקלעי,סמדר קילצ'ינסקי,אלון אבוטבול,ג'וליאנו מר חמיס,עדה ואלרי טל,פולי רשף,,
1304735,"הרימו עוגן (סרט, 1985)",1985,קומדיה,דן וולמן | יואל זילברג,10,infobox+section,,יפתח קצור,צחי נוי,יוסף שילוח,ספי ריבלין,בנצי,אבי חדש,פטרה מורזה,יהודה אפרוני,תקוה מור,דבורה קידר
839095,חסמבה ושודדי הסוסים,1985,,הלל דמרון,10,infobox+section,,ספי ריבלין,טוביה דובלרו,שרון קילצ'ינסקי,אודי ערן,בני קפלה,דודו ניב,שאול מזרחי,יגאל מוסינזון,רן אפלברג,אברהם אסיאו
2122068,חתונה בירושלים (סרט קצר),1985,תיעודי,רנן שור,2,infobox,,אורי זוהר,אריק איינשטיין,,,,,,,,
2035880,עד סוף הלילה,1985,דרמה,איתן גרין,10,infobox+section,,אסי דיין,יוסף מילוא,אורנה פורת,חיה פיק-פרדו,דני רוט,עמוס לביא,לאשה רוזנברג,עירית שלג,אילנה בדש,רפי אדיר
1655772,קומפוט נעליים,1985,קומדיה,יהודה בארקן,10,infobox+section,,יהודה ברקן,גבי עמרני,יוני נמרי,מושון אלבוחר,אברהם רונאי,איגור בוריסוב,ברונו ניסים,אריה מוסקונה,אביבה פז,עטר בירמן
759781,קוקו בן 19,1985,נעורים,דני ורטה,4,infobox,,אודי כהן,מאיר דדון,שפרה האפרתי,גיל רוזנטל,,,,,,
719597,שוברים,1985,מוזיקלי,אבי נשר,10,infobox+section,,יזהר אשדות,גלי עטרי,סי היימן,יוסי אשדות,מאיר בנאי,אלונה קמחי,נתן דטנר,אריק סיני,מאיר סוויסה,יאיר ניצני
177486,אוונטי פופולו,1986,דרמה,רפי בוקאי,7,infobox+section,,סלים דאו,סוהיל חדאד,דני שגב,מיכאל כורש,שלום שמואלוב,רמי שטרן,דן תורג'מן,,,
1156804,אלכס חולה אהבה,1986,קומדיה,בועז דוידזון,10,infobox+section,,איתן אנשל,חנה רוט,אברהם מור,יוסף שילוח,שרון הכהן-בר,אורי כבירי,ליאוניד יופיטר,שמואל רודנסקי,אבי קושניר,חינה רוזובסקה
1002437,האינסטלטור,1986,קומדיה,מיקי בהגן,2,infobox,,טוביה צפיר,אבי קושניר,,,,,,,,
883334,"הטוב, הרע והלא נורא",1986,קומדיה,אסי דיין,10,infobox+section,,משה איש כסית,יוסף שילוח,גבי עמרני,אסי דיין,שולה רווח,ענת מסנר,טל גינת,סיגל כהן,תקווה עזיז,מאיר סוויסה
1317095,המאהב (סרט קולנוע ישראלי),1986,רומן,מיכל בת-אדם,4,infobox,,מיכל בת-אדם,יהורם גאון,אביגיל אריאלי,רוברטו פולק,,,,,,
390702,הקרב על הוועד,1986,קומדיה,אבי כהן,10,infobox+section,,ישראל פוליאקוב,שייקה לוי,גברי בנאי,תמי גינגולד,משה איבגי,דורי בן זאב,שולה חן,יהויכין פרידלנדר,אבי קושניר,יואל ליבה
1829485,השגעון הגדול (סרט),1986,קומדיה,נפתלי אלטר,10,infobox+section,,ספי ריבלין,ענת וקסמן,אריק לביא,אירית אלטר,דינה דורון,שמוליק טנא,דב נבון,אושיק לוי,דורון צפריר,אריה צ'רנר
1805310,חיוך הגדי,1986,דרמה,שמעון דותן,9,infobox+section,,רמי דנון,טונג'ל קורטיז,מכרם ח'ורי,דני מוג'ה,רפי אדיר,איריס הופמן,מוחמד דיב,מיכה לבינסון,אימאן כחיל,
2219310,כל אהבותי,1986,דרמה,יוחנן (חורחה) ולר,7,infobox+section,,אלון אבוטבול,רי רוזנפלד,דב נבון,דורית עדי,אורית אביב,גילי בן אוזיליו,יניב בן עמי,,,
1651858,כפפות (סרט),1986,,רפי אדר,10,infobox+section,,איקה זהר,שרון הכהן,עזרא כפרי,שלמה תרשיש,דן מוג'ה,אמנון מסקין,איקה זוהר,אנטוניו מרסינה,ניסן נתיב,שמואל שילה
761566,לחם (סרט טלוויזיה),1986,דרמה,רם לוי,4,infobox,,רמי דנון,רבקה בכר,משה איבגי,אתי אנקרי,,,,,,
1784321,מלכת הכיתה (סרט),1986,נעורים,יצחק צפל ישורון,8,infobox+section,,אלון אבוטבול,יצחק בן נר,שמואל שילה,אביטל באר,ג'וני ערביד,רענן חפץ,רמי ברוך,נתן רביץ,,
2124125,נאדיה (סרט),1986,,אמנון רובינשטיין,10,infobox+section,,חנה אזולאי-הספרי,יובל בנאי,מאיר בנאי,אוסי הלל,רי רוזנפלד,יהודה אפרוני,מאיר סויסה,צביקה כרמון,רות ליברמן,יוסף אבו ורדה
1901197,ניפגש בסיבוב (סרט),1986,קומדיה,יגאל שילון | יהודה בארקן,9,infobox+section,,יהודה בארקן,קרוליין לנגפורד,מושיק טימור,נתן דטנר,ניסים גרמה,חנן גולדבלט,מושון אלבוחר,דנוטה לאטו,איגור בוריסוב,
2162771,סוף שבוע מטורף,1986,קומדיה מטורפת,אילן מושנזון,10,infobox+section,,דליק ווליניץ,אוסי הלל,דורון צפריר,דב נבון,גדעון שמר,אריה מוסקונה,אופליה שטראל,איציק בן מלך,שאול מזרחי,שמואל וולף
118029,שתי אצבעות מצידון,1986,דרמה | מלחמה,אלי כהן,10,infobox+section,,רוני פינקוביץ',שאול מזרחי,אלון אבוטבול,דודו בן זאב,בועז עופרי,נאזי רבאח,אוסי הלל,חסון ווהבה,מקסי בלום,ענת חן
94609,אבא גנוב,1987,,יעקב גולדווסר,10,infobox+section,,יהודה ברקן,אלונה קמחי,אילנה ברקוביץ',קרן מור,אורי שמיר,ג'טה לוקה,לני רביץ,דן הרדן,יעקב כהן,אריה צ'רנר
1347001,אהבה צעירה,1987,קומדיה,וולטר בנרט,10,infobox+section,,יפתח קצור,יהונתן סגל,צחי נוי,סוניה מרטין,סיסי פיץ,סיביל ראוך,בנצי,מומו,גרגורי טל,איגור בוריסוב
568505,בובה (סרט),1987,דרמה,זאב רווח,10,infobox+section,,זאב רווח,חני נחמיאס,אלי דנקר,אשר צרפתי,אלברט אילוז,שלמה וישינסקי,עזרא כפרי,יונה אליאן,יוסי גרבר,שלמה תרשיש
165734,בלוז לחופש הגדול,1987,דרמה,רנן שור,10,infobox+section,,יואב צפיר,דור צויגנבום,שחר סגל,נועה גולדברג,שרון בר-זיו,עדנה פלידל,מיקי קם,עומרי דולב,ורד כהן,מקסי נשר
2056294,"החולמים (סרט, 1987)",1987,דרמה,אורי ברבש,10,infobox+section,,קלי מקגיליס,ארנון צדוק,כריסטין בואסון,אוהד שחר,עמוס לביא,ג'ון שי,רוברטו פולק,שמואל שילה,זארה ורתניאן,יעקב איילי
1417300,"היפהפייה הנרדמת (סרט, 1987)",1987,פנטזיה | מוזיקלי,דויד אירוינג,10,infobox+section,,מורגן פיירצ'יילד,סילביה מיילס,קני בייקר,שייקה אופיר,טאהן וולש,דייוויד הולידיי,ניקולס קליי,ג'וליאן שגרן,אורנה פורת,יעקב בן-סירא
765931,המובטל בטיטו,1987,קומדיה | בורקס,זאב רווח,10,infobox+section,,זאב רווח,אריק לביא,שושיק שני,אריה אליאס,רפאל קלצ'קין,ענת צחור,דן תורן,תקווה עזיז,אריה מוסקונה,בני ברוכים
1752686,חימו מלך ירושלים,1987,היסטורי,עמוס גוטמן,10,infobox+section,,אלונה קמחי,יוסי גרבר,דב נבון,עופר שיקרצי,עמירם גבריאל,עמוס לביא,עליזה רוזן,שי קפון,איצ'ו אביטל,סיון שביט
2466852,יוננם,1987,דרמה,בני תורתי,4,infobox+section,,יונתן דני,ברוך ששון,יאיר גדסי,מור יפתח,,,,,,
1682363,ילדי סטלין,1987,דרמה,נדב לויתן,10,infobox+section,,שמואל שילה,הוגו ירדן,יוסי קאנץ,אהרון אלמוג,רחל דובסון,דודיק סמדר,עזרא דגן,רחל וולך,דורון גולן,עתליה קפלן
2107026,לא שם זין (סרט),1987,דרמה,שמואל אימברמן,1,infobox,,איקה זהר,,,,,,,,,
1755601,פוטו רומן,1987,נעורים,טל רון,10,section,,סמדר קילצ'ינסקי,אביטל דיקר,אלון אבוטבול,סמדר ברנר,דן תורן,חיים ג'רפי,ענת בנאיס,יהודית סולה,נחום שליט,יוסף כרמון
2177359,תל אביב - ברלין,1987,,ציפי טרופה,10,infobox+section,,שמואל וילוז'ני,רבקה נוימן,ענת הרפזי,זוהר אלוני,יוסף כרמון,קונסטנטין אנטול,יורם לוינשטיין,גודרון וייכנהן,דניאלה מילר,דיתה אראל
498039,אל עצמי (סרט),1988,דרמה,תמיר פאול,5,infobox,,רוברטו פולק,נויה לנצט,תחיה דנון,רועי בר-נתן,ענת מסנר,,,,,
768383,בגלל המלחמה ההיא,1988,תיעודי,אורנה בן דור,2,infobox,,יעקב גלעד,יהודה פוליקר,,,,,,,,
1473692,בלוז לקיץ,1988,קומדיה,ריינהרד שכאוובנטיצקי,10,infobox+section,,יפתח קצור,יהונתן סגל,צחי נוי,אלפי אשקה,בנצי,מומו,סוניה מרטין,דן הרדן,דבורה קידר,סיביל ראוך
1980343,בצילו של הלם קרב,1988,,יואל שרון,0,not_found,,,,,,,,,,,
1761095,הינשוף,1988,,אמנון רובינשטיין,4,infobox+section,,אסי דיין,לאורה ריבלין,גדליה בסר,עפרה ויינגרטן,,,,,,
1071367,המשורר,1988,,גידי דר,2,infobox,,משה איבגי,שולי רנד,,,,,,,,
848141,הקיץ של אביה (סרט),1988,דרמה,אלי כהן,10,infobox+section,,גילה אלמגור,קאיפו כהן,אביטל דיקר,אלי כהן,מרינה רוסטי,דינה אברך,יעקב איילי,רמי ברוך,יוסי קאנץ,אריאלה רובינוביץ
938570,יהושע יהושע,1988,קומדיה | פנטזיה | נונסנס | סקס,אבי כהן,8,infobox+section,,אברי גלעד,מתי סרי,אוסי הלל,אלישבע מיכאלי,דוד מונשיין,כנרת טריפון,ענת דולב,יעל דן,,
550399,לול (סרט),1988,קומדיה | מוזיקלית,צבי שיסל | אריק איינשטיין,7,infobox,,אורי זוהר,אריק איינשטיין,צבי שיסל,דורי בן זאב,אורי גרוס,טליה שפירא,שלום חנוך,,,
786654,מה קרה? (סרט קצר),1988,מוקומנטריה,אברהם הפנר,3,infobox,,אילן דר,עליזה רוזן,דורון צברי,,,,,,,
2504984,מטולדו לירושלים,1988,,שמואל אימברמן,0,not_found,,,,,,,,,,,
208290,מלך הסלים (סרט),1988,קומדיה,דובי גל,10,infobox+section,,גילת מואב,ששי סעד,נתן נתנזון,רבקה מיכאלי,אבינעם מור-חיים,דובי גל,דורית פלד הרפז,אלי ישראלי,אייל לוי,אירית יוני
2433519,מצלמה בלי בושה,1988,מתיחות,יהודה בארקן,10,infobox+section,,יהודה בארקן,בועז דוידזון,צבי שיסל,מנחם זילברמן,משה טימור,מושון אלבוחר,עדנה לב,מיכאלה ברקו,עדית פאנק,זוהר זמיר
2072023,מקום ליד הים,1988,דרמה,רפאל רביבו,10,infobox+section,,אלון אבוטבול,ענת צחור,אריה מוסקונה,שלמה תרשיש,אסי הנגבי,יצחק חביס,יצחק אלוני,יעקב בנאי,דוד מנחם,דורית עדי
2271040,משחקים בחורף (סרט),1988,,רם לוי,10,infobox+section,,משה אבגי,קונסטנטין אנטול,גל יחס,דב נבון,רי רוז,מני סביר,רות גלר,טוביה גלבר,ורדה בן חור,יגאל נאור
568493,נישואין פיקטיביים (סרט),1988,דרמה,חיים בוזגלו,4,infobox,,שלמה בראבא,אלי יצפאן,עירית שלג,עפרה ויינגרטן,,,,,,
559086,תל אביב לוס אנג'לס,1988,דרמה,שמואל אימברמן,7,infobox+section,,דודו טופז,ז'אק כהן,אביגיל אריאלי,ברכה נאמן,אמנון מסקין,גבי שושן,אפרת לביא,,,
94596,אבא גנוב 2,1989,דרמה | קומדיה,אבי כהן,10,infobox+section,,יהודה ברקן,אלונה קמחי,יהודה בארקן,אריה אליאס,אורי שמיר,ג'יטה לוקה,יהודה אפרוני,מרים גבריאלי,אילנה ברקוביץ',יעקב כהן
1849198,אוכלים לוקשים,1989,קומדיה,בועז דוידזון | צבי שיסל,4,infobox,,פול ל. סמית',בועז דוידזון,צבי שיסל,יהודה ברקן,,,,,,
2321882,אחד באפריל (סרט),1989,קומדיה,מנחם זילברמן,10,infobox+section,,ציפי שביט,ספי ריבלין,נפתלי אלטר,דין זילברמן,שולה חן,נטשה בראונשטיין,מנחם זילברמן,יגאל שילון,רולנדה שגרן,גני תמיר
103250,אחד משלנו,1989,דרמה,אורי ברבש,10,infobox+section,,אלון אבוטבול,שרון אלכסנדר,דן תורן,דליה שימקו,עפר שיקרצי,אלון נוימן,שאול מזרחי,ארנון צדוק,רובי פורת-שובל,אלי יצפאן
1715008,אלף נשותיו של נפתלי סימן טוב,1989,אמנותי,מיכל בת-אדם,10,infobox+section,,יוסי פולק,ריטה,סלים דאו,נסים עזיקרי,יונתן צ'רצ'י,לבנה פינקלשטיין,גאולה נוני,אתי גרוטס,ברוך דוד,רבקה בכר
1669463,אש צולבת,1989,דרמה,גדעון גנני,10,infobox+section,,דן תורג'מן,שרון הכהן,מרים גבריאלי,סיני פתר,דני פרידמן,גבי שושן,אריה אליאס,צבי בומס,מכרם ח'ורי,מילאד מטר
233522,ד.צ. חוף אילת,1989,קומדיה,דובי גל,6,infobox+section,,דובי גל,אילנה שושן,נתן נתנזון,דרור טפליצקי,גיל אלון,ירון לוי סבג,,,,
1949304,האדונית והרוכל (סרט),1989,דרמה,חיים גיל,2,infobox,,לאורה ריבלין,שלמה תרשיש,,,,,,,,
2041843,המיועד (סרט),1989,,דניאל וקסמן,8,infobox+section,,שולי רנד,רונית אלקבץ,צבי שיסל,שבתאי קונורטי,ראובן דיין,יצחק נאמן,דוד דנינו,ברק הנגבי,,
1797902,"יוסל'ה, איך זה קרה?",1989,קומדיה,טל רון,10,infobox+section,,דב נבון,יהונדב פרלמן,אביגיל אריאלי,צבי קורמן,אייל נחמיאס,אסנת עופר,זוהר זמיר,משה פרסטר,עליזה אברג'יל,נוגה פז
2432964,ניפגש בספארי,1989,מתיחות,יהודה בארקן,3,infobox+section,,יהודה בארקן,פול סמית,פול ל. סמית',,,,,,,
1350164,צמות (סרט),1989,דרמה,יצחק חלוצי,8,infobox+section,,אדיב ג'השאן,יוסף שילוח,חנה אזולאי-הספרי,תחיה דנון,נטע סובול,עמוס לביא,ראובן דיין,אריה אליאס,,
2130223,רותי נעים,1989,,אמנון רובינשטיין,10,infobox+section,,גילי בן אוזיליו,מאיר בנאי,גבי שושן,יעקב כהן,שרית סרי,רוז משיחי,גד אלון,אהובה קרן,קרן ישר,מוטי שירין
2112976,רחובות האתמול (סרט),1989,,יהודה ג'אד נאמן,10,infobox+section,,פול מקגאן,אלון אבוטבול,ג'ון פינץ',גבי שושן,סוזן סילבסטר,הנס פטר האלווקס,נאדים סוואלחה,יוסי וירז'נסקי,אלונה קמחי,עזריה רפפורט
2084923,"רכבת העמק (סרט, 1989)",1989,,יונתן פז,4,infobox+section,,דן תורג'מן,נטע מורן,עמי אושפיץ,תומי יואל,,,,,,
2175064,רסיסים (סרט),1989,,יוסי זומר,10,infobox+section,,דני רוט,פולי רשף,שמואל אדלמן,אלון אולארצ'יק,אתי אנקרי,יהלי ברגמן,יוסף אל-דרור,ראובן דיין,אבי גילאור,קובי הגואל
1778011,"שדות ירוקים (סרט, 1989)",1989,דרמה,יצחק צפל ישורון,10,infobox+section,,עמית ליאור,שמואל אדלמן,שמואל שילה,ליה דוליצקיה,שרון הכהן,"רות חרל""פ",דורון צברי,דורון אברהמי,מילאד מטר,ג'וני ערביד
766267,תלווה לי את אשתך,1989,קומדיה,זאב רווח,10,infobox+section,,זאב רווח,יונה אליאן,דן תורן,אריה מוסקונה,אברהם מור,עדי לב,ז'אק כהן,ברי סימון,יענקל'ה בן-סירא,נירה רבינוביץ'
917033,אהבתה האחרונה של לורה אדלר,1990,דרמה,אברהם הפנר,8,infobox,,ריטה זוהר,מנשה ורשבסקי,שולמית אדר,אברהם מור,סאלי אן פרידלנד,רפי תבור,יעקב שפירא,אלכסנדר יהלומי,,
991983,אפטר (סרט),1990,דרמה,איתן פוקס,8,infobox+section,,גיל פרנק,חנוך רעים,צופית גרנט,בנימין יגנדורף,משה פרסטר,מוחמד חרזאללה,יובל כרמי,דנה כהן,,
1717674,דרך הנשר,1990,דרמה,אורי ברבש,7,infobox+section,,אלי דנקר,נורית גלרון,גידי גוב,ישי גולן,גדעון שמר,עירית גדרון,מירי פביאן,,,
2087145,הדרך לעין חרוד (סרט),1990,דיסטופי,דורון ערן,10,infobox+section,,טוני פק,אלסנדרה מוסוליני,ארנון צדוק,רמי דנון,שלמה תרשיש,יעקב איילי,זאב שמשוני,אברהם אסיאו,ברק הנגבי,אלקי ג'ייקובס
1700778,המחצבה,1990,דרמה,רוני ניניו,10,infobox+section,,אורי גבריאל,ששון גבאי,חנה אזולאי-הספרי,אהובה בץ,יוסי יבלונקה,אדי מוכתר,אברהם מור,סלים דאו,רבקה בכר,נורית סיבוני
60626,"נשיקה במצ""ח",1990,דרמה,שמוליק פירסטנברג,10,infobox+section,,יהודה ברקן,מיכל ינאי,אריה מוסקונה,רמי דנון,צחי נוי,משה אלבוחר,אליעזר אפלבוים,מושון אלבוחר,ענת זמיר,רוני בליץ
193276,שורו (סרט),1990,קומדיה,שבי גביזון,10,infobox+section,,משה איבגי,קרן מור,שמואל אדלמן,אהובה קרן,עזרא כפרי,נתן זהבי,אלברט אילוז,יגאל עדיקא,סיני פתר,שרון הכהן-בר
2168253,שירים קטנים (1990),1990,קלטת וידאו ביתית | שירי ילדים,חנן קמינסקי,1,infobox,,עוזי חיטמן,,,,,,,,,
995106,שמשה קדמית (סרט),1990,,ענר פרמינגר,3,infobox,,אבי אבוטבול קידר,שוש מרציאנו,ישראל גוריון,,,,,,,
94599,אבא גנוב 3,1991,,איילת מנחמי,10,infobox+section,,יהודה ברקן,עירית שלג,חלי גולדנברג,אורי שמיר,לני רביץ,אילנה ברקוביץ',יגאל עדיקא,גאולה נוני,גבי עמרני,זארה ורתניאן
1924377,אישה זרה,1991,עצמאי | דרמה,מיכל בת-אדם,10,infobox+section,,פאני ארדן,רות גלר,גידי גוב,שמואל וילוז'ני,שרון אלכסנדר,אביבה גר,דניאל נפוליטאנו,שפרירה זכאי,הלל נאמן,משה מזרחי
187291,גמר גביע,1991,דרמה,ערן ריקליס,10,infobox+section,,משה איבגי,מוחמד בכרי,סלים דאו,בסאם זועמוט,יוסוף אבו וורדה,סוהיל חדאד,גסאן עבאס,שרון אלכסנדר,ג'וני ערביד,סמי סמיר
2059684,זמן אמת (1991),1991,,אורי ברבש,10,infobox+section,,אסי דיין,רבקה נוימן,נטע מורן,שלמה תרשיש,חנה מרון,שמיל בן ארי,דורון ליניק,רות גלר,סיני פתר,יוסף כרמון
490844,כמו גדולים,1991,קומדיה | שירי ילדים,צבי שיסל,6,infobox+section,,אריק איינשטיין,צבי שיסל,מוני מושונוב,יוסף המספר,ירוסלב יעקובוביץ',יוני רכטר,,,,
636813,להיות קצין,1991,תיעודי,איתן אורן,0,not_found,,,,,,,,,,,
187604,מעבר לים,1991,דרמה,יעקב גולדווסר,8,infobox+section,,אריה מוסקונה,דפנה רכטר,מוטי גלעדי,אורי אלטר,מילי אביטל,יאיר לפיד,שי אידלסון,אושיק לוי,,
1084022,נפרדנו כך (סרט),1991,דרמה,חורחה גורביץ',2,infobox,,לאורה ריבלין,יוסף כרמון,,,,,,,,
185153,עונת הדובדבנים,1991,דרמה,חיים בוזגלו,6,infobox,,גיל פרנק,עידית טפרסון,אלי יצפאן,ששון גבאי,לבנה פינקלשטיין,אבי גילאור,,,,
651472,שאנן שיא,1991,תיעודי | סטודנטים,ארי פולמן | אורי סיון,0,not_found,,,,,,,,,,,
1071366,אדי קינג,1992,,גידי דר,9,infobox+section,,איתן בלום,רונית אלקבץ,שולי רנד,שלמה בסן,גבי שושן,אלברט אילוז,יצחק (פיצ'ו) בן צור,רפי בוקאי,יוסף אל-דרור,
928620,אזרח אמריקאי,1992,דרמה,איתן גרין,10,infobox+section,,גיא גארנר,איצ'ו אביטל,אווה חדד,חיים בנאי,דוד ברוך,רפי אדיר,דני רוט,אייל שיראי,מנשה ורשבסקי,מיכל זוארץ
2431255,גברת תפתחי זה אני,1992,מתיחות,יהודה בארקן,7,infobox+section,,יהודה בארקן,איגור בוריסוב,מושון אלבוחר,משה טימור,בבר יוקו,יגאל עדיקא,פיני קידרון,,,
793105,האסיסטנט של אלוהים,1992,דרמה,ברוך דינר,4,infobox+section,,אביבה גר,אלברט אילוז,עזרא דגן,עדנה פלידל,,,,,,
59516,החיים על פי אגפא,1992,דרמה,אסי דיין,10,infobox+section,,גילה אלמגור,אביטל דיקר,שולי רנד,עירית פרנק,שרון אלכסנדר,עזרא כפרי,סמדר קילצ'ינסקי,אכראם תלאווי,דני ליטני,שמיל בן ארי
187579,חסד מופלא,1992,"דרמה | להט""בי",עמוס גוטמן,10,infobox+section,,גל הויברגר,שרון אלכסנדר,רבקה מיכאלי,אקי אבני,קארין אופיר,דבורה ברטונוב,חינה רוזובסקה,עדה ואלרי טל,המוכתר,בר רפאלי
770366,טיפת מזל,1992,מוזיקלי,זאב רווח,10,infobox+section,,זאב רווח,זהבה בן,ברי סימון,אריה מוסקונה,ז'אק כהן,יעקב בן-סירא,גרגורי טל,יוסי קינן,אורלי בן גרטי,חן גואטה
433415,כבלים (סרט),1992,קומדיה,צבי שיסל,10,infobox+section,,אריק איינשטיין,מוני מושונוב,צבי שיסל,שרית ברוך-סרי,קרן מור,יעקב כהן,שלמה בראבא,רפי אדר,אורי לוי,יוני רכטר
2111858,להב חצוי,1992,דרמה,עמוס קולק,10,infobox+section,,עמוס קולק,פיי דאנאוויי,שמואל שילה,מוחמד בכרי,מכרם חורי,ענת עצמון,מיכאל שניידר,יוסי וירז'נסקי,טדי קולק,אבא אבן
1731455,להיטים מצוירים משלנו,1992,ילדים | הנפשה,יוסי אבולעפיה,10,infobox+section,,אבי חדש,עפרון אטקין,איציק סיידוף,דב רייזר,אריאל פורמן,לימור שפירא,שפרירה זכאי,אלון אופיר,רחל אטאס,מאיר שלו
1640606,ללקק ת'תות,1992,דרמה,אורי ברבש,10,infobox+section,,אורי בנאי,אקי אבני,תומי יואל,ששי קשת,אלברט אילוז,אורי גוטליב,יובל כרמי,עודד מנשה,יחזקאל לזרוב,שמחה זיו
2055662,מאחורי הסורגים 2,1992,דרמה,אורי ברבש,10,infobox+section,,ארנון צדוק,מוחמד בכרי,רמי דנון,בועז שרעבי,אורי לוי,גיליה שטרן,אסף אשתר,עזרא דגן,לבנה פינקלשטיין,שלמה תרשיש
213577,סיפורי תל אביב,1992,דרמה,איילת מנחמי | נירית ירון,10,infobox+section,,יעל אבקסיס,רותי גולדברג,ענת וקסמן,שרון אלכסנדר,מודי בר-און,סער פין,ששון גבאי,אורי גבריאל,אייל גפן,רוזינה קמבוס
402186,קורבן האהבה,1992,דרמה,ימין מסיקה,10,infobox+section,,אבי ביטר,ירמי קדושי,אילנה מן,דני חדד,אבי סויסה,יצחק ענף,אליס וענונו,אורי צדוק,אבי כהן,יפית שמע
2188290,קיץ אצל אריקה,1992,,דליה הגר,9,infobox+section,,אלישבע מיכאלי,אלכס מונטה,ינון בר נתן,יוסי סגל,חינה רוזובסקה,רות גלר,חנה ריבר,אסתי קוסוביצקי,שי שוורץ,
2025532,שנת 66' הייתה טובה לתיירות,1992,תיעודי,עמית גורן,0,not_found,,,,,,,,,,,
995052,גולם במעגל (סרט),1993,,ענר פרמינגר,9,infobox,,חגית דסברג,פרס אופיר,פסטיבל חיפה,ניקול קסל,ענת וקסמן,דני ליטני,גדליה בסר,איצ'ו אביטל,אלברט כהן,
1934282,גרופי,1993,,נדב לויתן,0,not_found,,,,,,,,,,,
1692665,"הירושה (סרט, 1993)",1993,דרמה,אמנון רובינשטיין,10,infobox+section,,יעל אבקסיס,אלון אבוטבול,אבי טולדנו,יהודה פוקס,אשר צרפתי,דינה דורון,לבנה פינקלשטיין,שלמה בר-שביט,יוסף כרמון,אלישבע מיכאלי
2170032,הסרט שלא היה,1993,תיעודי,רם לוי,0,not_found,,,,,,,,,,,
280503,זהר (סרט),1993,דרמה,ערן ריקליס,10,infobox+section,,שאול מזרחי,דפנה דקל,ג'וליאנו מר,מנחם עיני,גבי עמרני,דן בן-ליאור,שמעון סיאני,כוכבה הררי,אמיתי יעיש בן אוזיליו,דאנה איבגי
2479127,חבר ואח,1993,דרמה,פרוספר מלכה,7,infobox+section,,אבי ביטר,משה כהן,סיגי דהאן,אבי בן,לימור בן זכאי,עדן אלוש שלו,ציון אמסלם,,,
1134876,כמו גדולים 2,1993,קומדיה,צבי שיסל,6,infobox+section,,מוני מושונוב,צבי שיסל,אריק איינשטיין,יוני רכטר,יהודית רביץ,טל גינת,,,,
1592112,מחפשת בעל על ארבע,1993,קומדיה,שמעון אזולאי,9,infobox+section,,יהודה בארקן,איילת קורץ,פולי רשף,רובי פורת-שובל,אילור הרפז,מוסקו אלקלעי,כוכבה הררי,יגאל עדיקא,אריה מוסקונה,
1579953,מנת יתר (סרט),1993,דרמה,שמואל אימברמן,10,infobox+section,,לימור גולדשטיין,עמוס לביא,ישי גולן,מירי פביאן,מיכאל ורשביאק,יואב צפיר,עדי טופול,איקה זוהר,עלית קרייז,אורי קלאוזנר
160162,נקמתו של איציק פינקלשטיין,1993,קומדיה,אנריקה רוטנברג,10,infobox+section,,משה איבגי,אסטבן גוטפריד,דבורה קידר,איילת זורר,שמיל בן ארי,עזרא כפרי,גילת אנקורי,שירי גולן,אורי ורדי,שלמה תרשיש
1285729,עגיל בזין,1993,תיעודי,,0,not_found,,,,,,,,,,,
2093317,קופסה שחורה (סרט),1993,דרמה,יעוד לבנון,10,infobox+section,,עמי טראוב,ברוריה אלבק,מתי סרי,תרמו,דף השיחה,אמנון מסקין,קרן מור,רנן שור,ראובן דיין,עירית גדרון
1802803,שלג באוגוסט,1993,דרמה,חגי לוי,10,infobox+section,,רמי הויברגר,אביגיל אריאלי,גלי בן-נר,סנדרה שדה,נסים זוהר,ריטה שוקרון,יוסי יבלונקה,הלל נאמן,שרון רג'יניאנו,יעקב בנאי
2134908,אחרי החגים (סרט),1994,,אמנון רובינשטיין,10,infobox+section,,גדליה בסר,מיכאלה עשת,חגית דסברג,יהודית סולה,מרים גבריאלי,צחי נוי,טובה פרדו,רוברטו פולק,גיליה שטרן,איצ'ו אביטל
1779071,איה: אוטוביוגרפיה דמיונית,1994,דרמה,מיכל בת-אדם,0,not_found,,,,,,,,,,,
2296503,אליעזר והגזר (סרט),1994,ילדים | הנפשה,נועם משולם,1,infobox,,דליק ווליניץ,,,,,,,,,
1317693,ארץ חדשה (סרט),1994,,אורנה בן דור,8,infobox,,אניה בוקשטיין,רמי דנון,אתי אנקרי,שולי רנד,אשר צרפתי,אמנון פישר,שרה פון שוורצה,גדליה בסר,,
2333455,בדרכה של אנה פרנק,1994,,ארנון גולדפינגר,0,not_found,,,,,,,,,,,
664608,"בית (סרט, 1994)",1994,תיעודי,דוד אופק,2,infobox,,שושה גורן,אריה אליאס,,,,,,,,
242296,האח של דריקס,1994,דרמה,אורי ענבר | דורון צברי,9,infobox+section,,טל פרידמן,דני שטג,עמוס לביא,יגאל עדיקא,שירילי דשא,אמנון דנקנר,נתן זהבי,שרון רג'יניאנו,צחי נוי,
1643368,הגמל המעופף (סרט),1994,קומדיה,רמי נעמן,10,infobox+section,,גדעון זינגר,סלים דאו,גילת אנקורי,לורנס בוברד,מוסקו אלקלעי,גבי עמרני,גדי רבינוביץ,יגאל עדיקא,משה טימור,שבתאי קונורטי
1987203,המרחק,1994,,דן וולמן,0,not_found,,,,,,,,,,,
942042,הקצ לדמעות,1994,וידאו ארט,הילה לולו לין,0,not_found,,,,,,,,,,,
747753,מקס ומוריס,1994,קומדיה,יעקב גולדווסר,10,infobox+section,,משה איבגי,אורי גבריאל,אריה מוסקונה,סלים דאו,דפנה רכטר,אורנה בנאי,מתי סרי,רענן חפץ,רמי עמית,צפריר קוחנובסקי
1657307,סיפור שמתחיל בלוויה של נחש,1994,,דינה צבי-ריקליס,10,infobox+section,,משה איבגי,ריטה שוקרון,לבנה פינקלשטיין,אפרת אביב,נסים סוסי,מאיה דה פריז,תומר אבן,יגאל עדיקא,גבי שושן,אבנר חזקיהו
2230137,"צלקת (סרט, 1994)",1994,דרמה,חיים בוזגלו,10,infobox+section,,רונית אלקבץ,רובין רנוצ'י,ששון גבאי,דליה שימקו,אלחנדרו כהן,אנדריאה פריאול,מוחמד בכרי,יעקב בן-סירא,ישראל דמידוב,יעל אלמוג
2213701,קפה עם לימון,1994,דרמה,לאוניד גורביץ',8,infobox+section,,אלכסנדר אבדולוב,טטיאנה ואסילייבה,גיא גורביץ,ברוריה אלבק,אבי פניני,אודיה קורן,צחי נוי,יפים אברמוב,,
189202,שחור (סרט),1994,דרמה,שמואל הספרי,10,infobox+section,,אורלי בן גרטי,רונית אלקבץ,גילה אלמגור,יעקב כהן,עמוס לביא,חנה אזולאי-הספרי,אסתי ירושלמי,אורי בנאי,אלברט אילוז,אמונה צבי
213397,שירת הסירנה (סרט),1994,קומדיה רומנטית,איתן פוקס,10,infobox+section,,דלית קהן,יאיר לפיד,אורלי זילברשץ,בועז גור-לביא,אורלי זילברשץ בנאי,מאיר סוויסה,אביטל דיקר,דודו בן זאב,רמי ברוך,אורי כבירי
577181,שמיכה חשמלית ושמה משה,1994,קומדיה שחורה,אסי דיין,3,infobox,,שמיל בן ארי,אורי קלאוזנר,רבקה נוימן,,,,,,,
181315,ב-72 לא הייתה מלחמה,1995,דרמה,דוד קריינר,10,infobox+section,,אווה חדד,נטלי עטיה,אדם אבולעפיה,שמואל אדלמן,"אי""ש חזן",שאול מיטלפונקט,איילת גבאי-יגודה,אלון עייש,מאיה דוניץ,יוסי סגל
390201,הכוכב הכחול (סרט),1995,,גור בנטביץ',1,infobox,,אלון אבוטבול,,,,,,,,,
607835,הרפתקאות שלומיאל,1995,מונפש,חנן קמינסקי,7,infobox,,טובה פלדשו,דב רייזר,אלברט כהן,אודליה מורה מטלון,יגאל שדה,שרה וינו-אלעד,נעמי פרומוביץ',,,
2088765,זכרון דברים (סרט),1995,דרמה,עמוס גיתאי,10,infobox+section,,אסי דיין,עמוס גיתאי,עמוס שוב,מיכל זוארץ,ליא קניג,גליה שפרינג,שמואל קלדרון,עזריה רפפורט,מנחם גולן,צבי שטולפר
189181,חולה אהבה בשיכון ג',1995,דרמה | דרמה קומית,שבי גביזון,3,infobox,,משה איבגי,חנה אזולאי-הספרי,אביגיל אריאלי,,,,,,,
1764968,ילדי קניון הזהב,1995,,דניאל אסף | אושרי הילזנרט,7,section,,סיגלית פוקס,צביקה שוורצברג,מיכל זוארץ,מיטל דוהן,דני שגב,צחי נוי,חן חגי,,,
2092757,לילה לבן (סרט),1995,דרמה,ארנון צדוק,10,infobox+section,,שלום שמואלוב,שרון אלכסנדר,ארנון צדוק,עידן אלתרמן,רענן חפץ,גילי בן אוזיליו,שמיל בן ארי,ששי סעד,לאורה ריבלין,אבי הררי
189267,לילסדה,1995,דרמה,שמי זרחין,10,infobox+section,,גילה אלמגור,מיקי קם,אריה מוסקונה,ענת וקסמן,אסתי זקהיים,שושנה דואר,איצ'ו אביטל,דנה ברגר,יוסף שילוח,אלון אבוטבול
1734892,עץ הדומים תפוס (סרט),1995,דרמה,אלי כהן,10,infobox+section,,קאיפו כהן,ג'וליאנו מר,ריקי בליך,אורלי פרל,אוהד קנולר,ז'ניה כצן,איה שטיפטל,גילה אלמגור,אלכס פלג,אורי אברהמי
2501669,קהילת קדושים,1995,,זאב רווח,0,not_found,,,,,,,,,,,
2169554,שחקנים (סרט),1995,דרמה,רוני ניניו,10,infobox+section,,רמי הויברגר,יעל הדר,אקי אבני,נבו קמחי,יואב הייט,יצחק חזקיה,איילה אשרוב,עדנה שביט,שמואל סגל,נורמן עיסא
1050356,אבא עושה בושות (סרט),1996,ילדים,רחל שיין ארגמן,7,infobox+section,,שמיל בן ארי,רמי ברוך,ברוריה אלבק,ציפי מור,קריין,גננת,אביגיל הררי,,,
2185579,אושר ללא גבול,1996,,יגאל בורשטיין,10,infobox+section,,אריאל זילבר,יעל אלמוג,נעם מאירי,יגאל עדיקא,ליאת גורן,דני שטג,שירה פרבר,יאיר רובין,עפרה וינגרטן,אלון נוימן
396747,בוכה בגשם,1996,מוזיקלי,ימין מסיקה,9,infobox+section,,אבי ביטר,ירמי קדושי,אתי בוחבוט,בבר יוקו,דני חדד,חופית גולן,אבי סויסה,ליאת בנאי,ליאור נרקיס,
188091,בית שאן: סרט מלחמה,1996,תיעודי | דרמה,רינו צרור | דורון צברי,3,infobox,,אלישע לוי,מאיר כהן,משה חזן,,,,,,,
1660331,האיטלקים באים,1996,דרמה,אייל חלפון,10,infobox+section,,אשר צרפתי,יונה אליאן,פרנקו נרו,גור יערי,מירי פביאן,אברהם מור,אברהם סלקטר,שרון רג'יניאנו,מרים גבריאלי,אביתר לזר
211984,זולגות הדמעות מעצמן,1996,דרמה,איתן גרין,9,infobox+section,,אבי גרייניק,אריה מוסקונה,מיטל טרבלסי,יעל שטרן,עמי סמולרצ'יק,יעל נביא,יהודה לוי,גדי פור,דני רוט,
477436,לנגד עיניים מערביות,1996,דרמה,יוסף פיצ'חדזה,4,infobox,,אייל שכטר,לי את גליק,גדעון שמר,עזרא כפרי,,,,,,
2438804,מי האבא?,1996,קומדיה,אלי קנר,10,infobox+section,,דובי גל,ניצה שאול,אורי בנאי,מריה אובנוב,מירי בן-חיים,ג'וליאן שגרן,רולנדה שגרן,שפרה מילשטיין,אורי שמיר,מרים נבו
2271616,מלכה לב אדום,1996,,אתגר קרת | רן טל,10,infobox+section,,שי אביבי,דנה מודן,גל זייד,משה פרסטר,גיל קופטש,גבי שושן,יוסף אל-דרור,בועז רימר,נח שלו שלומוביץ,שירה גפן
272850,משחק חייו,1996,דרמה,יקי יושע,2,infobox,,עמוס לביא,אירינה סלזניובה,,,,,,,,
1933592,"סקס, שקרים וארוחת ערב",1996,דרמה,דן וולמן,5,infobox+section,,רמה מסינגר,מיכאלה עשת,עדי ניצן,דני שטג,מיכאל שרפשטיין,,,,,
418041,צעירים לנצח,1996,דרמה,מיקי בהגן,4,infobox,,סער בדישי,אורי גבריאל,רון עומר,מיכל זוארץ,,,,,,
1785829,קיצור תולדות האוהבים,1996,דרמה,יצחק צפל ישורון,7,infobox+section,,שמואל קלדרון,נתן סגן כהן,נטע מורן,אביבה גר,יבגניה דודינה,יולי בארי,דביר בנדק,,,
186261,קלרה הקדושה,1996,דרמת נעורים | פנטזיה,אורי סיון | ארי פולמן,10,infobox+section,,לוסי דובינצ'יק,קלרה צ'אנוב,אדי טיקל,רוזי,ליבי,המנהל טיסונה,המורה מוניץ,אמא של קלרה,אבא של קלרה,אלביס חנוב
272860,קשר דם (סרט),1996,,יקי יושע,4,infobox+section,,עמוס לביא,יעל הדר,אביטל דיקר,לואיס רוזנברג,,,,,,
272847,שאכטה (סרט),1996,דרמה,יקי יושע,2,infobox,,יעל הדר,עמוס לביא,,,,,,,,
501216,תאונה בערבה,1996,תיעודי,מיקי בהגן,0,not_found,,,,,,,,,,,
761132,אהבה אסורה,1997,דרמה,יוסי זומר,10,infobox+section,,יחזקאל לזרוב,איילת זורר,משה איבגי,יגאל נאור,אורנה פורת,אלון דהן,אלברט אילוז,גילי שושן,יובל זמיר,שבתאי קונורטי
1668864,אין שמות על הדלתות,1997,דרמה,נדב לויתן,10,infobox+section,,מוסקו אלקלעי,דורית לב ארי,חוה אלברשטיין,דני בסן,מאיר סויסה,אבי פניני,שלמה תרשיש,נדב לויתן,אסי דיין,מיכה סלקטר
2086850,בן-גוריון (סרט),1997,דרמה | רומנטי,גיל לבנברג,10,infobox+section,,אליעד נחום,רמי פורטיס,רונית אלקבץ,ישראל גוריון,נירה רבינוביץ',אסי דיין,סמדר קילצ'ינסקי,טינקרבל,מוחמד בכרי,ריטה שוקרון
201355,בעל בעל לב,1997,רומנטי,איתן פוקס,4,infobox+section,,סמי הורי,צק ברקמן,אסנת חכים,אורי אומנותי,,,,,,
2177192,דומינו (סרט),1997,,אורי סיון,3,section,,שרית לארי,יאיר לוטן,רוזינה קמבוס,,,,,,,
2076298,הבחור של שולי,1997,,דורון צברי,10,section,,אסתי ירושלמי,דני שטג,מרלן בג'אלי,איציק כהן,אורלי בן גרטי,דורון אברהמי,אריה אליאס,אורי גבריאל,תקווה עזיז,אורלי קטן
1084019,המקלחת,1997,,חורחה גורביץ',2,infobox,,יוסי ידין,מוני מושונוב,,,,,,,,
1651524,ז'נטילה,1997,דרמה,אגור שיף,9,infobox+section,,ניר לוי,אלון אבוטבול,יבגניה דודינה,אבשלום פולק,מירי פביאן,יגאל עדיקא,חיים שריר,רענן חפץ,יפתח קצור,
2081139,מינוטאור (סרט),1997,,יונתן תמוז,10,infobox+section,,דן תורג'מן,מילי אביטל,ג'וש לוקאס,מייק בורשטיין,ענת עצמון,אשר צרפתי,גדי דורפמן,קרול מרקוביץ',ג'ורג' קוראפייס,קונסטנטין אנטול
214504,מר באום,1997,דרמה קומית,אסי דיין,10,infobox+section,,אסי דיין,שירה גפן,תומר שרון,גיל אלון,עידן אלתרמן,דבי בסרגליק,שירלי ברנר,יוסף כרמון,רבקה נוימן,קארין אופיר
2239902,נקמה יהודית,1997,,אלכסנדר שבתייב,10,infobox+section,,לאוניד קנייבסקי,לירון לבו,לבנה פינקלשטיין,אושיק לוי,נטליה שוורץ,נחום שליט,אדי מוכתר,ווסולוד גברילוב,ולנטינה בויקו,ולדימיר נדסקובסקי
2227242,סוף המשחק (סרט),1997,פשע,יוני דרמון,10,infobox+section,,משה איבגי,סער בדישי,משה אבגי,חיים אלמקיס,אורון אבידן,גילי נגר,אייל גפן,אילור הרפז,דני שטג,יבגניה דודינה
186250,עפולה אקספרס,1997,דרמה קומית,ג'ולי שלז,10,infobox+section,,צביקה הדר,אסתי זקהיים,אריה מוסקונה,אורלי פרל,נתן זהבי,אוולין קפלון,דין ליאור,ציפור אייזן,עמית ליאור,פיני קידרון
582346,פתיחה 1812 (סרט),1997,דרמה | קומדיה טלוויזיונית,מנשה נוי,3,infobox,,עמי סמולרצ'יק,אורי גוטליב,תומר שרון,,,,,,,
272903,שבזי (סרט),1997,דרמה,יקי יושע,4,infobox,,עמוס לביא,מיכל זוארץ,נתן זהבי,אייל גפן,,,,,,
1975046,"אהבה ממבט שני (סרט, 1998)",1998,דרמה,מיכל בת-אדם,10,section,,מיכל זוארץ,יוסי ידין,אלון אבוטבול,נתן כוגן,יגאל שדה,דבורה ברטונוב,סמי הורי,רות גלר,דוידה קרול,חיים בנאי
280515,באזז,1998,דרמה,אלי כהן,5,infobox,,טוני טין,איציק עצמון,שרון צור,אהובה קרן,יובל סגל,,,,,
382929,בגין (סרט),1998,ביוגרפי,אורי ענבר,1,infobox,,משה איבגי,,,,,,,,,
2172619,חתולות הרעם,1998,,עירית לינור,10,infobox+section,,אורלי זילברשץ,שלום אסייג,רותם אבוהב,דפנה ארמוני,חלי גולדנברג,אורי בנאי,ישראל דמידוב,דורון צברי,אייל רוזלס,עמית געש
2225827,יום יום (סרט),1998,דרמה,עמוס גיתאי,10,infobox+section,,משה איבגי,ג'וליאנו מר,יוסף אבו ורדה,חנה מרון,נטלי עטיה,קרן מור,דלית קהן,שמואל קלדרון,גסאן עבאס,אן פטי לגראנז'
1764070,כרוניקה של אהבה,1998,דרמה,ציפי טרופה,6,section,,סמדר קילצ'ינסקי,שרון אלכסנדר,סי היימן,טניה סובול,איצ'ו אביטל,אמנון וולף,,,,
1736260,מסוכנת,1998,מותחן,שמי זרחין,10,infobox+section,,גילה אלמגור,משה איבגי,נתן דטנר,יובל זמיר,עמוס לביא,שרית וינו אלעד,דרור קרן,תמרה דיין,אלישבע מיכאלי,דודו טופז
1766944,סודות משפחה,1998,נעורים,ניצה גונן,10,infobox+section,,מיכאל הנגבי,רומי אבולעפיה,אלי כהן,גליה סודרי,עדי טרר,אביבה יואל,אלכס פלג,רוזינה קמבוס,נתן כוגן,צחי נוי
172981,סוסי ים (סרט),1998,,ניר ברגמן,1,infobox,,מאיה מרון,,,,,,,,,
25629,סופר בוי,1998,קומדיה,חנוך רוזן,10,infobox+section,,תום אבני,מיטל סגל,עודד תאומי,אשר צרפתי,אלון דהן,ערן שדר,צופית גרנט,נתן סגן כהן,זוהר זמיר,אבי יפה
182149,פעמיים בוסקילה,1998,קומדיה,זאב רווח,9,infobox+section,,זאב רווח,נתן רביץ,אירינה סלזניובה,גאולה נוני,מירי בוהדנה,מוניקה ורדימון,פאבל ציטרינאל,גרגורי טל,חני פרי,
2016136,צדק מוחלט,1998,דרמה | פשע,ארנון צדוק,6,infobox,,ארנון צדוק,שמיל בן ארי,עפרה חזה,נטע מורן,אלי דנקר,אורי גוטליב,,,,
185752,קרקס פלשתינה,1998,דרמה,אייל חלפון,7,infobox+section,,יבגניה דודינה,יורם חטב,עמוס לביא,בסאם זועמוט,ולדימיר פרידמן,רינן חיים,דרור גבע,,,
1758092,קשר עיר,1998,דרמה,יהונתן סגל,5,infobox+section,,שרון אלכסנדר,דפנה רכטר,יהונתן סגל,אסי לוי,תחיה דנון,,,,,
2128530,גופה בחולות,1999,,ריקי שלח,6,infobox+section,,ששי סעד,ישראל פוליאקוב,אברהם סלקטר,עזרא דגן,שמואל אדלמן,רחל דיין,,,,
995022,הגרעין הקשה,1999,,ענר פרמינגר,6,infobox,,מיכה סלקטר,שרון מלכי-שמש,אורנה כץ,אייל נחמיאס,אירית סוקי,יגאל זקס,,,,
182447,החברים של יאנה,1999,קומדיה רומנטית,אריק קפלון,10,infobox+section,,אוולין קפלון,ניר לוי,שמיל בן ארי,מוסקו אלקלעי,דליה פרידלנד,ולדימיר פרידמן,ישראל דמידוב,דינה דורון,לנה סחנובה,ג'ניה פישר
1980711,המכתב שהגיע בזמן,1999,,מיכל קופר-קרן,10,section,,איילת זורר,שרית לארי,רוזינה קמבוס,עליזה רוזן,רפי תבור,דורי בן זאב,אריאל פורמן,אורנה רוטברג,שרון צור,דבורה בורנשטיין
188033,הספציאליסט,1999,תיעודי,אייל סיון,1,infobox,,אדולף אייכמן,,,,,,,,,
2245143,כאילו כלום לא קרה,1999,,איילת ברגור,7,infobox+section,,אסי דיין,רבקה נוימן,סיון שביט,גיא לואל,טל קפיטולניק,דני שטג,חנה דרורי קשי,,,
64622,מבצע סבתא,1999,,דרור שאול,10,infobox+section,,רמי הויברגר,עמי סמולרצ'יק,צח שפיצן,עינת ויצמן,רוזינה קמבוס,הוגו ירדן,דניאל מילר,פבלו זלצמן,דוידה קרול,אייל רוזלס
2291495,"פרא (סרט, 1999)",1999,,יורם גל,10,infobox+section,,עומר ברנע,דור פלס,לני שחף,בהט קלצ'י,גבי שושן,אייל רוזלס,גילה גולדשטיין,עדי עזרוני,נתן כוגן,ארז גוטליב
189678,צומת וולקן (סרט),1999,דרמה | מוזיקלי,ערן ריקליס,10,infobox+section,,אורן שבו,דני שטג,תומר שרון,גילי שושן,סמי הורי,יעל הדר,יהודה בארקן,קובי אשרת,ג'ק אדליסט,מאירי ישראל מוג'בר
607688,צור הדסים,1999,קומדיה,גדעון קולירין,4,infobox,,אורלי בן גרטי,דני שטג,דפנה רכטר,אלברט אילוז,,,,,,
1985575,קדוש (סרט),1999,דרמה,עמוס גיתאי,8,infobox,,יעל אבקסיס,ליא קניג,סמי הורי,רבקה מיכאלי,יורם חטב,יוסף אבו ורד,אורי קלאוזנר,שמואל קלדרון,,
2480407,שחרר את הנסיכה,1999,,אורון אדר,9,section,,לי את גליק,אילן גנני,מעיין קרת,מאור כהן,דורי נאומנקו,אריה צ'רנר,שמעון מימרן,דרור טפליצקי,שרגא הרפז,
2130465,שלום לבן דודי (סרט),1999,,שרון עמרני,6,infobox+section,,עידו מוסרי,אלון אבוטבול,ראובן דיין,אסתר כהן,אסתי ירושלמי,דורון אברהמי,,,,
2490249,תסתכל לי בעיניים,1999,דרמה,ארנון צדוק | דורון ערן,10,infobox+section,,ארנון צדוק,טל ליפשיץ,אמנון פישר,יהודה בארקן,ניצה שאול,הילה ערן,רבקה גור,מירב דמארי,חנן גולדבלט,אסתי קוסוביצקי
1987208,אחות זרה,2000,,דן וולמן,0,not_found,,,,,,,,,,,
2148754,אספלט צהוב,2000,,דני ורטה,10,infobox+section,,מוטי כץ,סמי סמיר,אנ',ראידה אדון,משה איבגי,זאב רז,טטיאנה בלאכר,עאבד זועבי,יורם יוספסברג,חגית קלר
1781481,אשת כהן (סרט),2000,דרמה,נאוה (נוסן) חפץ,1,infobox,,אמונה צבי,,,,,,,,,
2045519,בסמה מוצ'ו (סרט),2000,פשע,יוסף פיצ'חדזה,10,infobox+section,,מוני מושונוב,כרמל בתו,ליילה מלקוס,עזרא כפרי,שירה פרבר,אייל שכטר,מנשה נוי,גילי שושן,אלי דנקר,איילה ורטה
1666208,הבולשת חוקרת,2000,דרמה,מרק רוזנבאום,10,infobox+section,,אקי אבני,משה איבגי,אסנת פישמן,אסי לוי,דוד דנינו (שחקן),אייל רוזלס,שרון זליקובסקי,איציק ג'ולי,מרק רוזנבאום,ינקול גולדווסר
175928,ההסדר,2000,דרמה,יוסף סידר,10,infobox+section,,אקי אבני,טינקרבל,אסי דיין,עידן אלתרמן,אמנון וולף,מיכה סלקטר,שמעון מימרן,אורי קלאוזנר,שמואל קלדרון,יגאל נאור
1135085,התור באיבן שדאד 2,2000,תיעודי,אמיר הר-גיל,0,not_found,,,,,,,,,,,
103247,כיפור (סרט),2000,דרמה,עמוס גיתאי,10,infobox+section,,לירון לבו,תומר רוסו,אורי רן קלאוזנר,יורם חטב,גיא עמיר,ג'וליאנו מר,רן קאושינסקי,קובי ליבנה,ליאת גליק,פיני מיטלמן
185383,משהו טוטאלי,2000,הרפתקאות,גור בנטביץ',5,infobox+section,,טינקרבל,מאור כהן,זוהר דינר,גור בנטביץ',שירה גפן,,,,,
1528906,פצצות בדרך לסוף העולם,2000,תיעודי,ישרי (ישראל) הלפרן,0,not_found,,,,,,,,,,,
857539,רשימת אהבה,2000,תיעודי,דוד פישר,0,not_found,,,,,,,,,,,
855729,Made in Israel,2001,דרמה | קומדיה,ארי פולמן,9,infobox+section,,מנשה נוי,יבגניה דודינה,ששון גבאי,דרור קרן,איגור מיקרובנוב,אנ',צחי גראד,אפרת בן צור,רני בלייר,
2120747,אינג'יל,2001,,ארנון צדוק,10,infobox+section,,יונתן צ'רצ'י,מיכאל הנגבי,עומר ברנע,דני ליטני,אסי הנגבי,אושרי כהן,אלי דנקר,חיים אלמקיס,ראובן דיין,מיקי גבע
2076311,אני פורים (סרט),2001,,אסף ברנשטיין,9,section,,תרמו,דף השיחה,דרור קרן,שמיל בן ארי,שי פרדו,גיא עמיר,שירלי ברנר,ולדימיר פרידמן,מהרטה ברוך,
1591251,אסקימו לימון: החגיגה נמשכת,2001,קומדיה,צבי שיסל,10,section,,ניקי גולדשטיין,עידו לב,אלעד סטפנסקי,צחי נוי,הגר תפוחי,מירי בוהדנה,דדי זהר,שני אלוני,אורית פוקס,נירה גל
212710,ג'ירפות (סרט),2001,דרמה,צחי גראד,10,infobox+section,,טינקרבל,מיטל דוהן,לי את גליק,מיכה סלקטר,גל זייד,אלישבע מיכאלי,מודי בר-און,ירון מוטולה,יעל נבי,שרון מלכי
2073170,הטיול הפנימי,2001,תיעודי,רענן אלכסנדרוביץ',0,not_found,,,,,,,,,,,
2181616,חמש דקות בהליכה,2001,,איתי לב,10,infobox+section,,שרון אלכסנדר,טל ליפשיץ,אלון אבוטבול,דביר בנדק,עמי ויינברג,אייל רוזלס,גבריאל הדר,ישראל קסלר,רינן חיים,זבולון מושיאשווילי
180932,חתונה מאוחרת,2001,רומנטי | דרמה | דרמה קומית,דובר קוסאשווילי,10,infobox+section,,ליאור אשכנזי,רונית אלקבץ,מוני מושונוב,לילי קוסאשווילי,איה קורן,רוזינה קמבוס,מיכאל מושונוב,דינה דורון,ליביה חכמון,רבקה גור
439980,יהלומים וחלודה,2001,תיעודי,עדי ברש | רותי שץ,0,not_found,,,,,,,,,,,
185677,כיכר החלומות,2001,דרמה,בני תורתי,10,infobox+section,,נירו לוי,שרון רג'יניאנו,יונה אליאן,אורי גבריאל,יוסף שילוח,מוחמד בכרי,איילת זורר,אורי קלאוזנר,תמרה דיין,יעקב רונן מורד
554877,מרס תורכי (סרט),2001,,עודד דוידוף,10,infobox+section,,יעל הדר,אלון אבוטבול,גל זייד,דלית קהן,תומר שרון,פולי רשף,שמואל קלדרון,צחי גראד,אופירה רחמים,דביר בנדק
1764973,שישה מיליון רסיסים,2001,,ציפי טרופה,9,infobox+section,,סנדרה שדה,נתי רביץ,ענת לירי,ישי גולן,ליה קניג,דנה פרנס,מוסקו אלקלעי,חני פירסטנברג,יון תומרקין,
2174422,שרמן בחורף (סרט),2001,פשע,אורי ענבר,10,infobox+section,,נתן דטנר,צק ברקמן,אלון אבוטבול,ליאת גורן,מריה אובנוב,כרמל בתו,אלון דהן,שלמה וישינסקי,אבי פניני,ז'יל בן דוד
2024493,תומר והשרוטים,2001,תעודה,תומר הימן,0,not_found,,,,,,,,,,,
1744488,אח שלי הגדול,2002,דרמה,עופר ויצמן,6,infobox+section,,טל מוסרי,עופר סקר,שמעון כהן,יעל פרל בקר,מרים בנאי,נטע וינר,,,,
2238759,בחודש התשיעי,2002,דרמה,עלי נאסר,9,infobox+section,,אשרף ברהום,נסרין פאעור,ג'וליאנו מר,ראידה אדון,סלווה נקארה,ויסאם נאסר,בסאם זועמוט,עדנאן טראבשה,עמוס לביא,
127895,"בית""ר פרובנס",2002,דרמה,אורי ענבר,10,infobox+section,,זאב רווח,איתי תורג'מן,דוד (דייב) בנבניסטי,אלי אלטוניו,ג'יזל סילבר,משה פולקנפליק,ולדימיר פרידמן,דאנה איבגי,רפי תבור,מוטי חביב
2438386,הערב: הניצול,2002,,גבריאל ביבליוביץ,10,infobox+section,,קיריל ספונוב,דורי טפר,ימית סול,יוסף פיצ'חדזה,אלכס אנסקי,ישראל ברייט,אגנישקה ואגנר,איילה ורטה,סלומון שריקי,כוכבי בת ציון
272967,הר האושר (סרט),2002,תיעודי,יקי יושע,0,not_found,,,,,,,,,,,
1228510,הריקוד האחרון,2002,תיעודי,יוסי אשדות,2,infobox,,שלמה בר,סמסון קהמקר,,,,,,,,
213506,השיבה מהודו (סרט),2002,דרמה,מנחם גולן,6,infobox+section,,אקי אבני,ריקי גל,אסי דיין,אורלי פרל,דנה פרנס,יהודה אפרוני,,,,
709529,השכן של ישו,2002,תיעודי | ביוגרפי,דוקי דרור,1,infobox,,ג'והר אבו לאשין,,,,,,,,,
248941,התיקון,2002,תיעודי,טליה פינקל,0,not_found,,,,,,,,,,,
130169,חוכמת הבייגלה (סרט),2002,קומדיה,אילן הייטנר,10,section,,גיא לואל,אסנת חכים,בני אבני,יורם זקס,שי ורקר,מיטל טימסיט,מוריאל גיט-גולדשטיין,עלמה זק,אורית שר,ניר לוי
1643904,חצוצרה בואדי (סרט),2002,דרמה,לינה | וסלבה צ'פלין,10,infobox+section,,אלכסנדר סנדרוביץ',ראידה אדון,חאולה חאג' דיבסי,סלווה נקארה,יצחק נאמן,עימד ג'ברין,אליאס עבוד,אדיב ג'האשן,פירה קנטור,ולדימיר פורטנוב
2445220,טאהרה (סרט),2002,,דורון ערן,6,infobox,,ג'וליאנו מר,מיטל דוהן,אורלי פרל,עמוס לביא,רזיה ישראלי,סמי סמיר,,,,
25789,יוסי וג'אגר,2002,"דרמה | מלחמה | רומנטי | להט""בי",איתן פוקס,10,infobox+section,,יהודה לוי,אוהד קנולר,אסי כהן,שרון רג'יניאנו,איה קורן,חני פירסטנברג,יובל סמו,חנן סביון,יניב מויאל,ארז כהנא
25788,כנפיים שבורות,2002,דרמה,ניר ברגמן,8,infobox+section,,מאיה מרון,אורלי זילברשץ בנאי,ניתאי גבירץ,ולדימיר פרידמן,דאנה איבגי,דני ניב (מוקי),דניאל מגון,אליענה מגון,,
639088,לילדים שלי,2002,תיעודי,מיכל אביעד,0,not_found,,,,,,,,,,,
913486,פיתוי (סרט),2002,מתח,ערן ריקליס,5,infobox,,דפנה רכטר,שרון אלכסנדר,אורנה פיטוסי,גיא מרוז,אורי הוכמן,,,,,
622899,קדמה (סרט),2002,דרמה,עמוס גיתאי,9,infobox,,מוני מושונוב,ג'וליאנו מר,הלנה ירלובה,אנדריי קשקר,סנדי בר,תומר רוסו,מנחם לאנג,יוסוף אבו ורדה,לירון לבו,
2388009,שמוליקיפוד (סרט),2002,ילדים | הנפשה,דודו שליטא,2,infobox+section,,שמחה ברבירו,בן יוסיפוביץ',,,,,,,,
2130111,שתי דקות מפארדיס,2002,,דני סירקין,10,infobox+section,,אפרת בוימוולד,הישאם סלימאן,נולי עומר,שמואל וילוז'ני,אורי אומנותי,אפרת אביב,לופו ברקוביץ,סאמיה קזמוז,אדיב ג'השאן,סונה זועבי
1652166,תמונה קבוצתית עם אישה,2002,דרמה,יצחק רובין,8,infobox+section,,מיכל ינאי,ח'ליפה נאטור,רוזינה קמבוס,אלכס מונטה,שרון אלכסנדר,לופו ברקוביץ',בתיה ברק,טרייסי אברמוביץ',,
2181848,איים בחוף,2003,,יעוד לבנון,10,infobox+section,,נבו קמחי,ראידה אדון,אילן תורן,דוידה קרול,חנה לסלאו,אלון לשם (בלומנשטיין),רוני בוקסבאום,סביטרי סלנט,דורית סעדיה,דיראר סלימן
1159529,איש החשמל,2003,דרמה,אלי כהן,10,infobox+section,,מנשה נוי,איילת זורר,ליאור אשכנזי,מארק איווניר,ארז שפריר,לאוניד קנייבסקי,ולדימיר פרידמן,נטשה מנור,דן מנור,איגור מירקורבנוב
2273040,באמצע הסרט,2003,,אבי כהן,10,infobox+section,,יואב בר לב,אייל שכטר,איתן לונדנר,יעלה רם,אורי הוכמן,ערן איוניר,אילן דר,שולמית אדר,יעל לבנטל,אורית שר
439983,גן (סרט),2003,תיעודי,עדי ברש | רותי שץ,0,not_found,,,,,,,,,,,
157169,האסונות של נינה,2003,דרמה,שבי גביזון,10,infobox+section,,איילת זורר,אלון אבוטבול,אביב אלקבץ,יורם חטב,שמיל בן ארי,דב נבון,ענת וקסמן,גילי שושן,יבגניה דודינה,אסנת פישמן
1987533,הביוגרפיה של בן,2003,קומדיה,דן וולמן,4,infobox+section,,שרון אלכסנדר,גל זייד,גני תמיר,אביגיל אריאלי,,,,,,
2172498,הדמעות של אמסלם,2003,,אורן שטרן,10,infobox+section,,משה איבגי,קרן קוך,ראובן דיין,משה פולקנפליק,אורלי קטן,אוולין הגואל,דרור זיו,שמואל אדלמן,רבקה גור,איציק קונפינו
983956,הדרך לג'נין,2003,תיעודי,פייר רחוב,0,not_found,,,,,,,,,,,
186365,ההרוג ה-17,2003,תיעודי,דוד אופק,0,not_found,,,,,,,,,,,
272979,החשוד העיקרי (סרט תיעודי),2003,תיעודי,יקי יושע,0,not_found,,,,,,,,,,,
684766,היה או לא היה,2003,דרמה,לינה צ'פלין | סלבה צ'פלין,5,infobox+section,,צק ברקמן,יבגניה דודינה,גל זייד,ולדימיר פרידמן,נדיה קוצ'ר,,,,,
373193,הילדים של ארנה,2003,תיעודי,ג'וליאנו מר,0,not_found,,,,,,,,,,,
130162,הכוכבים של שלומי,2003,דרמה קומית,שמי זרחין,10,infobox+section,,אושרי כהן,אריה אליאס,אסתי זקהיים,איה קורן,יגאל נאור,הילה סורג'ון פישר,רותם אבוהב,אלברט אילוז,ניסו כאביה,יונתן רוזן
255545,הללויה (סרט),2003,,דני סירקין,10,infobox+section,,ציון ברוך,טל פרידמן,סופי קפלן,משה פולקנפליק,אפרת אביב,אדיב ג'השאן,אורי גוטליב,מוטי גלעדי,הראל נוף,איתי גנות
421101,המנגליסטים,2003,דרמה,יוסי מדמוני | דוד אופק,8,infobox+section,,ויקטור עידה,דאנה איבגי,גילי סער,יגאל עדיקא,ישראל ברייט,ריימונד אבקסיס,מכרם ח'ורי,עלי סלימאן,,
1975050,חיים זה חיים,2003,דרמה,מיכל בת-אדם,9,section,,משה איבגי,יעל אבקסיס,חני נחמיאס,רבקה רז,ריטה שוקרון,יגאל שדה,רבקה גור,מיקי לאון,רבקה מיכאלי,
1664852,חלומו של הנרי,2003,דרמה,איתן גרין,10,infobox+section,,מנשה נוי,יונתן השילוני,הלנה ירלובה,תהל רן,תמר לוי אלדר,דינה דורון,מוטי כץ,שלמה וישינסקי,אברהם מור,אסי דיין
1697659,לא בת 17,2003,דרמה,יצחק צפל ישורון,10,infobox+section,,שמואל שילה,דינה דורון,דליה שימקו,עידית צור,מאיה מרון,רוני בוקסבאום,יהודה אפרוני,רות פרחי,דודיק סמדר,יהודה פוקס
2182913,להיות כוכב,2003,,ארנון צדוק,10,infobox+section,,ארנון צדוק,אלונה טל,איריס ברנע,חיים אלמקיס,ז'יל בן דוד,אושרי כהן,שיר אידלסון,שלום שמואלוב,רבקה בכר,גבי עמרני
2074371,מחסומים,2003,תעודי,יואב שמיר,0,not_found,,,,,,,,,,,
140840,מיס אנטבה,2003,דרמה,עמרי לוי,6,infobox+section,,מירב אברהמי,מירב גרובר,יעל אבקסיס,אלון אולארצ'יק,יגאל נאור,איתמר גלוקסמן,,,,
898209,מלחמה אחרת,2003,,נדב גל,4,infobox+section,,שמעון אמין,הלל קפון,אוולין הגואל,ביאטריס הל-ריץ,,,,,,
1767982,מסיבה ביער עם סבא טוביה,2003,לילדים | קומדיה | מוזיקלי,עופר שפריר,1,infobox,,טוביה צפיר,,,,,,,,,
64993,מסעות ג'יימס בארץ הקודש,2003,דרמה,רענן אלכסנדרוביץ',10,infobox+section,,אריה אליאס,סיאבוננגה מלונגיסי שיבה,סלים דאו,סיאבונגה מלונגיסי שיבה,סנדרה שונוולד,פלורנס בלוך,יעקב רונן מורד,יעל לבנטל,גרגורי טל,יו מסנזה
213225,מתנה משמיים (2003),2003,קומדיה | דרמה,דובר קוסאשווילי,10,infobox+section,,יובל סגל,רמי הויברגר,מוני מושונוב,ליאור אשכנזי,דובר קוסאשווילי,רונית יודקביץ',מנשה נוי,בקי גריפין,אורית שר,יעל פרל בקר
188120,סימה וקנין מכשפה,2003,קומדיה,דרור שאול,10,infobox+section,,תיקי דיין,ליאור אשכנזי,עמי סמולרצ'יק,איציק כהן,שרון אלימלך,רותם אבוהב,תום גל,ישראל דמידוב,גאולה נוני,רות פרחי
765683,סיפורי בית קפה,2003,דרמה,עמית ליאור,5,infobox,,משה איבגי,אלישבע מיכאלי,שרון רג'יניאנו,צחי גראד,אריה מוסקונה,,,,,
174134,עונג שבת (סרט),2003,,מיכל ברזיס | עודד בן נון,9,infobox+section,,טלי שרון,אביבה גר,יעל יעקובוף,נעמה יעקובוף,נס בר נחום,יהודה ליזרוביץ,אולי לאור,נגה הלפרין,ינאי גירון,
1737072,עלילה (סרט),2003,דרמה | קומדיה | מבוסס יצירה ספרותית,עמוס גיתאי,9,infobox+section,,יעל אבקסיס,חנה לסלאו,אורי קלאוזנר,רונית אלקבץ,עמוס לביא,לירון לבו,יוסף כרמון,תומר רוסו,דלית קהן,
1410456,פגישה עיוורת (סרט),2003,קומדיה,חיים בוזגלו,2,infobox,,ירון פינק,שירז טל,,,,,,,,
400192,צעד קטן,2003,דרמה,שחר סגל,5,infobox,,ברק גרינברג,אדם הירש,אבי נשר,לימור גולדשטיין,חלי גולדנברג,,,,,
1610892,רצח ללא מניע,2003,,נילי טל,0,not_found,,,,,,,,,,,
223458,שתיקת הצופרים,2003,,אורי ענבר,10,infobox+section,,יורם חטב,אסי דיין,נתן דטנר,גיל פרנק,"אזרח עובד צה""ל",סימן טוב בנימין,זיזי (זוסיה) קניאזר,אביעזר יערי,אלוף,אלי זעירא
2130995,אבנים (סרט),2004,דרמה,רפאל נג'ארי,10,infobox+section,,אסי לוי,אורי גבריאל,דני שטג,פלורנס בלוך,שאול מזרחי,גבי עמרני,מתנאל זיו,גרא סנדלר,אלי אלטוניו,יצחק חזקיה
2161564,אהבה קולומביאנית,2004,קומדיה,שי כנות,10,infobox+section,,אסי כהן,מילי אביטל,ניר לוי,איתי ברנע,עינת ויצמן,לירית בלבן,פירה קנטר,שמואל אדלמן,שמיל בן ארי,עירית שילה
183260,אור (סרט),2004,דרמה,קרן ידעיה,4,infobox+section,,דאנה איבגי,רונית אלקבץ,מישר כהן,שמואל אדלמן,,,,,,
892606,את שאהבה נפשי (סרט),2004,"תיעודי | להט""בי",אילאיל אלכסנדר,0,not_found,,,,,,,,,,,
1434203,בזמן אמת,2004,סדרת דרמה,אורי ענבר,8,infobox,,מירב גרובר,אבי פניני,אייל גפן,יוסף אבו ורדה,גולן אזולאי,מתן וילנאי,איתי תורג'מן,רונן ברגמן,,
2187470,בלאק ג'ק (סרט),2004,,אריק לובצקי | מתי הררי,10,infobox+section,,גדי סבן,אוראל טימסית,אורי גבריאל,חיים זנאתי,גבי דן,כרמל חיר,רונית ויגלר,הרצל חבקוק,גלי שקדי כהן,ג'וליה מסלאווי
100232,האושפיזין,2004,דרמה קומית,גידי דר,7,infobox+section,,שולי רנד,שאול מזרחי,אברהם אבוטבול,מיכל בת-שבע רנד,אילן גנני,יהונתן דנינו,דניאל דיין,,,
730099,הארץ המובטחת (סרט),2004,דרמה,עמוס גיתאי,7,infobox,,רוזמונד פייק,חנה שיגולה,אן פריו,דיאנה בספצ'ני,קריסטינה ליכניצקי,יוסף אבו ורדה,עמוס לביא,,,
213175,הבשורה על פי אלוהים,2004,דרמה,אסי דיין,10,infobox+section,,אסי דיין,גיל קופטש,צופית גרנט,יהודה אפרוני,טינקרבל,גילה אלמגור,גולן אזולאי,אייל גפן,יוני להב,דנה פרנס
189951,הכח לשחות,2004,תיעודי | ספורט,ירון זילברמן,8,infobox,,יהודית הספל,טרודי הירשלר,אנני למפל,האני לוקס,אן מרי פיסקר,ננה סלינגר,גרטה ורטהיימר,אלישבע זוז,,
1140548,הכישרון לחיות,2004,תיעודי,אמיר הר-גיל,0,not_found,,,,,,,,,,,
140481,הכלה הסורית,2004,דרמה | קומדיה,ערן ריקליס,10,infobox+section,,היאם עבאס,רוברט הניג,אליה דהן,ג'מיל ח'ורי,עלי סלימאן,נורמאן עיסא,מלאני פרס,מכרם ח'ורי,אורי גבריאל,קלרה ח'ורי
339432,ולקחת לך אישה,2004,דרמה,רונית אלקבץ | שלומי אלקבץ,6,infobox+section,,רונית אלקבץ,סימון אבקריין,ז'ילבר מלכי,סוליקה קדוש,דליה בגר,קובי רגב,,,,
191552,זהב לבן עבודה שחורה,2004,תיעודי,טלי שמש,0,not_found,,,,,,,,,,,
203349,חתה יסבח סבח,2004,דרמה,דוד דרעי,5,infobox+section,,ריימונד אבקסיס,אבי גרייניק,אורי גבריאל,יעל אבקסיס,פירה קנטר,,,,,
2098408,כספיון (סרט),2004,,נועם משולם | שרון כהן,4,infobox,,יורם יוספסברג,הדר שחף-מעיין,יגאל מזרחי,שרון כהן,,,,,,
177834,ללכת על המים,2004,"דרמה | מסתורין | ריגול | להט""בי",איתן פוקס,7,infobox+section,,ליאור אשכנזי,שימוש הוגן,להחליפה בתמונה חופשית,קנוט ברגר,קרולינה פיטרס,גדעון שמר,יוסף סוויד,,,
2171822,לנצח עם מיקי ברקוביץ',2004,,אורי ענבר,10,infobox+section,,נוי גור,רמי הויברגר,יובל סמו,דנה שרייר,רן בכור,אורנה בנאי,עוז זהבי,בר פאלי,מיקי ברקוביץ',חנן קרן
118124,מדורת השבט (סרט),2004,דרמה,יוסף סידר,10,infobox+section,,מיכאלה עשת,חני פירסטנברג,מאיה מרון,משה איבגי,אסי דיין,עידית טפרסון,עופר סקר,יהורם גאון,אושרי כהן,יהודה לוי
185675,מטאליק בלוז,2004,דרמה קומית,דני ורטה,7,infobox+section,,אבי קושניר,משה איבגי,ריטה שוקרון,תומר בן דוד,רעות אפוטה,צופית שפאן,לוטוף נוסייר,,,
1114388,משהו מתוק,2004,דרמה | קומדיה,דן תורג'מן,10,infobox+section,,איילת זורר,דן תורג'מן,אביטל אברג'יל,ריימונד אבקסיס,רמי דנון,אולי שטמברג,אלברט אילוז,דוד דנינו,גולן אזולאי,אברהם סלקטר
1767989,סבא טוביה - סיפורים כיד המלך,2004,לילדים | קומדיה | מוזיקלי,עופר שפריר,7,infobox+section,,טוביה צפיר,ארז שפריר,מיטל סלקמון,פיני קידרון,מסקי שיברו סיון,מלכת שבא,תובל שפיר,,,
103274,סוף העולם שמאלה,2004,דרמה,אבי נשר,10,infobox+section,,לירז צ'רכי,נטע גרטי,אור אטיקה,פרמיט סטי,קרוטיקה דסיי,ז'אן בן גיגי,רובי פורת-שובל,רותם אבוהב,ישראל קטורזה,נדב אבקסיס
2244779,סיפור קיץ,2004,נעורים,שמואל חיימוביץ',10,infobox+section,,קוסטה קפלן,איה קורן,אוהד שחר,מאיה אנגלר,תיקי דיין,איתמר כהן,אלברט אילוז,אוולין הגואל,שרה פון שוורצה,משה פולקנפליק
663774,צווארון כחול לבן (סרט),2004,דרמה,נעם קפלן,2,infobox,,סגול 59,נעם קפלן,,,,,,,,
669396,שיחה:האושפיזין,2004,,,0,not_found,,,,,,,,,,,
177826,שנת אפס,2004,דרמה,יוסף פיצ'חדזה,10,infobox+section,,שרה אדלר,מוני מושונוב,קרן מור,מנשה נוי,דני גבע,דן תורן,עזרא כפרי,סמדר יערון,אורי קלאוזנר,אייל שכטר
1218333,תגובה מאוחרת,2004,,שמואל קלדרון,10,infobox+section,,ליאור מילר,שי גולדשטיין,נינה קוטלר,מאור כהן,שמואל קלדרון,מעין קרת,ליאת אקטע,יוני זיכהולץ,שיש קולר,שמואל וולף
1394113,אבודים לרגע,2005,דרמה,,1,infobox,,איתי תורג'מן,,,,,,,,,
185439,אזור חופשי,2005,דרמה | קומדיה,עמוס גיתאי,10,infobox+section,,חנה לסלאו,נטלי פורטמן,היאם עבאס,פונו מסיני,נגב,פלסטינית,כרמן מאורה,פלאשבק,מכרם ח'ורי,פליט
157514,איזה מקום נפלא,2005,דרמה,איל חלפון,10,infobox+section,,אורי גבריאל,אוולין קפלון,אבי אוריה,יוסי גרבר,יואב הייט,ריימונד בגסטין,דביר בנדק,מרינה שויף,אוולין הגואל,מיכאל רוז'צקי
1085957,אלנבי רומאנס,2005,עצמאי,יוני זיכהולץ,2,infobox,,דני גבע,הילי ילון,,,,,,,,
293629,אצלי הכל בסדר (סרט תיעודי),2005,תיעודי,ארז תדמור | ירון אמיתי,0,not_found,,,,,,,,,,,
175875,ביקור חולים (סרט),2005,דרמה,מיה דרייפוס,2,infobox,,טלי שרון,פירה קנטור,,,,,,,,
1086528,ברונו מאוהב,2005,,אילן הייטנר,10,infobox+section,,אוהד קנולר,מיכל פורס,שמרית לוסטיג,צבי שיסל,אילן דר,תחיה דנון,שמוליק שילה,דוידה קרול,בני אבני,מיכל לוי
123191,ג'נאם ג'נאם,2005,דרמה,חיים בוזגלו,6,infobox+section,,דני ריטנברג,אביטל דיקר,עמוס לביא,דור צויגנבום,ריימונד אמסלם,יוסי טולדו,,,,
275553,דיסטורשן (סרט),2005,,חיים בוזגלו,7,infobox,,חיים בוזגלו,סמדר קילצ'ינסקי,עמוס לביא,חיים זנאתי,צופית גרנט,דור צויגנבום,אבי גילאור,,,
759028,דמיונות,2005,דרמה קומית | דרמה,נמרוד עציון-קורן,10,infobox+section,,אסנת חכים,ליאון רוזנברג,ריקי בליך,דליה שימקו,עינת ויצמן,איתי ברנע,איריס אברמוביץ',אוהד קנולר,מני פאר,אורי הוכמן
2185497,החשוד האחרון,2005,,מתי הררי | אריק לובצקי,10,infobox+section,,שמיל בן ארי,אוראל טימסית,חיים זנאתי,רותי נבון,ציון ברוך,רותם זיסמן כהן,מארק רוזנבאום,נתן נתנזון,ירון לוי סבג,אסנת חכים
295952,היומנים של יוסף נחמני,2005,תיעודי,דליה קרפל,0,not_found,,,,,,,,,,,
295958,הכבשה הכחולה,2005,תיעודי,דני דותן | דליה מבורך,0,not_found,,,,,,,,,,,
1081976,הלב הרעב,2005,,תום שובל,3,infobox+section,,אסי כהן,רינת גליקו,איריס קול,,,,,,,
1091680,"ילדים טובים (סרט, 2005)",2005,"עצמאי | להט""בי",יאיר הוכנר,9,infobox+section,,דניאל אפרת,יובל רז,נילי צרויה,אורי אוריין,גילה גולדשטיין,דן לחמן,פטיש,דביר בנדק,בני אלדר,
133148,ימים של אהבה,2005,דרמה | מוזיקלי,מנחם גולן,10,infobox+section,,מאיה בוסקילה,ניר לוי,מורן אטיאס,יוסף שילוח,רן בכור,נטלי עטיה,צחי נוי,דני שגב,עמוס לביא,רמי בוזגלו
182609,מוכרחים להיות שמח,2005,דרמה קומית,ג'ולי שלז,10,infobox+section,,סיגלית פוקס,טל פרידמן,רבקה מיכאלי,דורית בר אור,קרן מור,אלכסנדר סנדרוביץ',אלירן כספי,יוסי פולק,ליאור רז,מיכל ינאי
295999,מועדון בית הקברות,2005,תיעודי,טלי שמש,0,not_found,,,,,,,,,,,
1767996,"סיפורי התנ""ך עם סבא טוביה",2005,לילדים | קומדיה | מוזיקלי,עופר שפריר,1,infobox,,טוביה צפיר,,,,,,,,,
2440664,עד מדינה (סרט),2005,,אמיל בן שמעון,10,infobox+section,,דקל עדין,שרון אלימלך,ימית סול,גיא כהן,חנן סביון,שמעון מימרן,אביב אלוש,אלה אולמן,ינון כהן,אושרי כהן
1065203,עור (סרט),2005,,רם לוי,6,infobox+section,,אסי לוי,אלון אבוטבול,יורם חטב,מור פולנוהר,רפי תבור,אלון לשם,,,,
2246801,עכשיו או לעולם לא,2005,,איתן לונדנר,10,infobox+section,,יוסי קאנץ,ליאת גורן,אוהד שחר,רבקה נוימן,ז'אק כהן,ימית סול,עמוס תמם,יגאל זקס,אילן עיני,אברהם סלקטר
758290,קרוב לבית (סרט),2005,דרמה,וידי בילו | דליה הגר,10,infobox+section,,שלמה וישינסקי,דני גבע,אנה סטפן,שרון רג'יניאנו,ח'אולה דיבסי,אירית סוקי,ג'וני ערביד,נעמה שנדר,לנה אטינגר,סמדר סייר
357393,שאדיה,2005,תיעודי,רועי וסטלר,0,not_found,,,,,,,,,,,
297744,שושלת שוורץ,2005,דרמה,שמואל הספרי | אמיר הספרי,10,infobox+section,,מרים זוהר,אניה בוקשטיין,טל פרידמן,יהודה לוי,ולדימיר פרידמן,דב נבון,עמוס לביא,שרון אלימלך,חנה אזולאי-הספרי,ישראל קטורזה
215257,תגיד אמן,2005,"תיעודי | להט""בי",דוד דרעי,0,not_found,,,,,,,,,,,
1082102,תחיה ותהיה,2005,דרמה,ראדו מיכאיליאנו,1,infobox,,יעל אבקסיס,,,,,,,,,
444940,NO אקזיט,2006,דרמה,דרור סבו,5,infobox,,עופר שכטר,גל זייד,נועה ברקאי,מלי לוי,אמנון וולף,,,,,
231791,אביבה אהובתי,2006,דרמה,שמי זרחין,10,infobox+section,,אסי לוי,רותם אבוהב,דרור קרן,ששון גבאי,לבנה פינקלשטיין,נתן רביץ,דאנה איבגי,איתי תורג'מן,דקל עדין,ציון ברוך
158513,אדמה משוגעת,2006,דרמה,דרור שאול,10,infobox+section,,תומר שטיינהוף,רונית יודקביץ',שי אביבי,הנרי גרסין,גל זייד,אנרי גרסין,פיני טבגר,שרון צוקרמן,דניאל קיציס,יוסף כרמון
293636,בובות נייר,2006,"תיעודי | להט""בי",תומר הימן,0,not_found,,,,,,,,,,,
323261,בילעין חביבתי,2006,תיעודי,שי כרמלי פולק,0,not_found,,,,,,,,,,,
193081,בקרוב יקרה לך משהו טוב,2006,דרמה,אייל שיראי,10,infobox+section,,אדם הירש,טינקרבל,אסי דיין,טינקרבל (רוית רוזן),שרגא הרפז,רזיה ישראלי,יובל סמו,אלירן כספי,יאיר רובין,אייל רוזלס
243149,גיבורים קטנים,2006,ילדים,איתי לב,10,infobox+section,,אלון ליסי,אנסטסיה ספונוב,דניאל דמידוב,ניר צויקל,אביגיל אריאלי,עמוס תמם,לוסי דובינצ'יק,ציון ברוך,דאנה איבגי,רותם זיסמן
295937,דמעת שחרזאדה,2006,תיעודי,יהודה ג'אד נאמן,0,not_found,,,,,,,,,,,
198701,הבועה,2006,"דרמה | רומנטי | קומדיה | להט""בי",איתן פוקס,10,infobox+section,,אוהד קנולר,יוסף סוויד,דניאלה וירצר,אלון פרידמן,ציון ברוך,יותם ישי,זהר ליבה,עודד לאופולד,שרדי ג'בארין,נועה ברקאי
231830,הדברים שמאחורי השמש,2006,,יובל שפרמן,10,infobox+section,,אסי דיין,סנדרה שדה,טלי שרון,זהר שטראוס,טס השילוני,הילה וידור,רוזינה קמבוס,יוסי יזרעאלי,סלבה צ'פלין,קונסטנטין אנטול
1084016,השרשרת של פסיה,2006,,חורחה גורביץ',2,infobox,,בתיה לנצט,גאיה טראוב,,,,,,,,
1218543,טאץ' ווד,2006,,שמוליק קלדרון,1,infobox,,שמוליק קלדרון,,,,,,,,,
243173,ידיים קשורות,2006,דרמה,דן וולמן,7,infobox+section,,עידו תדמור,גילה אלמגור,תומר שרון,נלי תגר,שרון שטרק,אולי שטרנברג,רוז משיחי,,,
243211,ימים קפואים,2006,מתח,דני לרנר,6,infobox+section,,ענת קלאוזנר,אולי שטרנברג,סנדרה שדה,פיני טבגר,מאור כהן,מרטין אומנסקי,,,,
274348,כבר לא אחמד,2006,תיעודי,דוד דרעי,0,not_found,,,,,,,,,,,
216749,כל אנשי הקמפיין,2006,תיעודי,ענת גורן,0,not_found,,,,,,,,,,,
182585,למראית עין,2006,דרמה,דני סירקין,10,infobox+section,,טלי שרון,אסי דיין,ישראל פוליאקוב,סנדרה שדה,הדס ירון,אביגיל הררי,כליל חורש פרחי דקל,מיכאל אלוני,עירית שילה,גיא לואל
243194,לרקוד,2006,,מרק רוזנבאום,10,infobox+section,,אלון אבוטבול,יובל סגל,מיטל דוהן,אורי קלאוזנר,דגנית ברק,מוני מושונוב,עפרה ויינגרטן,ניסים לוי,דוד דנינו,ג'ני פליישר
243227,מחילות,2006,דרמה,אודי אלוני,7,infobox+section,,איתי טיראן,קלרה ח'ורי,מוני מושונוב,רובא בלאל,מכרם ח'ורי,עומר ברנע,עידית טפרסון,,,
232495,מישהו לרוץ איתו (סרט),2006,דרמה,עודד דוידוף,10,infobox+section,,בר בלפר,יונתן בר-אור,יובל מנדלסון,רינת מטטוב,צחי גראד,דני שטג,נעמי פולני,סמדר יערון,רמי דוידוף,אפרים שמיר
243367,מכתבים לאמריקה,2006,,חנן פלד,10,infobox+section,,רמי הויברגר,יבגניה דודינה,עידו פורט,אוולין קפלון,רועי מאייר,אלה ארמוני,דב גליקמן,גדי פור,אסתי סבידנסקי,נטע הבר
243384,"מלח הארץ (סרט, 2006)",2006,,אורי ברבש,10,infobox+section,,אקי אבני,ליאור אשכנזי,לי את גליק,אלון נוימן,נתי רביץ,צחי גראד,נתן רביץ,פאבל ציטרינאל,מיקי לאון,אביטל פסטרנק
641332,נוזהת אל-פואד,2006,,יהודה ג'אד נאמן,3,infobox,,מוחמד בכרי,יעל הדר,אפרת גוש,,,,,,,
1052128,נס (סרט),2006,,יבגני רומן,8,infobox+section,,ולדימיר פרידמן,סלבה ביברגל,אלכס קלניוק,יובל ברגר,שרון לנגר,לאון פרודובסקי,מיכאל רוז'צקי,יצחק קרמניצר,,
243391,סינדרום ירושלים (סרט),2006,,ויקטור בראון,5,infobox+section,,דניאל מירנדה,אנה קרינה ארווס,ג'ימי ביטון,רות גונזלס,סקסופון,,,,,
243393,סיפור חצי רוסי,2006,דרמה,איתן ענר,10,infobox+section,,ולדימיר וולוב,יבגניה דודינה,אבי קושניר,ולריה וויוודין,אוקסנה קורוסטישבסקיה,קיריל ספונוב,טליה רז,דוד קוגן,לירון אלזיקרי,דניאל פרידמן
1768004,סיפורה של מדינה עם סבא טוביה,2006,לילדים | קומדיה | מוזיקלי,עופר שפריר,1,infobox,,טוביה צפיר,,,,,,,,,
754990,עושים רוח,2006,,,3,infobox,,ליא קניג,אלי גורנשטיין,עזרא דגן,,,,,,,
1982305,שלום פלוגה א,2006,תיעודי,יניב ברמן,0,not_found,,,,,,,,,,,
259334,שלוש אמהות,2006,דרמה,דינה צבי-ריקליס,10,infobox+section,,גילה אלמגור,מירי מסיקה,טלי שרון,דנה זילברשטיין,ריימונד אמסלם,שמיל בן ארי,עמוס תמם,יורם חטב,יחזקאל לזרוב,יורם טולדנו
551957,אבידות ומציאות (סדרת טלוויזיה),2007,דרמה,שבי גביזון,4,infobox,,מיה דגן,שרה אדלר,אלון אבוטבול,ליאור אשכנזי,,,,,,
243130,אין לה אלוהים,2007,קומדיה,יעקב גולדווסר,9,infobox+section,,יובל סגל,דורית בר אור,אייל רוזלס,יעל פוליאקוב,אוולין קפלון,מאיר סויסה,אורי קלאוזנר,ריימונד אבקסיס,בר פאלי,
467146,"אמא, לא הרגתי את הבת שלך",2007,"תיעודי | להט""בי",אורנה בן דור,0,not_found,,,,,,,,,,,
1684963,אסקימוסים בגליל,2007,דרמה,יונתן פז,10,infobox+section,,גבי עמרני,שמעון ישראלי,חנה רוט,שמואל שילה,מוסקו אלקלעי,לאה שלנגר,אילן תורן,הוגו ירדן,לבנה פינקלשטיין,רות סגל
257246,בופור (סרט),2007,דרמה,יוסף סידר,10,infobox+section,,אושרי כהן,אלי אלטוניו,איתי תורג'מן,איתי טיראן,אוהד קנולר,ארתור פרי,אלון אבוטבול,נבו קמחי,זהר שטראוס,איתי שור
413178,ביקור התזמורת,2007,דרמה | קומדיה,ערן קולירין,6,infobox,,ששון גבאי,רונית אלקבץ,רינת מטטוב,סאלח בכרי,ח'ליפה נאטור,אורי גבריאל,,,,
1738614,"החוב (סרט, 2007)",2007,דרמה | פעולה,אסף ברנשטיין,7,infobox+section,,גילה אלמגור,נטע גרטי,יחזקאל לזרוב,איתי טיראן,אדגר סלגה,עודד תאומי,אלכס פלג,,,
425495,המוסד הסגור,2007,קומדיה,אלון גור אריה,8,infobox,,רון שחר,אילן דר,לנה אטינגר,אלי גורנשטיין,איריס אברמוביץ',לארי בצ'ינס,דב פרידמן,אלעד שרעבי,,
2212560,"המקלט (סרט, 2007)",2007,דרמה,רועי הורנשטיין,4,infobox+section,,יחזקאל לזרוב,גילה אלמגור,סתיו נגר,מלאכי חזקיה,,,,,,
385368,הסודות,2007,"להט""בי",אבי נשר,10,infobox+section,,אניה בוקשטיין,פאני ארדן,מיכל שטמלר,אדיר מילר,קלרינט,טלי אורן,דאנה איבגי,גורי אלפי,תיקי דיין,עלמה זק
2514220,הרי את (סרט),2007,דרמה,פזית ליכטמן,1,infobox+section,,אביטל אברג'יל,,,,,,,,,
536716,ואהבת,2007,"דרמה | להט""בי",חיים אלבום,4,infobox+section,,אורי לחמי,עומר זוננשיין,יהונדב פרלמן,איציק חייקה,,,,,,
410296,ויהי חושך ויהי אור,2007,תיעודי | קולנוע חרדי,נעם ראובני ומני פיליפ,6,infobox,,צביקה פיליפ,מני פיליפ,לי פיליפ,עודד פיליפ,אסף פיליפ,אלי פיליפ,,,,
1690986,וסרמיל (סרט),2007,נעורים,מושון סלמונה,9,infobox+section,,דוד טפליצקי,עדיאל זמרו,נדיר אלדד,אבינועם בלומנקרנץ,בני אדגה,קובי מאור,עירית בנדק,יניב עדני,סרגיי גנטיוק,
2170470,"חופשת קיץ (סרט, 2007)",2007,דרמה,דוד וולך,6,infobox+section,,אסי דיין,שרון הכהן-בר,אילן גריף,יהודה גרובייס,מיכל רובין,גיל ססובר,,,,
1040325,חיי אהבה,2007,דרמה,מריה שראדר,8,infobox+section,,נטע גרטי,ישי גולן,אסי דיין,אריה מוסקונה,רדה זרבדג'ה,קלרה ח'ורי,נתן נתנזון,אסתר זבקו,,
243191,ילדי CCCP,2007,דרמה,פליקס גרצ'יקוב,6,infobox,,דניאל ברוק,תמרה קליינגון,יגאל רנזיק,ולדימיר פרידמן,אנה סטפן,ויטלי פרידלנד,,,,
801713,ילדי השמש,2007,תיעודי,רן טל,0,not_found,,,,,,,,,,,
850568,יפאן יפאן,2007,"להט""בי",ליאור שמריז,6,infobox+section,,אמרי קהן,טל מאירי,עירית גידרון,נעמה יוריה,אמנון פרידמן,בני ציפר,,,,
369184,מדוזות (סרט),2007,דרמה | הייפרלינק,אתגר קרת | שירה גפן,10,infobox+section,,שרה אדלר,נועה קנולר,גרא סנדלר,זהרירה חריפאי,נעמה ניסים,עמוס שוב,נועה רבן,מה-נניטה דה לטורה,ניקול לייטמן,ציפור אייזן
395273,מחכים לגודיק,2007,תיעודי | ביוגרפי,ארי דוידוביץ׳,0,not_found,,,,,,,,,,,
243387,מלך של קבצנים,2007,,אורי פסטר,9,infobox+section,,שחר סורק,גילי סער,מוסקו אלקלעי,רובי פורת-שובל,עמוס לביא,חיים זנאתי,ליא קניג,יהודה פוקס,זארה ורתניאן,
1925598,מתוק ומר,2007,דרמה,דורון בנבנישתי,10,section,,אייל שכטר,צופית גרנט,מיכל ינאי,אלון נוימן,נתי רביץ,שפרירה זכאי,מיקי לאון,שרונה אלימלך,רחלי חיים,אלירן כספי
415038,נודל (סרט),2007,דרמה,איילת מנחמי,10,infobox+section,,מילי אביטל,ענת וקסמן,אלון אבוטבול,יפתח קליין,באוצ'י צ'אן,שרית וינו אלעד,דפנה שפיגלמן,רוני יוריה,ויקי לין,נטע ענבר
2211420,נימפות בערפל (סרט),2007,,יורם זקס,10,infobox+section,,רועי שגב,בני אבני,שיר אידלסון,אפרת כהן,יונתן צ'רצ'י,בתיה ורד,מורן אייזנשטיין,עלמה זק,אילנה ברקוביץ',יגאל זקס
1081973,פתח תקווה (סרט),2007,דרמה | סטודנטים,תום שובל,1,infobox,,מכרם ח'ורי,,,,,,,,,
2241392,"רחמים (סרט, 2007)",2007,,יניב אמודאי,10,infobox+section,,יגאל עדיקא,שלום אסייג,ג'וליה מסלאווי,יוסף קמר,דרור קרן,מורן אטיאס,פלורנס בלוך,סימון רוזנפלד,אופירה רחמים,מרתה רתיק
288513,ריקוד מסוכן,2007,,מנחם גולן,10,infobox+section,,זהר ליבה,אליענה בקייר,עומר ברנע,מיכל אמדורסקי,יוני שמוס,רפי תבור,גליה אלבין,אילנה אביטל,ניב רז,שא ויי
288476,רק כלבים רצים חופשי,2007,,ארנון צדוק,10,infobox+section,,ליאור אשכנזי,נטע גרטי,אלון אבוטבול,איילת זורר,יגאל עדיקא,יפתח קליין,מתי סרי,אליענה בקייר,פיני קידרון,איטן גרינברג
1856557,"שחור על לבן (סרט, 2007)",2007,תיעודי,תומר הימן,0,not_found,,,,,,,,,,,
2151946,תהילים (סרט),2007,דרמה,רפאל נג'ארי,10,infobox+section,,מיכאל מושונוב,לימור גולדשטיין,יואב הייט,אילן דר,שמואל וילוז'ני,יונתן אלסטר,אילנית בן-יעקב,רעות לב,רוברט הניג,דוד ברקוביץ'
353079,תנועה מגונה (סרט),2007,קומדיה | פשע | דרמה,צחי גראד,9,infobox+section,,גל זייד,קרן מור,אשר צרפתי,יעקב איילי,רבקה מיכאלי,אניה בוקשטיין,טל גרושקה,מנשה נוי,ולדימיר פרידמן,
826689,$9.99,2008,דרמה,תתיה רוזנטל,4,infobox+section,,ג'פרי ראש,אנתוני לפאליה,ג'ואל אדג'רטון,בן מנדלסון,,,,,,
1663892,אביב 41,2008,דרמה,אורי ברבש,5,infobox,,ג'וזף פיינס,קלייר היגינס,ניב מקינטוש,מריה פקולניס,קלי הריסון,,,,,
554017,איים אבודים (סרט),2008,דרמה,רשף לוי,10,infobox+section,,אושרי כהן,אורלי זילברשץ,שמיל בן ארי,פיני טבגר,עפר שכטר,מיכאל מושונוב,יובל שרף,יוסף אבו ורד,יגאל עדיקא,גילת אנקורי
2247197,אלטלנה (סדרת טלוויזיה),2008,סדרת דרמה,אלי כהן,10,infobox+section,,יוסי קאנץ,יורם חטב,אפרת לביא,מיכה סלקטר,שרון אלכסנדר,דביר בנדק,סיני פתר,ירון ברובינסקי,ג'וליה לוי בוקן,יואב בר לב
1067804,אמא של ולנטינה,2008,דרמה,מתי הררי | אריק לובצקי,7,infobox+section,,אתל קובינסקה,סילביה דרורי,יוסי אולו,רות סגל,אייל כהן,גבי דן,ליאת אקטע,,,
2242321,"אנטארקטיקה (סרט, 2008)",2008,דרמה | רומנטי,יאיר הוכנר,10,infobox+section,,לוסי דובינצ'יק,גיא זוארץ,תומר אילן,עופר רגירר,יובל רז,יפתח מזרחי,אושרי שחר,יעל דקלבאום,ליאת אקטע,שירלי סולומון
570868,בית אבי (2008),2008,דרמה,דני רוזנברג,2,infobox,,איתי טיראן,מיקי לאון,,,,,,,,
658401,ברוריה (סרט),2008,,אברהם קושניר,3,infobox,,הדר גלרון,ברוך ברנר,ישראל דמידוב,,,,,,,
846432,הבמה החשמלית - אגדת רוקנ'רול,2008,תיעודי,ניסים מוסק,0,not_found,,,,,,,,,,,
2423007,היא לא תדע (סרט טלוויזיה),2008,מוזיקלי,עדי סופר,10,infobox+section,,תמיר גינזבורג,יובל לוי,אילן רוזנפלד,קובי פרג',עודד פז,טל מוסרי,מירב פלדמן,יפתח קרזנר,קובי מחט,הדר לוי
1981019,הכל מתחיל בים,2008,דרמה,איתן גרין,7,section,,דורית לב ארי,יובל סגל,צחי גראד,אריה מוסקונה,אילנית בן-יעקב,נינה קוטלר,רון יגרמן,,,
1101681,הכתובה (סרט),2008,,מנחם גולן,10,infobox+section,,מאיר סוויסה,ענת ברזילי,הילה ערן,פזית ירון מינקובסקי,שלמה וישינסקי,מאיר סויסה,אילנה ללצ'וק,ירון עצמון,יונתן עוזיאל,אורלי ויינרמן
1482750,המנון (סרט),2008,דרמה,אלעד קידן,3,infobox,,מאיה גסנר,כרמית מסילתי קפלן,אלברט כהן,,,,,,,
544262,ואלס עם באשיר,2008,תיעודי | מלחמה,ארי פולמן,6,infobox,,ארי פולמן,מיקי לאון,אורי סיון,רון בן ישי,זהבה סולומון,יחזקאל לזרוב,,,,
2270450,"חי, דק וצ'פצ'ולה",2008,ילדים | מוזיקלי,אלון אלוש,3,infobox,,משה דץ,מיכל צפיר,עדי ביטי,,,,,,,
611737,חייב לזוז,2008,תיעודי,אבידע ליבני,0,not_found,,,,,,,,,,,
2125151,חסר מנוחה,2008,,עמוס קולק,10,infobox+section,,משה איבגי,רן דנקר,קארן יאנג,פיליס סומרוויל,איתן גולד,צחי גראד,אלברט אילוז,ארנון צדוק,מירי מסיקה,יוסף סוויד
807041,ירושלים גאה להציג,2008,"תיעודי | להט""בי",ניצן גלעדי,10,section,,סער נתנאל,עיריית ירושלים,אורי לופוליאנסקי,נועה סתת,הבית הפתוח,גאווה,הומוסקסואל,מצעד הגאווה בירושלים,הומוסקסואליות,דראג קווין
800113,כוסות רוח לאבא,2008,תיעודי,טליה פינקל,0,not_found,,,,,,,,,,,
909704,מדינה זבל,2008,תיעודי,אורי רוזנווקס,0,not_found,,,,,,,,,,,
2475503,מוקי בוערה,2008,דרמה,לינה | וסלבה צ'פלין,6,infobox+section,,אפרת בן צור,הרן שגיא,סיון לוי,ריף כהן,יואב כורש,יהודה אלמגור,,,,
1077070,מפטיר (סרט),2008,,דויד בן ארי,10,infobox+section,,יונתן עוזיאל,אריק משעלי,יונתן רוזן,שרון אלכסנדר,לירון לבו,עמוס לביא,דוד קיגלר,ליאור מילר,אריאל כהן,לוסי דובינצ'יק
1740532,סוף שבוע בגליל,2008,דרמה,משה מזרחי,9,infobox+section,,עודד תאומי,מרינה שויף,שרון אלכסנדר,שירי גדני,יגאל שדה,פיני טבגר,חנה מרון,אדווה בולה,אסף אברבוך,
897341,סוף שבוע בתל אביב,2008,דרמה | רומנטי,דרור זהבי,10,infobox+section,,שרדי ג'בארין,יוסף אבו ורד,ח'אולה דיבסי,אביטל פסטרנק,אורי קלאוזנר,חיים זנאתי,מיכאל מושונוב,רוזינה קמבוס,הילי ילון,חיים בנאי
681992,סרוגייט (סרט),2008,דרמה,טלי שלום עזר,4,infobox,,אמיר וולף,רוזינה קמבוס,לנה אטינגר,ליאת גליק,,,,,,
900387,עץ לימון (סרט),2008,דרמה,ערן ריקליס,4,infobox,,היאם עבאס,עלי סלימאן,רונה ליפז-מיכאל,דורון תבורי,,,,,,
2242048,פרשת רות,2008,,קרן אביטן,7,infobox+section,,לוסי דובינצ'יק,לירון לבו,דני שטג,הילה מצקר,נגה דאנג'לי,אלונה וינד רז,נעם דובינצ'יק,,,
2270080,שבע דקות בגן עדן (סרט),2008,דרמה,עמרי גבעון,9,infobox+section,,ריימונד אמסלם,אלדד פריבס,נדב נייטס,רונית יודקביץ',גל פרידמן,בנימין יגנדורף,עופרי פרישקולניק,שרון צוקרמן,גלעד כהן,
593468,שבעה (סרט),2008,דרמה,שלומי אלקבץ | רונית אלקבץ,10,infobox+section,,רונית אלקבץ,משה איבגי,יעל אבקסיס,אלברט אילוז,קרן מור,חנה לסלאו,חנה אזולאי-הספרי,אלון אבוטבול,גיל פרנק,רובי פורת-שובל
580958,שיטת השקשוקה,2008,תיעודי,אילן עבודי,0,not_found,,,,,,,,,,,
2442254,תזכור את זה,2008,דרמה,עילית זקצר,10,infobox+section,,תמרה קלינגון,מעיין הרוש,הילה מצקר-הלוי,הילה מצקר,עדי בילסקי,מעין וינשטוק,טליה אלק,יונתן גבע,יואב ברתל,רון שמעוני
1059355,תעלומה במכולה הירוקה,2008,תיעודי,טל חיים יופה,0,not_found,,,,,,,,,,,
834974,אילי ובן,2009,דרמה,Ori Ravid,10,infobox+section,,ליאור אשכנזי,סיגלית פוקס,שמואל אדלמן,אשר צרפתי,סיגלית תמיר,שמעון מימרן,אדם קנת,ניסן נתיב,צחי גראד,יעל הדר
633820,אצבע אלוהים (סרט),2009,קומדיה,יגאל בורשטיין,6,infobox+section,,משה איבגי,דורית בר אור,ניר לוי,ליאת גורן,אלון אבוטבול,זהבית פסי,,,,
1084002,בדרך אל החתולים (סרט),2009,,חורחה גורביץ',9,infobox+section,,ריטה זוהר,מוני מושונוב,ריטה זהר,שולמית אדר,ולדימיר פרידמן,תיקי דיין,עידית טפרסון,חנה ריבר,יעקב בודו,
817903,גחליליות (סרט),2009,תיעודי,גילי מייזלר,0,not_found,,,,,,,,,,,
2392559,האור השחור,2009,,,3,section,,אקי אבני,אלייזה וינטראוב,דורי גולדשטיין,,,,,,,
914739,הבודדים,2009,דרמה,רנן שור,5,infobox+section,,סשה אגרונוב,אנטון אוסטרובסקי,צחי גראד,הנרי דוד,רותם זיסמן כהן,,,,,
694081,הזמן הוורוד (סרט),2009,"תיעודי | להט""בי",יאיר קדר,0,not_found,,,,,,,,,,,
1710437,היו לילות (סרט),2009,דרמה,רוני ניניו,10,infobox+section,,משה איבגי,דאנה איבגי,מאיה כהן,יבגניה דודינה,גדי יגיל,דימיטרי פריימן,פירה קנטור,בוריס אחנוב,אלי גורנשטיין,ירון ברובינסקי
1292160,היסטוריה של הקולנוע הישראלי (2009),2009,תעודה,רפאל נג'ארי,0,not_found,,,,,,,,,,,
2217041,זוג או פרד (סרט),2009,דרמה,טומי לנג,7,infobox+section,,רוברט הניג,שלומית הגואל-טריגר,הוגו ירדן,אביב אלקבץ,עומרי אשין,ליהי אברמסון,דנה ידלין,,,
1491304,חורבה (סרט),2009,דרמה,עמיר מנור,4,infobox+section,,אפרת אביב,דאנה איבגי,מיכאל אלוני,נועם אמיר,,,,,,
752211,חמש שעות מפריז,2009,קומדיה,לאון פרודובסקי,3,infobox,,דרור קרן,הלנה ירלובה,ולדימיר פרידמן,,,,,,,
974442,טייארה,2009,עצמאי,טומי לנג,2,infobox,,רוברט הניג,דני לשמן,,,,,,,,
2505142,כבר לא ירושלמי,2009,,עופר נעים,0,not_found,,,,,,,,,,,
1045903,כלת הים,2009,דרמה,קרן ידעיה,6,infobox,,דאנה איבגי,רועי אסף,מוריס כהן,מוני מושונוב,רונית אלקבץ,עירית נתן בנדק,,,,
1046715,כן המפקדת,2009,תיעודי,איציק לרנר | דני סיטון,0,not_found,,,,,,,,,,,
705231,לבנון (סרט),2009,דרמה | מלחמה,שמוליק מעוז,10,infobox+section,,יואב דונט,זהר שטראוס,מיכאל מושונוב,אושרי כהן,איתי טיראן,ריימונד אמסלם,צנחנים,פלנגיסט,אשרף ברהום,דודו טסה
2320918,לחיות מחדש,2009,סדרת טלוויזיה היסטורית | סדרת דרמה,חיים בוזגלו,0,not_found,,,,,,,,,,,
764515,מחכה לו,2009,תיעודי,מיכל קסטן-קידר,0,not_found,,,,,,,,,,,
1043634,"נופל וקם - סיפורה של שב""ק ס'",2009,תיעודי,ירון בן נון,10,section,,מוקי,פילוני,מירו,חמי,נמרוד רשף,פישי הגדול,יוסי פיין,חיים שמש,בנימין נתניהו,יואב קוטנר
737575,נתיב המזלות,2009,,איל בן-אהרון,3,infobox,,לטי גרובמן,רינן חיים,רונית יודקביץ',,,,,,,
692360,סיפור גדול,2009,קומדיה,שרון מימון | ארז תדמור,10,infobox+section,,איציק כהן,עירית קפלן,דביר בנדק,אלון דהן,שמוליק כהן,לבנה פינקלשטיין,אוולין הגואל,טוגו איגוואה,אלברט אילוז,אופירה רחמים
709156,עג'מי (סרט),2009,דרמה,ירון שני | סכנדר קובטי,1,infobox,,ערן נעים,,,,,,,,,
668977,עיניים פקוחות,2009,"דרמה | להט""בי",חיים טבקמן,10,infobox+section,,פסקת דמויות,זוהר שטראוס,חרדי,אטליז,רן דנקר,הומוסקסואל,רוית רוזן,צחי גראד,משמרות הצניעות,מתי אטלס
737385,קירות (סרט),2009,פעולה | דרמה | מתח,דני לרנר,10,infobox+section,,אולגה קורילנקו,נינט טייב,ולדימיר פרידמן,שלום מיכאלשווילי,לירון לבו,זהר שטראוס,יאנה גור,ריימונד אמסלם,הנרי דוד,אסתר רדא
288519,רגליים קרות (סרט),2009,,דורון ערן,10,infobox+section,,רון שחר,הילה וידור,ציון ברוך,איריס פן,איריס ברנע,יוסי יבלונקה,דינה לימון,ארנון צדוק,הילה ערן,ריקי בליך
936975,אווה: שם זמני,2010,דרמה,דור פדלון,2,infobox+section,,אוולין קצ'ולין,דרור דהן,,,,,,,,
564272,ארץ בראשית,2010,תיעודי,משה אלפרט,0,not_found,,,,,,,,,,,
1743923,בן חוזר הביתה,2010,דרמה,אלעד זכאי,9,infobox+section,,לי בירן,ריטה,ליאת גליק,אסף משיח,אדריאנו חאובל,יוליה פלוטקין,גיא לובלצ'יק,קטיה גור,עדי רביד,
1143785,בנא,2010,דרמה,ניב קליינר,2,infobox,,שמואל וילוז'ני,מיכאל מושונוב,,,,,,,,
854470,הדקדוק הפנימי,2010,דרמה,ניר ברגמן,9,infobox+section,,אורלי זילברשץ,יהודה אלמגור,רואי אלסברג,רבקה גור,אופיר סגרסקי,יעל סגרסקי,אוולין קפלון,עדן לוטנברג,רוני טל,
1000696,המדריך למהפכה,2010,תיעודי,דורון צברי,1,infobox,,דורון צברי,,,,,,,,,
2243200,המשוטט,2010,,אבישי סיון,10,infobox+section,,עלי נאסר,עמרי פירר,רונית פלד,רינת מטטוב,רמי ברוך,שני בן חיים,איתמר גלוקסמן,צחי גראד,עדי קפלן,תמי ברק
1640880,התגנבות יחידים (סרט קולנוע),2010,דרמה,דובר קוסשווילי,10,infobox+section,,עוז זהבי,גיא אדלר,מיכאל אלוני,בני אלדר,ליאל דניר,אריאל וולף,רוי מילר,אסף בן שמעון,שי קדימי,אור בן מלך
798392,זוהי סדום,2010,פרודיה,אדם סנדרסון | מולי שגב,0,infobox,,,,,,,,,,,
1135372,זרמים קטועים,2010,תיעודי,גיא דוידי | אלכסנדר גוצ'מאן,0,not_found,,,,,,,,,,,
1508449,חבורת ראש כרוב,2010,קומי | מוזיקלי,אופיר לובל,4,infobox+section,,שחר פרץ,מיכל מוכתר,שחר ישי,חנה לסלאו,,,,,,
817125,חיים יקרים,2010,תיעודי,שלומי אלדר,0,not_found,,,,,,,,,,,
769077,חצי טון ברונזה,2010,קומדיה,יפתח חוצב,7,infobox,,שלמה בראבא,מיכאל הנגבי,נועה וולמן,שמיל בן ארי,קובי מרציאנו,גסאן עבאס,מאור כהן,,,
847929,כלבת (סרט),2010,אימה,אהרון קשלס | נבות פפושדו,10,infobox+section,,ליאור אשכנזי,אניה בוקשטיין,עפר שכטר,רן דנקר,מנשה נוי,דני גבע,הנרי דוד,יעל גרובגלס,ליאת הר לב,ירון מוטולה
1051984,לנין באוקטובר,2010,דרמה,יבגני רומן,3,infobox,,אלכסנדר סנדרוביץ',ולדימיר פרידמן,אבי גרייניק,,,,,,,
777776,מאיה (סרט),2010,דרמה,מיכל בת-אדם,10,infobox+section,,לירון בן-שלוש,גיל פרנק,אלכס אנסקי,שירי גדני,דביר בנדק,הילי ילון,יונתן צ'רצ'י,משה מזרחי,ריטה שוקרון,אורי לוי
2515341,מקבל ההחלטות,2010,דרמה,דני יגיל,9,section,,עודד תאומי,גדי יגיל,יוסי קאנץ,אלון דהן,אתי גרוטס,יונתן בר-אור,רן יגיל,תמר קינן,אמיר דוליצקי,
851348,עוד אני הולך (סרט),2010,דרמה,יקי יושע,6,infobox,,דני גבע,נינה קוטלר,עמוס לביא,דביר בנדק,מרינה שויף,ראידה אדון,,,,
755388,פובידיליה,2010,מתח,יואב פז | דורון פז,4,infobox,,עפר שכטר,אפרת בוימולד,שלמה בר-שביט,אפרת דור,,,,,,
789488,פעם הייתי,2010,דרמה,אבי נשר,10,infobox+section,,אדיר מילר,מיה דגן,תובל שפיר,דרור קרן,נטע פורת,בת-אל פאפורה,דב נבון,ירדן בר-כוכבא,תום גל,יעל לבנטל
812556,שליחותו של הממונה על משאבי אנוש (סרט),2010,דרמה | קומדיה,ערן ריקליס,10,infobox,,מארק איווניר,רוזינה קמבוס,גורי אלפי,גילה אלמגור,ריימונד אמסלם,יגאל שדה,נואה סילבר,ג'וליאן נגולסקו,אירינה פטרסקו,דנה סמו
860559,שתיקת הארכיון,2010,תיעודי,יעל חרסונסקי,0,not_found,,,,,,,,,,,
1082984,אחותי היפה,2011,,מרקו כרמל,5,infobox,,משה איבגי,אוולין הגואל,ריימונד אמסלם,נורמן עיסא,איתי תורג'מן,,,,,
930838,בוקר טוב אדון פידלמן,2011,דרמה,יוסי מדמוני,7,infobox+section,,ששון גבאי,רמי דנון,נבו קמחי,הנרי דוד,שרה אדלר,רות גלר,רותי בורנשטיין,,,
1054473,בין השמשות (סרט),2011,דרמה,אלון זינגמן,0,not_found,,,,,,,,,,,
964510,ג'ו + בל,2011,"להט""בי",רוני קידר,5,infobox+section,,רומי אבולעפיה,רוני קידר,סיון לוי,יותם ישי,פלורנס בלוך,,,,,
858270,גיא אוני (סרט),2011,דרמה,דן וולמן,6,infobox,,תמר אלקן,ציון אשכנזי,יעקב בודו,לבנה פינקלשטיין,עזרא דגן,רותם זיסמן כהן,,,,
1104683,דומא (סרט),2011,תיעודי,,0,not_found,,,,,,,,,,,
1071246,הדירה (סרט תיעודי),2011,תיעודי,ארנון גולדפינגר,0,not_found,,,,,,,,,,,
1046482,ההתחלפות,2011,דרמה,ערן קולירין,10,infobox+section,,רותם קינן,שירילי דשא,דב נבון,שרון טל,איתמר ינאי,רוברטו פולק,דינה בליי-שור,מיכאל כפיר,מאיה גסנר,גלעד פרלמן
1002344,החולמות,2011,תיעודי,אפרת שלום דנון,0,not_found,,,,,,,,,,,
871269,המשימה X,2011,דרמה,אורי גרודר,2,infobox,,שרון רג'יניאנו,דני שטג,,,,,,,,
880397,הערת שוליים (סרט),2011,דרמה | סאטירה,יוסף סידר,10,infobox+section,,שלמה בראבא,ליאור אשכנזי,עלמה זק,יובל שרף,נבו קמחי,אלברט אילוז,מנחה טלוויזיה,שמואל שילה,נלי תגר,עידית טפרסון
2183907,הפנטזיה הגדולה של סימיקו הקטן,2011,,אריק לובצקי,10,infobox+section,,ציון ברוך,אורי גבריאל,שלומי קוריאט,סילביה דרורי,חן שילוני,יגאל עדיקא,נטע גרטי,מיכה אוזין סליאן,דוד שאול,גדי סבן
897714,הצלמניה (סרט),2011,תיעודי,תמר טל,0,not_found,,,,,,,,,,,
947179,השוטר,2011,דרמה,נדב לפיד,6,infobox,,יפתח קליין,מיכאל אלוני,יערה פלציג,מנשה נוי,מיכאל מושונוב,רונה לי שמעון,,,,
1049012,וביום השלישי,2011,דרמה,משה איבגי,7,infobox,,הילה פלדמן,שרון אלכסנדר,אפרת בן צור,עלית קרייז,איצ'ו אביטל,כרמית מסילתי קפלן,לימור גולדשטיין,,,
1375058,ויהי אור (סרט),2011,רוקומנטרי | תיעודי,מתן פאר,0,not_found,,,,,,,,,,,
2252190,ילדי היטלר (סרט),2011,תיעודי,חנוך זאבי,1,infobox,,קטרין הימלר,,,,,,,,,
953022,לא רואים עליך,2011,דרמה,מיכל אביעד,5,infobox+section,,יבגניה דודינה,רונית אלקבץ,גיל פרנק,גל לב,סיון לוי,,,,,
961184,לאה גולדברג בחמישה בתים,2011,תיעודי,יאיר קדר,0,not_found,,,,,,,,,,,
949787,לאן נעלם משה גז,2011,תיעודי,אבידע ליבני,0,not_found,,,,,,,,,,,
2126647,מבול (סרט),2011,דרמה | עלילתי,גיא נתיב,10,infobox+section,,רונית אלקבץ,צחי גראד,יואב רוטמן,מיכאל מושונוב,ליר כץ,יעקב כהן,שמיל בן ארי,אסתי זקהיים,דני שטג,לנה אטינגר
933388,מוסטאר הלוך ושוב,2011,תיעודי,דוד פישר,1,infobox,,דוד פישר,,,,,,,,,
1354242,מוסר השילומים,2011,תיעודי,שגיא בורשטיין,0,not_found,,,,,,,,,,,
955592,מורעלים,2011,קומדיה,דידי לובצקי,5,infobox,,דוד שאול,אורנה שיפריס,ארתור פרי,רודי סעדה,טל פרידמן,,,,,
1076969,מי אתה בשבילי,2011,,דרור רשף,1,infobox,,הילה מצקר-הלוי,,,,,,,,,
2515221,סטנד אפ (סרט),2011,קומדיה,אסי צובל,3,infobox+section,,אמיר דוליצקי,מוטי בן ישי,מעין וינשטוק,,,,,,,
1078945,עד סוף הקיץ,2011,דרמה,נועה אהרוני,9,infobox+section,,בר מיניאלי,יאיר רובין,שרית וינו אלעד,ישי גולן,מיכל,רפי,מאיה עידו,נעמי,חיים,
1584106,עיניים כאלה,2011,,רפאל בלולו,5,infobox+section,,עמוס לביא,גבי,שירן,האב,האם,,,,,
2180589,עמק תפארת,2011,דרמה,הדר פרידליך,7,infobox+section,,גילי בן אוזיליו,רות גלר,בתיה בר,אלי בן רעי,הדר אביגד,הדס פורת,אלי טל,,,
2141396,פלייאוף (סרט),2011,ביוגרפי | דרמה,ערן ריקליס,2,infobox+section,,דני יוסטון,רלף קליין,,,,,,,,
2125742,רסיסי אהבה,2011,,ניסים נוטריקה,10,infobox+section,,ריימונד אמסלם,יחזקאל לזרוב,ערן בן זאב,עדנה בליליוס,לירית בלבן,אופירה רחמים,רבקה בכר,ידידיה ויטל,תימור כהן,תמיר מתוק
957015,שישה מיליון ואחד,2011,תיעודי,דוד פישר,1,infobox,,דוד פישר,,,,,,,,,
969662,שלטון החוק (סרט),2011,תיעודי,רענן אלכסנדרוביץ',0,not_found,,,,,,,,,,,
1322034,תפרים (סרט),2011,"קצר | סטודנטים | דרמה | להט""בי",עדיה אמרי אור,2,infobox+section,,ריקי בליך,שירה קצנלנבוגן,,,,,,,,
1079173,2 בלילה,2012,עצמאי,רועי ורנר,1,infobox,,קרן ברגר,,,,,,,,,
1622132,7 הסלילים של יונה וולך,2012,תיעודי | עצמאי | ביוגרפי,יאיר קדר,0,not_found,,,,,,,,,,,
1080413,אורחים לרגע,2012,דרמה,מאיה קניג,2,infobox,,גור בנטביץ',צחי גראד,,,,,,,,
1051974,איגור ומסע העגורים,2012,דרמה | לכל המשפחה | הרפתקאות,יבגני רומן,2,infobox,,אולה שור-סלקטר,מנשה נוי,,,,,,,,
1243783,איה (סרט),2012,דרמה,מיכל ברזיס | עודד בן נון,1,infobox,,שרה אדלר,,,,,,,,,
1086616,"אליס (סרט, 2012)",2012,דרמה,דנה גולדברג,2,infobox,,אילנית בן-יעקב,נטע בר רפאל,,,,,,,,
1081821,אנחנו לא לבד,2012,,ליאור הר-לב,2,infobox,,אוהד קנולר,אפרת בן יעקב,,,,,,,,
1082147,אף פעם לא מאוחר מדי,2012,עצמאי,עידו פלוק,9,infobox+section,,נוני גפן,פירה קנטור,קרן ברגר,עמי ויינברג,דינה בליי-שור,אלי מנשה,אברהים עדאסי,אוריה מלכה,אייל רוזלס,
1584101,באטמן במחסום,2012,,רפאל בלולו,2,infobox,,שרון אינגריד שטרק,ראידה אדון,,,,,,,,
1035188,בלדה לאביב הבוכה,2012,דרמה,בני תורתי,10,infobox+section,,דודו טסה,אדר גולד,מארק אליהו,ניר לוי,אורי גבריאל,אורי קלאוזנר,ארנון צדוק,אלי חבקוק,יגאל עדיקא,אמיר שהסאר
1043510,ברקיע החמישי,2012,דרמה,דינה צבי-ריקליס,10,infobox+section,,יחזקאל לזרוב,אלונה איב,אקי אבני,רותם זיסמן כהן,אסתי זקהיים,תמר שם אור,עמית מושקוביץ,אלון פדות,רוי מילר,גיא אדלר
984538,בשר תותחים (סרט),2012,אימה,איתן גפני,8,infobox+section,,לירון לבו,רוי מילר,עמית ליאור,שירה קצנלנבוגן,יפית שלו,אמוס אינו,גומא שריג,רפי אדיר,,
1074967,ג'נטל דוג,2012,קומדיה רומנטית,דוד שאדי,1,infobox,,יעל דואני,,,,,,,,,
988845,"ד""ר פומרנץ",2012,קומדיה שחורה,אסי דיין,10,infobox+section,,אסי דיין,יבגניה דודינה,שלמה בר-שביט,צופית גרנט,אושיק לוי,מיכאל הנגבי,שלמה וישינסקי,יוסף כרמון,רבקה מיכאלי,שמיל בן ארי
1856753,"הביתה, הלוך חזור (סרט)",2012,,זאב גורודצקי,0,not_found,,,,,,,,,,,
1081227,הדילרים,2012,דרמה קומית,עודד דוידוף,10,infobox+section,,רמי דוידוף,איתי תורג'מן,אלון אבוטבול,צחי גראד,יובל שרף,מיכל גבריאלוב,איציק קונפינו,דני שטג,דרור גבע,אורן יאדגר
1168553,החיים בינתיים,2012,,ענר פרמינגר,9,infobox+section,,חגית דסברג,אייל נחמיאס,רותי,יואל,עפר,נעה,הסבתא,הסבא,נעמה,
1044146,המשגיחים,2012,דרמה,מני יעיש,3,infobox,,רועי אסף,רותם זיסמן כהן,גל פרידמן,,,,,,,
1272287,הנותנת,2012,דרמה,הגר בן-אשר,6,infobox,,ישי גולן,איצ'ו אביטל,צחי חנן,יואב לוי,סתיו ינאי,דריה פורמן,,,,
991971,הסיפור של יוסי,2012,"רומנטי | דרמה | להט""בי",איתן פוקס,9,infobox+section,,אוהד קנולר,עוז זהבי,ליאור אשכנזי,אורלי זילברשץ,רפי תבור,גיל דסיאנו ביטון,אולה שור-סלקטר,שלמה סדן,קרן אן,
1004427,העולם מצחיק,2012,דרמה,שמי זרחין,10,infobox+section,,אסי לוי,אלי פיניש,דני שטג,נעמה שטרית,אור בן מלך,משה אשכנזי,בהשתתפות,אולה שור-סלקטר,יחזקאל לזרוב,שלומי קוריאט
2479146,השקר הגדול,2012,דרמה,ימין מסיקה,10,infobox+section,,ליאת בנאי,יעקב בן-סירא,בבר יוקו,שאול אליאס,ירמי קדושי,אבי סויסה,נמרוד קמר,שירלי בן דוד,ברוך וקנין,ערן לוי
1070154,זוהר הרקיע,2012,עלילתי באורך מלא | דרמה | צבא,אליהו בנימין,8,infobox+section,,יוסק'ה נחמיאס,ניסים ורטה,אביתר לזר,אלחנן אבן חן,בני ליס,רז זלצרמן,חנן סוויסה,עמנואל סאלם,,
1083902,זמן פוניבז',2012,תיעודי,יהונתן אינדורסקי,0,not_found,,,,,,,,,,,
1036393,חדר 514,2012,דרמה,שרון בר-זיו,9,infobox+section,,אסיה נייפלד,אודי פרסי,ריאליסטי,ליהק,קצינים,לוחמים,יחידות מובחרות,גיא קפולניק,אוהד הול,
1056108,חיותה וברל,2012,דרמה,עמיר מנור,10,infobox+section,,יוסף כרמון,רבקה גור,אפרת בן צור,שירי גולן,ג'יטה מונטה,ויטלי פרידלנד,יהונתן מגון,פיצרייה,שי אביבי,גרא סנדלר
1069114,חמש מצלמות שבורות,2012,תיעודי,גיא דוידי,0,not_found,,,,,,,,,,,
916393,חתולים על סירת פדלים,2012,אימה,יובל מנדלסון | נדב הולנדר,4,infobox,,שמואל וילוז'ני,דנה פרידר,מיכאל מושונוב,מיכאל הנגבי,,,,,,
1079957,יותר איטי מלב,2012,עצמאי,יוני זיכהולץ,4,infobox,,רוני הדר,גיא לואל,פיני טבגר,שלום שמואלוב,,,,,,
1054501,לא בתל אביב,2012,דרמה,נוני גפן,10,infobox+section,,יערה פלציג,רומי אבולעפיה,נוני גפן,ליאת ביין,טל פרידמן,ענת עצמון,יובל רוביצ'ק,רותם בר-אור,שי קדמי,נדב לוי
1038118,למלא את החלל,2012,דרמה,רמה בורשטין,10,infobox+section,,הדס ירון,חיים שריר,עירית שלג,יפתח קליין,עידו סמואל,רננה רז,הילה פלדמן,יעל טל,רזיה ישראלי,מיכאל וייגל
1009923,מלאכיות בלבן,2012,עצמאי,טלי אברהמי,4,infobox,,ליאל דניר,ליאת אזר,עינת ברנובסקי,אליענה שכטר,,,,,,
1080121,מלח ים (סרט),2012,עצמאי,איתי לב,5,infobox,,יעל רייך,ליאת גליק,איתי לב,יפתח קליין,עומר ברנע,,,,,
1056131,מנתק המים,2012,דרמה,עידן הובל,5,infobox+section,,משה איבגי,יעקב דניאל,רות גלר,נעמה שפירא,טום יפת,,,,,
1081294,ניקה (סרט),2012,,ארנון צדוק,2,infobox,,אולג לוין,מריה אובנוב,,,,,,,,
1040531,נמס בגשם (סרט),2012,"להט""בי | דרמה",דורון ערן,9,infobox+section,,חן יאני,לימור גולדשטיין,עמי ויינברג,אייל רוזלס,עודד לאופולד,יציאה מהארון,שושה גורן,יונתן ברק,ארנון צדוק,
1081520,סרק סרק,2012,מתח | דרמה,חיים בוזגלו,5,infobox,,עמוס לביא,ריימונד אמסלם,לירון לבו,שרון זליקובסקי,אריה צ'רנר,,,,,
1063162,עלטה,2012,"דרמה | להט""בי",מיכאל מאיר,10,infobox+section,,מיכאל אלוני,ניקולאס יעקוב,ג'מיל ח’ורי,לואי נופי,חאולה חאג',אלון פדות,מאיסה דאו,שמעון מימרן,אלון אולארצ'יק,חלי גולדנברג
1067195,קשר חופשי,2012,,עמיאור ארציאל | הילה ארציאל (בימוי שחקניות),7,infobox+section,,חגי מולודיק,דוד לייזרוביץ',אושרית קצין,אביתר לזר,רחל ורבוב,שי סקיבא,הרב דביר טל,,,
1035389,רווקה פלוס,2012,דרמה קומית,דובר קוסאשווילי,10,infobox+section,,יעל טוקר,רובי פורת-שובל,מוטי גלעדי,מיקי לאון,מיכל ינאי,מארינה מקסימיליאן בלומין,פסטיבל הסרטים הבינלאומי חיפה,מתנה משמיים,מרים גבריאלי,שרית וינו אלעד
1068997,שומרי הסף,2012,תיעודי,דרור מורה,6,infobox,,אברהם שלום,יעקב פרי,כרמי גילון,עמי אילון,אבי דיכטר,יובל דיסקין,,,,
1398966,שרקייה (סרט),2012,דרמה,עמי ליבנה,4,section,,מאיסה עבד אלהאדי,סבטלנה דמידוב,אנטון אוסטרובסקי,ג'וש שגיא,,,,,,
1054552,שש פעמים,2012,דרמה,יונתן גורפינקל,3,infobox,,סיון לוי,רועי ניק,ניב זילברברג,,,,,,,
2133581,אנשים כתומים,2013,דרמה,חנה אזולאי-הספרי,10,infobox+section,,ריטה שוקרון,אסתי ירושלמי,חנה אזולאי-הספרי,יורם טולדנו,מיטל גל סויסה,דניאלה חלפון,חיים זנאתי,שמעון מימרן,זיינב מנסור,שרון מלכי-שמש
1131011,בית לחם (סרט),2013,דרמה,יובל אדלר,8,infobox+section,,צחי הלוי,שאדי מרעי,הייתאם עומארי,מיכל שטמלר,ג'ורג' אסקנדר,הישאם סלימאן,יוסי עיני,דודו ניב,,
1076523,"בננות (סרט, 2013)",2013,קומדיה,איתן פוקס,10,infobox+section,,עפר שכטר,ענת וקסמן,יעל בר זוהר,דאנה איבגי,אפרת דור,קרן ברגר,עונג אפרון,נריה זהבי,גלי רשף,אלון לוי
2170601,דבר על מקום הימצאם,2013,דרמה,יהלי ברגמן,10,infobox+section,,יונה אליאן,לבנה פינקלשטיין,יחזקאל לזרוב,הילה פלדמן,רותם זיסמן כהן,אבי גרייניק,טוני ברמן,אורי סטריקובסקי,יפתח אופיר,ששי קשת
1196644,האירוויזיוניסטים,2013,תיעודי,אסף לביא הראל,0,not_found,,,,,,,,,,,
2159216,הבן של אלוהים,2013,,ארז תדמור | גיא נתיב,8,infobox+section,,מכרם ח'ורי,זוהר שטראוס,אריאן לאבד,שושיק שני,אריה צ'רנר,ואנגליס מוריקיס,רוי בוטבול,ישראל ויסלר (פוצ'ו),,
1526329,הדיונה (סרט),2013,"דרמה קומית | להט""בי | דרמה",יוסי אבירם,8,infobox+section,,נילס ארסטרופ,ליאור אשכנזי,גיא מרצ'ו,אמה דה קון,מוני מושונוב,מתייה אמלריק,דנה עדיני,שמיל בן ארי,,
2222063,הורה 79,2013,דרמה | קומדיה,אלי כהן,10,infobox+section,,טוביה טישלר,שי גוטסמן,מירית לויט,צפי שמעוני,נתן דטנר,גילה אלמגור,יוסי גרבר,אמנון דוייב,עמוס קב,תמר גולנדר
1081429,המסע לכוכב המינימיקים,2013,קומדיה,שי כרמלי פולק,10,infobox+section,,לירון לב,שירי גדני,קובי פרג',עמי סמולרצ'יק,אילן גנני,חנה לסלאו,יוסי פולק,עידו מוסרי,תומר שרון,יטוס
1538653,המעבדה (סרט),2013,תיעודי,יותם פלדמן,0,not_found,,,,,,,,,,,
1081894,הנוער,2013,דרמה,תום שובל,10,infobox+section,,דוד קוניו,איתן קוניו,גיטה אמלי,משה איבגי,שירילי דשא,אורי הוכמן,נועה קולר,גלעד קלטר,אלכס פלג,גדי דורפמן
1080119,הצגה יומית (סרט),2013,עצמאי,עינת פרנבך בן אהרון,1,infobox,,טל קלאי,,,,,,,,,
1100676,חלום קוסטוריצה,2013,מוקומנטריה,איל סיבי,3,infobox,,הילה מצקר-הלוי,אמיר קוסטוריצה,אורי יניב,,,,,,,
1984295,יללת הזאבים,2013,טבע | תיעודי,משה אלפרט,1,infobox,,שמיל בן ארי,,,,,,,,,
1310672,כידון (סרט),2013,קומדיית | פעולה,עמנואל נקש,10,infobox+section,,בר רפאלי,סלים דאו,לירון לבו,מנשה נוי,שי אביבי,חיים זנאתי,עמי סמולרצ'יק,פולי רשף,לימור גולדשטיין,שמרית לוסטיג
1136092,כנס העתידנים (סרט),2013,דרמה | מדע בדיוני,ארי פולמן | יוני גודמן,5,infobox,,רובין רייט,הארווי קייטל,דני יוסטון,פול ג'יאמטי,ג'ון האם,,,,,
1140875,לוויה בצהריים,2013,דרמה,אדם סנדרסון,10,infobox+section,,הילה וידור,יובל ינאי,מירב גרובר,אדריאנו חאובל,מתן אברבך,רוברטו פולק,שלו גלבר,דון נדל,אליעזר אפלבוים,עומר עציון
1116608,לצוד פילים,2013,קומדיית פשע,רשף לוי,10,infobox+section,,ששון גבאי,מוני מושונוב,פטריק סטיוארט,גיל בלנק,יעל אבקסיס,רותם זיסמן כהן,צביקה הדר,משה איבגי,תיקי דיין,רינה שיינפלד
2123778,מחכים לסורקין,2013,,יונתן פז,10,infobox+section,,עמי סמולרצ'יק,אורי הוכמן,יואב הייט,מרינה שויף,איתמר פלג-גינזבורג,נועה מצנר,איילת הלפרן,ראובן שיבק,רונן הופמן,ניצה רייס
1124894,מי מפחד מהזאב הרע (סרט),2013,אימה | פשע,אהרון קשלס | נבות פפושדו,4,infobox,,ליאור אשכנזי,צחי גראד,רותם קינן,דב גליקמן,,,,,,
2134167,מעל הגבעה,2013,דרמה,רפאל נג'ארי,6,infobox+section,,אורי פפר,מוני מושונוב,מיכאלה עשת,מיה דגן,בתני גורנברג,מרק רוזנבאום,,,,
1056136,מעשייה אורבנית,2013,עצמאי,אליאב לילטי,10,infobox+section,,נעה פרידמן,ברק פרידמן,נתלי ברמן,זהר שטראוס,אסתי ירושלמי,נעה קולר,מיכל שטמלר,אבי גרייניק,עירית בנדק,אוהד קנולר
2168501,מקום בגן עדן,2013,דרמה,יוסי מדמוני,10,infobox+section,,אלון אבוטבול,רותם זיסמן כהן,תום גרציאני,ינון כהן,יוסי פולק,גבי עמרני,קרן ברגר,סופיה אוסטריצקי,מיכאל אלוני,רונית יודקביץ'
1112439,משפחת כולאני,2013,תיעודי,גיל גולן,0,not_found,,,,,,,,,,,
2212056,"עיר מקלט (סרט, 2013)",2013,,עמיקם קובנר,6,infobox+section,,נבו קמחי,לנה אטינגר,אושרי כהן,רותם זיסמן כהן,אייל רוזלס,יוסף קליינר,,,,
1108009,פלאות,2013,דרמה,אבי נשר,5,infobox,,אדיר מילר,אורי חזקיה,יהודה לוי,יובל שרף,אפרת גוש,,,,,
1837238,פנתר לבן (סרט),2013,דרמה | ספורט,דני רייספלד,4,infobox+section,,זאב רווח,מיטל גל סויסה,נטשה מנור,זורה קרטבלישוילי,,,,,,
2184057,פרדייס קרוז,2013,דרמה,מתן גוגנהיים,9,infobox+section,,עוז זהבי,והינה ג'יוקנטה,אלי אלטוניו,גיל דסיאנו ביטון,ג'וני ערביד,שלומית טריגר-הגואל,עודד לאופולד,קייס נאשף,סלים דאו,
1284040,צל בבגדד,2013,תיעודי,דוקי דרור,1,infobox,,לינדה מנוחין,,,,,,,,,
1076525,רוק בקסבה,2013,דרמה | פעולה | מלחמה,יריב הורוביץ,10,infobox+section,,יון תומרקין,אנחל בונני,הנרי דוד,יותם ישי,יפתח רוה,רועי ניק,לביא זיטנר,עדל אבו ריא,ולדימיר פרידמן,יפתח רווה
1143849,רימון הזהב,2013,דרמה,דן תורג'מן,10,infobox+section,,גלית גיאת,תמנה בראואר,אחינועם ניני,מתי סרי,אופיר נהרי,הדר עוזרי,רינת אבולעפיה,אביב אלוש,הלן אנרידר,מתי אטלס
1510542,שבלולים בגשם,2013,"דרמה | להט""ב",יריב מוזר,10,infobox+section,,יואב ראובני,מורן רוזנבלט,אורי יניב,יריב מרדכי מוזר,יהודה נהרי,אייל כהן,רון פארן,ליאור סורוקה,עדי דוייב,אייל קנטוב
1172930,אושר עטוף בשמיכה,2014,עצמאי,יוסי ארצי,4,infobox,,הילה וידור,קאיס נאשף,מוריס כהן,לוסי אהריש,,,,,,
1199333,אפס ביחסי אנוש,2014,דרמה קומית,טליה לביא,10,infobox+section,,דאנה איבגי,נלי תגר,שני קליין,יובל סגל,יונית טובי,תמרה קלינגון,דנה מיינרט,מיטל גל סויסה,חלי טויטו,משה אשכנזי
1356947,את לי לילה (סרט),2014,דרמה,אסף קורמן,8,infobox+section,,דאנה איבגי,לירון בן-שלוש,יעקב זדה דניאל,מאבטחת,מורה לספורט,מעון יום,היריון,מוגבלות שכלית התפתחותית,,
1429284,בורג (סרט),2014,דרמה,שירה גפן,2,infobox,,שרה אדלר,סמירה סרייה,,,,,,,,
1189257,גאליס – המסע לאסטרה,2014,פנטזיה | אקשן והרפתקאות,עודד רז,5,infobox,,תובל שפיר,אליאנה תדהר,דניאל מורשת,נוה צור,שירן סנדל,,,,,
1202727,גט - המשפט של ויויאן אמסלם,2014,דרמה,רונית אלקבץ | שלומי אלקבץ,10,infobox+section,,רונית אלקבץ,מנשה נוי,ששון גבאי,סימון אבקריאן,רמי דנון,רוברטו פולק,אלי גורנשטיין,זאב רווח,דליה בגר,רובי פורת-שובל
2190411,האם זה אתה?,2014,,דני מנקין,5,infobox+section,,אלון אבוטבול,נרונה קפלן דה מאסדו,רני בלייר,פטריק קלי,סוזן סדלר,,,,,
2127721,"הגננת (סרט, 2014)",2014,דרמה,נדב לפיד,10,infobox+section,,שרית לארי,ליאור רז,אסתר רדא,המוכתר,אבי שניידמן,דן תורן,יחזקאל לזרוב,אבישג קהלני,גיא אורן,נעם פרתום
2129099,הרחק מהיעדרו (סרט),2014,דרמה,קרן ידעיה,9,infobox+section,,צחי גראד,יעל אבקסיס,מעיין תורג'מן,טל בן בינה,אור אדרי,דור סרוגו,אורי ידלין,ברק פרידמן,עדי שיר,
1212958,זינוק בעלייה,2014,קומדיה,אורן שטרן,8,infobox+section,,שלמה בראבא,איתי טיראן,עידית טפרסון,מלי לוי גרשון,רותם זיסמן כהן,יוסי מרשק,רומי אבולעפיה,"יוסף ""ג'ו"" סוויד",,
2117341,טוביאנסקי (סרט),2014,,ריקי שלח,10,infobox+section,,מיכה סלקטר,עוז זהבי,פולי רשף,מרינה שויף,שירה קצנלנבוגן,איתן לונדנר,אורי פפר,מיקי לאון,רוני בליץ,עידו מוסרי
2127158,יונה (סרט),2014,דרמה,ניר ברגמן,10,infobox+section,,נעמי לבוב,שלום מיכאלשווילי,איתמר רוטשילד,תום חגי,מיכאל מושונוב,ליאת גורן,מיכל ורשאי,אילן חזן,סיני פתר,אסף סולומון
1167832,מבצע חמניה,2014,דרמה,אברהם קושניר,10,infobox+section,,יהורם גאון,צופית גרנט,ברוך ברנר,דניאלה קרטס,יוסי מרשק,עמנואל הלפרין,יואב היימן,עליזה רוזן,ישראל דמידוב,פיזיקה גרעינית
1213162,מיתה טובה (סרט),2014,דרמה קומית | דרמה,שרון מימון,2,infobox,,זאב רווח,לבנה פינקלשטיין,,,,,,,,
2406894,"מלך היהודים, ביאליק",2014,תיעודי,יאיר קדר,0,not_found,,,,,,,,,,,
2254577,מנפאואר (סרט),2014,דרמה,נעם קפלן,10,infobox+section,,יוסי מרשק,שמואל קלדרון,סמנתה אגר,נטע שפיגלמן,שמוליק קלדרון,גל פרידמן,פמפס שמעון אודי,סאן אינטוסאפ,הילה סעדה,כרמית מסילתי קפלן
1185406,מפריח היונים (סרט),2014,דרמה,נסים דיין,10,infobox,,דניאל גד,יגאל נאור,אורי גבריאל,אהובה קרן,יסמין עיון,מנשה נוי,אלי דור חיים,רון שחר,מירה עווד,ענבל ניר (בר אור)
1242178,ערבים רוקדים,2014,דרמה,ערן ריקליס,10,infobox+section,,יעל אבקסיס,ח'ליפה נאטור,שני קליין,נעה בירון,שירילי דשא,ברונו גנץ,לואי נופי,רונה ליפז-מיכאל,מיכאל מושונוב,קרן צור
2131847,פנסיון פראכט,2014,,תמר ירום,10,infobox+section,,צחי גראד,מיכאלה עשת,ולדימיר פרידמן,ירון ברובינסקי,יעל טוקר,אורי קלאוזנר,אוליאנה סתווי,משה פרסטר,מרינה מקסימיליאן,סשה אגרונוב
2020960,פריז על המים,2014,,הדס איילון,2,infobox,,מרים זוהר,אילן דר,,,,,,,,
1202354,"שגר אותי לחלל, סשה!",2014,קומדיה,גנית אורין,5,infobox,,עמירם עיני,אנה ווליקובסקי,רומן גרשקוביץ',מיכאל לרנר,קטיה קוסוי ופולינה חריטונסקי,,,,,
1202391,שושנה חלוץ מרכזי,2014,קומדיה,שי כנות,10,infobox+section,,אושרי כהן,גל גדות,אלי פיניש,מריאנו אידלמן,יוסי מרשק,חלוץ מרכזי,הומוסקסואל,נבל,סוכן האישי,יניב ביטון
1301318,שניצל (סרט),2014,קצר | מדע בדיוני | קומדיה,אסף אפשטיין,6,infobox+section,,נוה צור,אולגה ברדוקוב,אריק משעלי,ניר מליק,עדי פלדמן,עודד לאופולד,,,,
1584109,תעצמי את העיניים,2014,,רפאל בלולו,3,infobox,,יובל כרמל,ג'נט כהן,יונתן זרחיה,,,,,,,
1304688,אבוללה,2015,פנטזיה | פעולה | הרפתקאות | לכל המשפחה,יוני גבע,10,infobox+section,,יואב סעידיאן רוזנברג,בר מיניאלי,עידן ברקאי,מיכה סלקטר,שי ליבני,נתי קלוגר,יהודה מור,מכרם ח'ורי,קאי פקר,מורי שרם
1491243,אוריינטד,2015,תיעודי,ג'ייק וויצנפלד,3,infobox,,חאדר אבו סייף,פאדי דעים,נעים ג'ירייס,,,,,,,
1295635,איביזה (סרט),2015,קומדיה,שי כנות,10,infobox+section,,מאור שוויצר,עופר חיון,מעיין בלום,דר זוזובסקי,דביר בנדק,נועה וולמן,אבי קושניר,שני אטיאס,אורי לייזרוביץ,אלי נוס
1482777,אנה (סרט קצר),2015,דרמה,אור סיני,6,infobox,,יבגניה דודינה,מיקי לאון,אלון דהן,דניאל ברוסובני,קאי פקר,אורי גבריאל,,,,
1152342,"אני לא מאמין, אני רובוט?!",2015,קומדיה | מדע בדיוני,טל גולדברג | גל זלזניאק,10,infobox+section,,יותם ישי,הילי ילון,צחי גראד,דרור קרן,אינה בקלמן,רוב שניידר,דוד קיגלר,נלי תגר,אורי יניב,יוסי מרשק
2155510,ארץ פצועה,2015,דרמה,ארז תדמור,10,infobox+section,,רועי אסף,דביר בנדק,משה אשכנזי,יואב בר לב,יואב לוי,קרן ברגר,כרמית מסילתי קפלן,מאיסה עבד אלהאדי,ג׳מיל ח׳ורי,שרון טל
1622159,"אשה פשוטה, זלדה",2015,קומדיה | תיעודי,יאיר קדר,4,infobox,,ציון ברוך,אסי ישראלוף,שלום מיכאלשווילי,שייקה אופיר,,,,,,
1330664,באבא ג'ון,2015,דרמה,יובל דלשד,3,infobox,,נוויד נגהבאן,אשר אברהמי,דויד דיאן,,,,,,,
1424788,בית האילמת,2015,סטודנטים | תיעודי,תמר קיי,0,not_found,,,,,,,,,,,
2126071,בלדה ליוסף,2015,,ריקי שלח,6,infobox+section,,ראג'ב אבו רוקון,מיקי גבע,איתי שור,רביע חורי,מחמוד מור,פולי רשף,,,,
1388647,ברש (סרט),2015,"להט""בי | דרמה | קומדיה",מיכל ויניק,3,infobox+section,,סיון נועם שמעון,ג'ייד הדס סקורי,דביר בנדק,,,,,,,
1395319,ג'רוזלם (סרט),2015,אימה | אפוקליפסה,דורון ויואב פז,4,infobox,,יעל גרובגלס,יון תומרקין,דניאל ג'יידלין,תום גרציאני,,,,,,
1937704,גבולות (סרט קצר),2015,דרמה,דנה לרר,3,infobox,,נעמי לבוב,רוי מילר,נועה ברקאי,,,,,,,
1285971,גויאבות,2015,ילדים | קומדיה,קובי מחט,10,infobox+section,,נאיה פדרמן,מיכאל גולן גלמי,חנה לסלאו,יובל שם-טוב,חיים אוסדון,מאיר סוויסה,יהורם גאון,בילי,אסף,קונטסה
1508423,דץ הבלץ,2015,הרפתקאות | קומי | מוזיקלי,עופר ויצמן,10,infobox+section,,משה דץ,אור יעקב,עמית מורשת,קסם ויינברגר,חני נחמיאס,יובל שם-טוב,מיכל ינאי,אורי הוכמן,דץ הבלץ,נועה
2129877,ההפך (סרט),2015,,עמיחי גרינברג,7,infobox+section,,איתמר רוטשילד,קרן ברגר,רני בלייר,אוהד שחר,עלית קרייז,נילי צרויה,אילן נוב,,,
1439357,ההר,2015,דרמה,יעל קיים,2,infobox,,שני קליין,אבשלום פולק,,,,,,,,
2139125,היורד למעלה,2015,קומדיה,אלעד קידן,10,infobox+section,,איתי טיראן,אורי קלאוזנר,מיכאלה עשת,גסאן עבאס,שושיק שני,שלומי אברהם,אוהד שחר,נעמי פולני,עביר חדאד,אלעד קידן
1289960,המילים הטובות,2015,דרמה,שמי זרחין,10,infobox+section,,לבנה פינקלשטיין,צחי הלוי,ששון גבאי,רותם זיסמן כהן,אסף בן שמעון,רועי אסף,החוזר בתשובה,"שפת הבי""ת",יזהר כהן,שיפוצניק
2406897,"המעורר, י.ח ברנר",2015,תיעודי,יאיר קדר,0,not_found,,,,,,,,,,,
2406913,העורב: זאב ז'בוטינסקי,2015,תיעודי,יאיר קדר,0,not_found,,,,,,,,,,,
1626283,"העלמה בלובשטיין, רחל",2015,תיעודי,סיון ארבל,0,not_found,,,,,,,,,,,
2121680,"הקפות (סרט, 2015)",2015,,לי גילת,10,infobox+section,,אגם אוזלבו,אסי לוי,ליאור אשכנזי,אורי גבריאל,נועה אסטנג'לוב,שי אלקיים,עומר חזן,אלברט אילוז,יעקב כהן,יונתן צ'רצ'י
1142164,הרועה האחרון (סרט),2015,קומדיה,רותם ברוכין,9,infobox+section,,ניר קיטרו,רוני וייסמן,אורי ליפשיץ,אדוה קמחי,יובל אורנר,אילה שיפטן,ניר שרון,בועז קרני,רעות פיש,
2114670,חתונה מנייר,2015,דרמה,ניצן גלעדי,10,infobox+section,,מורן רוזנבלט,אסי לוי,רועי אסף,אריה צ'רנר,תומר קפון,אביבה גר,עודד לאופולד,אודי פרסי,יהודה נהרי הלוי,הדר רצון-רותם
1995175,ירושלים ממתינה בתור,2015,תיעודי,אמיר הר-גיל | עוזרת במאי,0,not_found,,,,,,,,,,,
2138271,ירח בבית 12,2015,,דורית חכים,10,infobox+section,,יובל שרף,יערה פלציג,גפן ברקאי,גל תורן,אברהם הורוביץ,יובל שגב,מאור שוויצר,שני דובינצ'יק,תמר בן שמואל,סופי אוסטריצקי
1404507,לא רחוב ולא נעליים,2015,תיעודי,דוד פישר,2,section,,ישראל גודוביץ,"מתווך נדל""ן",,,,,,,,
1327085,לאן נעלם נימני?,2015,דרמה,רני מגר | מיכל חג'ג',7,infobox+section,,עומר חזן,הילה הרוש,ירין קורן,ליאור רוכמן,ליאת צדקיהו,רגב זרקה,דינה קדושי,,,
1296931,מה כבר יכול לקרות?!,2015,קומדיה,אופיר לובל,10,infobox+section,,אילן קובץ',ליאור דובדבני,עפר שכטר,רמי הויברגר,גורי אלפי,ימית סול,אביעד בנטוב,אולג לוין,צחי גראד,שראל פיטרמן
1332355,מסווג חריג,2015,קומדיה,בועז ארמוני,10,infobox+section,,איתי זבולון,אסף בן שמעון,קאי קורבלניקוב,ערן פרץ,עופר רוטנברג,דנה הס,יעל ניברון,סימה ברמי,לירון בן בסט,אביב בן שלוש
1389520,משולם (סרט),2015,תיעודי,אייל בלחסן | נועם שיזף,1,infobox,,עוזי משולם,,,,,,,,,
2123173,נדיה - שם זמני,2015,דרמה,טובה אשר,9,infobox+section,,נטע שפיגלמן,עודד לאופולד,אלי קרן-אסף,אגם אוזלבו,רובא בלאל-עספור,עלי סלימאן,נעמה אמית,ג'ון הרט,דני גבע,
1348191,סבנה (סרט),2015,דוקו-דרמה,רני סער,9,infobox+section,,ג'ורג' אסקנדר,בובי לקס,ארז שפריר,גלעד ינקולביץ,יוסי אלקיים,דותן רמות,אבי קורניק,קלאודיה דוליצ'י,גיא גורביץ,
2132814,סוף עידן התמימות,2015,,וידי בילו,10,infobox+section,,יחזקאל לזרוב,ריימונד אמסלם,יעל בן דור,אנה דוברוביצקי,חנה לסלאו,קובי מאור,דנה סמו,גרא סנדלר,מיכאל כורש,מאיה גורקין
1309413,סיפור על אהבה וחושך (סרט),2015,דרמה,נטלי פורטמן,10,infobox+section,,גלעד כהנא,אמיר טסלר,נטלי פורטמן,אריה קלוזנר,עמוס עוז,מוני מושונוב,נטע ריסקין,דינה דורון,תומר קאפון,מכרם ח'ורי
1307230,סיפורי מעשיות של רבי נחמן (סרט),2015,פנטזיה,צבי פישמן,2,infobox,,יהודה ברקן,דניאל דיין,,,,,,,,
1305595,סרט אפס,2015,ארס פואטיקה,אור פז ותום טרגר,9,infobox,,ניב מג'ר,טל טירנגל,שי פיינברג,קארין כהן,אלעד וויסמן,מיכל רדלוס,טל שפר,אלון גור אריה,גורי אלפי,
1207306,סרט עם קתרין דנב,2015,קומדיה,עמרי יבין,4,infobox,,דני שגב,אסיה נייפלד,רות פרחי,ולדימיר פרידמן,,,,,,
1308942,פלאפל אטומי,2015,קומדיה,דרור שאול,10,infobox+section,,שי אביבי,מלי לוי,עידן כרמלי,מיכל טרבס,יוסי מרשק,זהר שטראוס,אלכסנדר פהלינג,עמי סמולרצ'יק,נמרוד הוכנברג,יונתן צ'רצ'י
1268047,פרינסס,2015,דרמה,טלי שלום עזר,5,infobox+section,,שירה האס,קרן מור,אורי פפר,אדר זהר הנץ,שמעון מימרן,,,,,
2224954,צילי,2015,דרמה,עמוס גיתאי,7,infobox+section,,שרה אדלר,משי אולינסקי,אדם צקמן,הלנה ירלובה,אנדרי קשקר,ליא קניג,אלכסיי קוטצ'טקוב,,,
1734110,ציפורי חול,2015,דרמה,אמיר וולף,10,infobox+section,,עודד תאומי,מרים זוהר,דבורה קידר,גילה אלמגור,אמנון וולף,רמי הויברגר,יהודה אפרוני,דינה דורון,שרית וינו אלעד,גלעד קלטר
2218450,קמטי צחוק,2015,דרמה,פיני עדן,10,infobox+section,,ליא קניג,יוסף כרמון,דניאל עדן,אפרת לביא,פולי רשף,שלומי טפיארו,גיל וסרמן,אבי חדש,אייל רוזלס,עינת ברנובסקי
1583895,שיר ידידות – ר' דוד בוזגלו,2015,תיעודי,רפאל בלולו,0,not_found,,,,,,,,,,,
1239837,שקופים (סרט),2015,דרמה,מושון סלמונה,10,infobox+section,,מחמוד שלבי,בת חן סבג,אדם אלהוזייל,ח'ליפה נאטור,עמיתי יאיש,שילת מלכה,נסרין סיקסיק,מאיסה עבד אלהאדי,אורן כהן,רוני דבח
1439294,תפוחים מן המדבר (סרט),2015,דרמה,אריק לובצקי | מתי הררי,10,infobox+section,,מורן רוזנבלט,שלומי קוריאט,ריימונד אמסלם,עירית קפלן,אלישע בנאי,צבי שיסל,משה אשכנזי,נמרוד הוכנברג,מוטי בן ישי,דודו באוכנר
1781313,אבינו (סרט),2016,דרמה,מני יעיש,9,infobox+section,,מוריס כהן,רותם זיסמן כהן,אלון דהן,חיים זנאתי,הרצל טובי,דורון בן דוד,אברהם סלקטר,יעקב זדה דניאל,יעל הדר,
2452597,"אווה (סרט, 2016)",2016,דרמה | קומדיה,חיים טבקמן,6,infobox+section,,אבי קושניר,אפרת בן צור,גיל פרנק,גאיה שליטא כץ,גדי פיטרמן,אופיר וייל,,,,
1279865,אח שלי גיבור,2016,תיעודי,יונתן ניר,0,not_found,,,,,,,,,,,
2076486,אמור (סרט),2016,דרמה,רפאל רביבו,10,infobox+section,,אור אילן,לירון לבו,דן תורג'מן,שושה גורן,ענת עצמון,גיל אלון,נטלי עטייה,תמר שם אור,שלמה (מומו) רז,גל פרידמן
1933777,אנטנה (סרט),2016,דרמה,אריק רוטשטיין,6,section,,מיקי לאון,ישי גולן,מיכאל אלוני,אלכס פלג,גילה אלמגור,הילה פלדמן,,,,
1446333,אנשים שהם לא אני,2016,דרמה,הדס בן ארויה,5,infobox+section,,הדס בן ארויה,יונתן בר-אור,מאיר טולדנו,נצר חריט,הגר אנוש,,,,,
1394872,אסור לשחק באוכל,2016,אימה | מתח,דניאל רימון,2,infobox+section,,עודד מנסטר,הילה די-קאסטרו,,,,,,,,
1589490,ארבע על ארבע,2016,קומדיה,שי כנות,10,infobox+section,,אבי דנגור,אושרי כהן,עוז זהבי,אליאנה תדהר,שלומי קוריאט,נעמי לבוב,ג'וני ערביד,רוני דלומי,ישראל קטורזה,יניב סוויסה
2246527,בין העולמות,2016,דרמה,מיה חטאב,8,infobox+section,,יורם טולדנו,מאיה גסנר,מריה זריק,ורוניקה ניקול,רועי גולן,ג'מיל ח'ורי,אבי דנגור,מנחם צברי,,
1853451,"בן-גוריון, אפילוג",2016,תיעודי,יריב מוזר,5,infobox+section,,דוד בן-גוריון,קלינטון ביילי,פולה בן-גוריון,יריב מוזר,יעל פרלוב,,,,,
1587868,ג'נקשן 48,2016,פעולה | ביוגרפי | פשע,אודי אלוני,3,infobox,,תאמר נפאר,מאיסה עבד אלהאדי,סלווה נקארה,,,,,,,
1348612,גאליס - קונקט,2016,הרפתקאות | פנטזיה,אסף קורמן,10,infobox+section,,אליאנה תדהר,תובל שפיר,שירן סנדל,דניאל מורשת,דניאל גד,נווה צור,עופר שכטר,רותם סלע,נוה צור,עפר שכטר
1458166,דימונה טוויסט,2016,תיעודי,מיכל אביעד,0,not_found,,,,,,,,,,,
1403291,האוצר מעבר לנהר,2016,הרפתקאות | קומי | מוזיקלי,קובי מחט,10,infobox+section,,נאיה פדרמן,רומי אבירם,שמוליק לוי,ליאת אזר,יובל שם-טוב,רבקה מיכאלי,אודי גוטשלק,אביעד בנטוב,אלכס,מיה
2217803,הולכת שבעה,2016,דרמה | רומנטי,טומי לנג,7,infobox+section,,מיקי קם,רוברט הניג,ליאור בסון,עומרי אשין,מעיין אליאסי,ציפי מייזלר,הלנה חייט,,,
1430006,החטאים,2016,דרמה,אבי נשר,10,infobox+section,,נלי תגר,ג'וי ריגר,דורון תבורי,יבגניה דודינה,תום אבני,מולי שולמן,גילת אנקורי,אורנה רוטברג,אבי קורניק,לני כהן
2256979,הכל שבור ורוקד,2016,דרמה,נוני גפן,10,infobox+section,,נוני גפן,דודו טסה,קובי פרג',מכרם ח'ורי,גילת אנקורי,גאיה טראוב,דביר בנדק,יוסי מרשק,זאב טנא,ביאה ברוקס
1407697,הלהקה האחרונה בלבנון,2016,קומדיה,בן בכר | איציק קריחלי,10,infobox+section,,אורי לייזרוביץ,עפר שכטר,עופר חיון,ישראל קטורזה,דנה פרידר,דניאל גל,אורי לייזרוביץ',איציק קריחלי,רודי סעדה,עמי אנידג'ר
2108296,חדרי הבית,2016,,איתן גרין,10,infobox+section,,יובל סגל,עידו זייד,אסנת פישמן,דני שטג,אריה צ'רנר,שרון שטרק,ג'מיל ח'ורי,מג'ד ביטאר,דן תורג'מן,יעקב זדה דניאל
1614497,ילד טוב ירושלים,2016,קומדיה רומנטית,רועי פלורנטין,8,infobox+section,,עמוס תמם,מיטל גל סויסה,מלי לוי גרשון,אוולין הגואל,ארי נשר,מל מלכה,ענת וקסמן,ציון ברוך,,
1417199,ישמח חתני (סרט),2016,דרמה | קומדיה | ישראלי,אמיל בן שמעון,10,infobox+section,,אוולין הגואל,יגאל נאור,אורנה בנאי,עינת שרוף,אביב אלוש,איציק כהן,יפית אסולין,שרון אלימלך,הרצל טובי,חיים זנאתי
1456377,"לא פה, לא שם",2016,"דרמה | להט""בי",מייסלון חמוד,7,infobox,,מונא חוא,סאנא ג'ממאליה,שאדן קנבורה,מחמוד שלבי,הנרי אנדראוס,אחלאם כנעאן,תאמר נאפר,,,
2116500,לב שקט מאוד,2016,דרמה,איתן ענר,10,infobox+section,,אניה בוקשטיין,אורי גוטליב,עירית קפלן,מיכאל ורשביאק,תמר קינן,ג'ורג'יו לופאנו,ליאור ליפשיץ,רונה לי שמעון,יואב לוי,גילת אנקורי
2135394,להציל את נטע,2016,דרמה,ניר ברגמן,10,infobox+section,,בני אבני,רותם אבוהב,נטע ריסקין,עירית קפלן,אמה אלפי,בתאל משיאן,נעמה ארלקי,קים גורדון,קובי מאור,יובל וין
1415391,לעבור את הקיר,2016,דרמה | ישראלי,רמה בורשטין,10,infobox+section,,נועה קולר,עמוס תמם,עוז זהבי,דפי שושנה אלפרן,רוני מרחבי,עירית שלג,עודד לאופולד,ארז דריגס,קארין סרויה,סיון מסט
2123889,מבחן החלב,2016,,יונתן פז,7,infobox+section,,מעין קרת,סמי הורי,שרי צוריאל,דן תורג'מן,שלמה פלסנר,תומר רוסו,אלון דהן,,,
1420367,מבצע חתונה (סרט),2016,תיעודי,ענת זלמנסון-קוזניצוב,0,not_found,,,,,,,,,,,
1600388,מוות בבאר שבע,2016,תיעודי,טלי שמש | אסף סודרי,2,section,,שירות בתי הסוהר,סמר,,,,,,,,
1491241,מי יאהב אותי עכשיו?,2016,תיעודי | מוזיקלי,ברק הימן | תומר הימן,0,not_found,,,,,,,,,,,
1692484,מעבר להרים ולגבעות,2016,דרמה,ערן קולירין,6,infobox+section,,אלון פדות,שירי נדב נאור,מילי עשת,נועם אימבר,יואב רוטמן,עלא דקה,,,,
2160402,נמל בית (סרט),2016,,ארז תדמור,10,infobox+section,,יורם חטב,שמיל בן ארי,אנה דוברוביצקי,שרון אלכסנדר,אייל רוזלס,לירון לבו,שלום שמואלוב,אייל סלמה,יעקב זדה דניאל,לירון בן-שלוש
1417550,סופת חול (סרט),2016,דרמה,עילית זקצר,5,infobox+section,,למיס עמאר,רובא בלאל-עספור,הייתאם עומארי,חדיג'ה אל עאכד,ג'לאל מסרוה,,,,,
1626253,עם הפנים לקיר,2016,דרמה | סטודנטים,עלמוורק דוידיאן,3,infobox,,ספיר סנקהסורני,תהילה ישעיהומולו,שולה מולאאברש,,,,,,,
2220576,עמק (סרט),2016,נעורים,סופי ארטוס,10,infobox+section,,נוה צור,רועי ניק,ג'וי ריגר,מאור שוויצר,רותם אבוהב,דורון צברי,רונית יודקביץ,יואב סעדיאן רוזנברג,דוד שאול,שלומי אוחיון
1429692,עניינים אישיים (סרט),2016,דרמה,מהא חאג',2,infobox+section,,דוריד לידאווי,מאיסה עבד אלהאדי,,,,,,,,
1407710,פוטו פרג' (סרט),2016,תיעודי,קובי פרג',0,not_found,,,,,,,,,,,
2217542,פטר השלישי (סרט),2016,קומדיה,טומי לנג,8,infobox+section,,רוברט הניג,נתן נתנזון,יעקב בודו,דנה ידלין,עומרי אשין,פיני מיטלמן,מומו טרלובסקי,דורית פלד הרפז,,
2246654,רוח חדשה (סרט),2016,דרמה,דורון ערן,10,infobox+section,,אימרי ביטון,דורון בן דוד,אוהד שחר,מייקל הרפז,חיים זנאתי,שלום שמואלוב,זאב שמשוני,מריה פלאם,מוריה בן הרוש,מוטי בן ישי
2118650,שבוע ויום,2016,דרמה,אסף פולונסקי,10,infobox+section,,שי אביבי,תומר קאפון,יבגניה דודינה,שרון אלכסנדר,כרמית מסילתי קפלן,אלונה שאולוף,רוני בליץ,רז דדי,אורי גבריאל,נילי צרויה
2021418,אבנייר,2017,,הלל ראטה,2,infobox,,טובה ורובל,מאיה ארבל,,,,,,,,
2435704,אזימוט (סרט),2017,מלחמה | פעולה | דרמה,מייק בורשטיין,8,infobox+section,,יפתח קליין,אנ',סמי שייק,אלון דהן,משה שחר,נעמה פרייס,סאמר קופטי,יפה תוסיה כהן,,
1554130,אחרייך,2017,תיעודי,רנא אבו פריחה,1,infobox,,רודיינא אבו פריחה,,,,,,,,,
1739826,איך מסמנים אהבה,2017,תיעודי,אל-עד כהן | איריס בן משה,0,not_found,,,,,,,,,,,
1600107,"אנתרקס (סרט, 2017)",2017,מתח | דרמה | פאונד פוטג',שי שרף,6,infobox,,אודי פרסי,עמית אפשטיין,זיו פלג,ליאור חסון,אורטל בן שושן,דנה מיינרט,,,,
1889187,ארץ זרה,2017,תיעודי | דרמה,שלומי אלדר,3,infobox+section,,גסאן עבאס,שלומי אלדר,עז א-דין אבו אל-עייש,,,,,,,
2172308,בית בגליל (2017),2017,דרמה,אסף סבן,10,infobox,,נועה קולר,אודי רצין,ישי גולן,לאורה ריבלין,גדליה בסר,אוהד קנולר,ג'וי ריגר,צחי הלוי,ורד פלדמן,עירית גדרון
1694113,ג'סטה,2017,קומדיה | דרמה | אקשן,קובי מחט,6,infobox,,און רפאלי,נאיה פדרמן,מתן לקס,דודו ארז,אלין לוי,עמי אנידג'ר,,,,
1519149,געגוע (סרט),2017,דרמה,שבי גביזון,9,infobox+section,,שי אביבי,אסי לוי,נטע ריסקין,אדם גבאי,שמעון מימרן,יורם טולדנו,שירי גולן,אלה ארמוני,אולג לוין,
1517298,האופה מברלין,2017,"דרמה | להט""ב",אופיר ראול גרייצר,5,infobox+section,,טים קלקהוף,רוי מילר,שרה אדלר,זהר שטראוס,סנדרה שדה,,,,,
1838714,האיש הנעלם – הסיפור של וילפריד ישראל,2017,תיעודי,יונתן ניר,0,not_found,,,,,,,,,,,
2130803,הבן-דוד,2017,דרמה,צחי גראד,10,infobox+section,,צחי גראד,עלא דקה,אסנת פישמן,יוני להב,ירון מוטולה,חיים שריר,אילן גנני,אורי הוכמן,אלי בן דוד,יואב הייט
1521272,המועדון לספרות יפה של הגברת ינקלובה,2017,דרמה,גלעד אמיליו שנקר,6,infobox,,קרן מור,יפתח קליין,אניה בוקשטיין,חנה לסלאו,רזיה ישראלי,ליא קניג,,,,
1957935,הקיר,2017,תיעודי,מורן איפרגן,0,not_found,,,,,,,,,,,
1694262,ואז היא הגיעה,2017,קומדיה רומנטית,רועי פלורנטין,5,infobox,,מיכאל אלוני,חן אמסלם-זגורי,אפרת דור,שמואל וילוז'ני,מיקי קם,,,,,
1518443,טהורה לעד,2017,תיעודי,מאיה זינשטיין,3,infobox,,זאור סדאייב,איציק קורנפיין,אריאל הרוש,,,,,,,
1488650,כמעט מפורסמת (סרט),2017,נוער | קומדיה,מרקו כרמל,10,infobox+section,,ניב סולטן,עומר דרור,עמית יגור,עמית פרקש,נועה קירל,ליאת אקטע,נתן רביץ,אורי פפר,מור פולנוהר,נואל ברקוביץ'
1549141,לפני שהרגליים נוגעות בקרקע,2017,תיעודי,דפני ליף,1,infobox,,דפני ליף,,,,,,,,,
1508418,מבצע ביצה,2017,הרפתקאות | קומי | מוזיקלי,אלון גור אריה,10,infobox+section,,חיים אוסדון,ירון ברלד,שלומי קוריאט,יהורם גאון,דנה אברהם-סמו,טל מוסרי,אסף אשתר,מאי ז'פקו,לירון אורפלי,תומר שרון
1707977,מדינת הגמדים (סרט),2017,מתח,יניב ברמן,7,infobox+section,,מאור שוויצר,עופר חיון,נמרוד הוכנברג,ליאור רוכמן,מישל פרוז'נסקי,עמית הכטר,עידו קסטלר,,,
1505807,מועדון החנונים: הסרט,2017,קומדיה | נוער,ירון ארזי,10,infobox+section,,יואב רוטמן,עמית פרקש,נוה צור,שירן סנדל,גאיה גור אריה,יון תומרקין,שירה נאור,רוני הדר,יובל סגל,מיכאל הנגבי
1554070,מות המשוררת,2017,"דרמה | להט""בי",דנה גולדברג | אפרת מישורי,2,infobox,,יבגניה דודינה,סמירה סרייה,,,,,,,,
1986427,"מכתב אהבה למ""מ שלי",2017,קצר | עלילתי,עטרה פריש,3,infobox,,גילי בית הלחמי,רוית דור,שיר אברמוב,,,,,,,
1525065,מכתוב (סרט),2017,פשע | קומדיה,עודד רז,10,infobox+section,,חנן סביון,גיא עמיר,חן אמסלם-זגורי,חן אמסלם,איציק כהן,יגאל נאור,אנסטסיה פיין,בנימין שובה,מישל מישייב,עדנה בליליוס
1694140,מסע הטבעת,2017,קומדיה | אקשן,מתי הררי,6,infobox,,תומר שחורי,תמיר ביידר,עמית פרקש,ישראל אטיאס,דובל'ה גליקמן,שמוליק לוי,,,,
1600128,משפחה בטרנס,2017,תיעודי,אופיר טריינין,1,infobox,,עמית צוק,,,,,,,,,
1568446,"סאלח, פה זה ארץ ישראל",2017,תיעודי,דוד דרעי,1,infobox,,ירון לונדון,,,,,,,,,
1512962,פוקסטרוט (סרט),2017,דרמה,שמוליק מעוז,10,infobox+section,,ליאור אשכנזי,שרה אדלר,יונתן שיראי,יהודה אלמגור,איליה גרוס,גפן ברקאי,דקל עדין,קארין אוגוסקי,דני איסרליש,יעל אייזנברג
1544362,פיגומים (סרט),2017,דרמה,מתן יאיר,7,infobox+section,,אשר לקס,יעקב כהן,עמי סמולארצ'יק,קרן ברגר,חגית דסברג,דינה לימון,ריקי דסקל,,,
1472261,שדה של חולמים,2017,תיעודי,נועם סטולרמן,0,not_found,,,,,,,,,,,
1556222,3 סיפורי ערבה,2018,"דרמה | קצר | להט""בי",משה רוזנטל | בעז פרנקל | דוד ולך,3,infobox,,ליאור אשכנזי,מנשה נוי,רותם קינן,,,,,,,
1762671,Voice over (סרט),2018,,מאיה קניג | סיגלית ליפשיץ | אורית פוקס רותם | ניר ברגמן,0,not_found,,,,,,,,,,,
1611694,אגדת המלך שלמה,2018,אנימציה,חנן קמינסקי,9,infobox+section,,אורי לייזרוביץ',אורי פפר,אלברט כהן,חנה לסלאו,עדן הראל,עודד מנשה,אוהד שחר,רותי אסרסאי,גלעד קלטר,
1737715,איך לשחות,2018,דרמה,נעה גוסקוב,6,infobox+section,,דינה סנדרסון,אורלי זילברשץ,גל מקאדר,עמרי אשין,אירית דגמי,מתניה בר-שלום,,,,
1827688,אין בתולות בקריות,2018,דרמה,קרן בר רפאל,4,infobox,,ג'וי ריגר,מיכאל אלוני,יבגניה דודינה,מנואל אלקסלסי ורדי,,,,,,
1703052,אישה עובדת,2018,דרמה,מיכל אביעד,3,infobox,,לירון בן-שלוש,מנשה נוי,אושרי כהן,,,,,,,
1731331,בוקר טוב ילד,2018,דרמה,שרון בר-זיו,3,infobox,,קרן מור,שרון בר-זיו,אביב אלקבץ,,,,,,,
1731339,בלי דם,2018,מתח,יוסף אל-דרור,2,infobox,,דני איסרליש,אודי רוטשילד,,,,,,,,
1731444,גאולה (סרט),2018,דרמה | מוזיקלי,יוסי מדמוני | בועז יהונתן יעקב,5,infobox,,משה פולקנפליק,אמילי גרנין,יונתן גלילה,שחר אבן צור,סיון שטיבי,,,,,
1608960,גיבור בעננים,2018,הרפתקאות | קומדיה | מוזיקלי,אביעד קידר,10,infobox+section,,יובל שם-טוב,שי ורועי,עודד פז,ורד פלדמן,לירית בלבן,יובל המבולבל,דיבל,דובל,שמבלול,גאיה הנביאה
1827166,דרייבר (סרט),2018,דרמה,יהונתן אינדורסקי,10,infobox,,משה פולקנפליק,מנואל אלקסלסי ורדי,מאור שוויצר,אבי דנגור,בועז קונפורטי,רות גלר,יחזקאל לזרוב,נוה צור,דב נבון,יעקב זדה דניאל
2147871,האיש שבקיר (סרט),2018,דרמה,יבגני רומן,10,infobox+section,,תמר אלקן,גלעד כהנא,אלי גורנשטיין,רות רסיוק,רוי מילר,שלומי אברהם,אמיתי יעיש בן אוזיליו,זאב שמשוני,יואב דונט,רודיה קוזלובסקי
1608973,הבלתי רשמיים,2018,דרמה,אלירן מלכה,10,infobox+section,,שולי רנד,יעקב כהן,גולן אזולאי,יואב לוי,שיפי אלוני,אור לומברוזו,צחי גראד,יגאל נאור,אברהם זגדון,דורית לב ארי
2032352,הד (סרט),2018,דרמה,עמיקם קובנר | אסף שניר,4,infobox+section,,יורם טולדנו,יעל אבקסיס,צחי הלוי,גורי אלפי,,,,,,
1826598,הלומים,2018,עלילתי,ארז מזרחי | סהר שביט,0,not_found,,,,,,,,,,,
1600444,"המועמד (סרט, 2018)",2018,תיעודי,טלי שמש | אסף סודרי,0,not_found,,,,,,,,,,,
1624423,"הנשף (סרט, 2018)",2018,"דרמה | להט""בי",טל גרניט | שרון מימון,8,infobox+section,,סתיו סטרשקו,נצנת מקונן,נועם לוגסי,אסי לוי,מיכה סלקטר,ניב סולטן,יהונתן וילוז'ני,טום מרסייה,,
2129631,העדות,2018,דרמה,עמיחי גרינברג,10,infobox+section,,אורי פפר,רבקה גור,חגית דסברג,אורי יניב,מרים גבריאלי,שמואל עצמון,דניאל אדרי,אורנה רוטברג,יצחק חזקיה,ליא קניג
1612446,הצלילה,2018,דרמה | מלחמה,יונה רוזנקיאר,9,infobox+section,,יואל רוזנקיאר,יונה רוזנקיאר,מיקי מרמור,דניאל סבג,שמואל אדלמן,אברהם שלום לוי,אלעד צפני,מיכה רוזנקיאר,קלאודיה דוליצ'י,
1790669,טוקלומטי,2018,תיעודי,דוד אופק,2,infobox,,טוני טוקלומטי,עידן טוקלומטי-ג'ורנו,,,,,,,,
1752580,יום רגיל,2018,דרמה,לי גילת,6,infobox+section,,ליטל שוורץ,דובר קוסשווילי,בת אל מוסרי,יעקב זדה דניאל,צביקה קרצנר,מרקו כרמל,,,,
1614864,יונתן אגסי הציל את חיי,2018,"תיעודי | להט""בי",תומר הימן,0,not_found,,,,,,,,,,,
1595322,ישורון: 6 פרקי אבות,2018,תיעודי,עמיחי חסון,0,not_found,,,,,,,,,,,
2220909,ליידי טיטי,2018,קומדיה,אסתי עלמו וקסלר,8,infobox+section,,לירית בלבן,צביקה היזיקיאס,אלזה עלמו,תהילה ישעיהו,ביינה גטהון,אייל סלמה,בירו טשלה,סבטלנה דמידוב,,
1517031,מוטלים בספק,2018,דרמה,אלירן אליה,10,infobox+section,,רן דנקר,הילה סורג'ון,לירון בן-שלוש,אדר חזאזי גרש,בת אל מוסרי,אוראל ספיר,אושר עמרה,אלעד כודרה,אלראי פס,דויד וילחובסקי
2265356,מתנחלת (סרט),2018,תיעודי,איריס זכי,0,not_found,,,,,,,,,,,
1826745,סדקים (סרט),2018,דרמה,אריק לובצקי,4,infobox,,שמואל וילוז'ני,צופית גרנט,שלומי קוריאט,ליאת אקטע,,,,,,
1635781,סיפור אחר,2018,דרמה,אבי נשר,10,infobox+section,,ג'וי ריגר,נתן גושן,מיה דגן,יובל סגל,ששון גבאי,מעיין בלום,אביגיל הררי,אילאי ברז'נסקי,אורנה פיטוסי,אסתי זקהיים
1617288,עד הקצה - ג'סטה 2,2018,קומדיה | דרמה | אקשן,קובי מחט,5,infobox,,און רפאלי,נאיה פדרמן,מתן לקס,גיא זו-ארץ,עמי אנידג'ר,,,,,
1621831,"עירום (סרט, 2018)",2018,דרמה,ירון שני,2,infobox,,לליב סיון,בר גוטפריד,,,,,,,,
1625830,עץ תאנה (סרט),2018,דרמה,עלמוורק דוידיאן,5,infobox,,בית לחם אסמאמאווה,יוהנס מוסה,וויינשיט בלאצ'ו,מרתה גטאצ'הו,מטקו היילו,,,,,
1985302,"פרא (סרט ישראלי, 2018)",2018,תיעודי,,0,not_found,,,,,,,,,,,
1623854,פרא אציל (סרט),2018,דרמה,מרקו כרמל,5,infobox+section,,נוה צור,אלון אבוטבול,מוריס כהן,ליאת אקטע,שירה האס,,,,,
1685384,פרה אדומה (סרט),2018,"דרמה | עצמאי | להט""בי",ציביה ברקאי יעקב,3,infobox,,אביגיל קובארי,גל תורן,מורן רוזנבלט,,,,,,,
1625707,רוצחות מבית טוב,2018,תיעודי,רני סער,6,infobox,,ציון אשכנזי,נתי קלוגר,עירית נתן בנדק,מילי עשת,יערה ביסטרי,אריאל נוביק,,,,
1841752,רכבת קלה (סרט),2018,דרמה | עלילתי,עמוס גיתאי,4,infobox,,מתייה אמלריק,פיפו דלבונו,חנה לסלאו,רותם אבוהב,,,,,,
1626894,שרוכים (סרט),2018,דרמה | צרכים מיוחדים,יעקב גולדווסר,2,infobox,,דב גליקמן,נבו קמחי,,,,,,,,
1702696,תל אביב על האש,2018,קומדיה | דרמה,סאמח זועבי,5,infobox,,קייס נאשף,יניב ביטון,מאיסה עבד אלהאדי,לובנה אזאבל,סלים דאו,,,,,
1702670,15 שנה,2019,דרמה,יובל הדדי,3,infobox,,עודד לאופולד,אודי פרסי,רותי אסרסאי,,,,,,,
1698152,אהבה בשלייקס,2019,קומדיה רומנטית,יוחנן ולר,10,infobox+section,,ניצה שאול,יהודה בארקן,שלמה בראבא,יפתח קליין,מיכל ינאי,אריה מוסקונה,יגאל עדיקא,רינה פדווה,אייל שכטר,כוכבה הררי
1702274,אול אין,2019,קומדיה | אקשן,יהונתן בר-אילן,10,infobox+section,,שלומי קוריאט,צחי הלוי,יוני זיכהולץ,עומר עציון,דנה פרידר,יעל בר זוהר,זהר שטראוס,דינה סנדרסון,מיכאל הנגבי,צחי גראד
1767942,אלוהי הפסנתר,2019,דרמה,איתי טל,6,infobox+section,,שמעון מימרן,זאב שמשוני,לאורה ריבלין,אלי גורנשטיין,עמי ויינברג,עזרא דגן,,,,
1762294,אפריקה (סרט),2019,דרמה,אורן גרנר,2,infobox,,מאיר גרנר,מיה גרנר,,,,,,,,
1734886,בזמק,2019,קומדיה,אריאל וייסברוד | יוסי מאירי,4,infobox,,גדי וילצ'רסקי,מיטל גל סויסה,אורי יניב,יוסי צברי,,,,,,
1734651,ברזיל אהובתי,2019,דרמה,חורחה גורביץ',3,infobox,,אסף גולדשטיין,רום ברנע,אנטוניו פטרין,,,,,,,
1753494,בשורות טובות (סרט),2019,דרמה קומית,ארז תדמור,6,infobox,,רועי אסף,נלי תגר,שמיל בן ארי,ערן פסח,אילן דר,אוולין הגואל,,,,
2487406,בשם הבת,2019,דרמה | מתח | קצר,לירן שטרית,5,infobox+section,,נתי רביץ,אברהם סלקטר,לירית בלבן,עמי ויינברג,דייוויד בונד,,,,,
1746439,גולדה (סרט תיעודי),2019,תיעודי,,0,not_found,,,,,,,,,,,
2444119,דינה מלול עושה מלחמה,2019,,עמית סרגוסי,7,infobox+section,,מלי לוי,תימור כהן,אנג'לה שטיינגרט,מרינה שויף,אורנה פיטוסי,זהר שטראוס,ליאור כלפון,,,
1733318,הדווקאים (סרט),2019,"תיעודי | להט""בי",הדס איילון,8,infobox+section,,שריאל בקנשטיין,דוד גולנד,רפי דייגי,דן לחמן,אשר מעיין,ג'רי פישמן,גיורא קפלן,יותם ראובני,,
1686418,המוסד (סרט),2019,פעולה,אלון גור אריה,10,infobox+section,,צחי הלוי,טל פרידמן,אפרת דור,עדי הימלבלוי,אילן דר,דביר בנדק,שלומי קוריאט,גילה אלמגור,עומר דרור,תומר שרון
2276298,המתים של יפו,2019,,רם לוי,10,infobox+section,,יוסף אבו ורדה,רובא בלאל-עספור,סלים דאו,מייסה דאו,בילאל באבאי,ג'יהאד בבאי,קורל זקאק,ג'וני פיליפס,מאיה פלאם,אלון דהן
1765611,הרפתקה בשחקים,2019,הרפתקאות | לכל המשפחה,ליאור חפץ,7,infobox+section,,אמיר טסלר,הילה נתנזון,אריה צ'רנר,ריקי בליך,נתי רביץ,דור הררי,אורי בלופרב,,,
1737685,זונה כמוני,2019,תיעודי,יעל שחר | שרון יעיש,0,not_found,,,,,,,,,,,
1734283,ימים נוראים (סרט),2019,דרמה | מותחן פוליטי,ירון זילברמן,10,infobox+section,,יהודה נהרי הלוי,אמיתי יעיש בן אוזיליו,ענת רבניצקי,יואב לוי,דולב אוחנה,רענן פז,סיוון מסט,דניאלה קרטס,יגאל עמיר,חגי עמיר
1752549,לידה (סרט),2019,דרמה,ירון שני,3,infobox,,סתיו אלמגור,אורי שני,לאה טוניק,,,,,,,
1755383,מחילה (סרט),2019,קומדיה | אקשן,חנן סביון | גיא עמיר,10,infobox+section,,חנן סביון,גיא עמיר,שירי מימון,צחי הלוי,נועה קולר,אלון אבוטבול,ליאלי אלקון,מיכל לוי,תקווה עזיז,יניב סוויסה
2218169,מריונטה (סרט),2019,,טומי לנג,10,infobox+section,,לימור גולדשטיין,שירן הוברמן,דב רייזר,עומרי אשין,שרית וינו אלעד,עדי ארד,דנה ברגר,פולי רשף,הלנה חייט,אדם הירש
2014870,נתראה בשמחות,2019,קומדיה שחורה | קומדיה של טעויות | דרמה קומית | אימה,מיכאל מאיר,10,infobox+section,,מיכאל אלוני,סטפי סלמה,לירז חממי,עידו מור,אלון פדות,איריס בר,גיא אדלר,שני אטיאס,דניאל לביד,מייק בורשטיין
1731752,קולות רקע,2019,דרמה | קומדיה,יבגני רומן,4,infobox,,ולדימיר פרידמן,מריה בלקין,אלכסנדר סנדרוביץ,אוולין הגואל,,,,,,
1909525,אנחנו המהפכה,2020,דרמה | רומנטי,מאור זגורי,3,infobox,,אגם רודברג,מאור שוויצר,עוז זהבי,,,,,,,
1898137,אסיה (סרט),2020,דרמה,רותי פרי-בר,7,infobox+section,,אלונה איב,שירה האס,תמיר מולא,גרא סנדלר,עדן חלילי,אור ברק,ערן איוניר,,,
2089822,הנה אנחנו,2020,דרמה | דרמה קומית | מסע,ניר ברגמן,4,infobox,,שי אביבי,שרון זליקובסקי,נועם אימבר,אפרת בן צור,,,,,,
1879609,חתונה הפוכה,2020,תיעודי,מרדכי ורדי,0,not_found,,,,,,,,,,,
2457880,מותו של הקולנוע ושל אבא שלי גם,2020,דרמה,דני רוזנברג,10,infobox+section,,רוני קובן,מרק רוזנבאום,נועה קולר,נתן רוזנברג,דני רוזנברג,אינה רוזנברג,רות פרחי,אורי קלאוזנר,יובל סגל,סבינה רוזנברג
1948284,על כיסא הבמאי יושבת אישה,2020,,סמדר זמיר,0,not_found,,,,,,,,,,,
1856757,עלייתו ונפילתו של שם טוב האבי,2020,קומדיה,נאור סוקי,10,infobox+section,,תמיר בר,מאיר סוויסה,ישי סוויסה,רביד פלוטניק,לוסי איוב,ג'נלין זוניו לוט,יאיר נשר,ג'ימבו ג'יי,שמואל גולדשטיין,דלית זריהן
1796081,ענת אלימלך: הילדה הכי יפה בירושלים,2020,דוקו-דרמה,עמנואל נקש,5,infobox+section,,אגם רודברג,רוי מילר,אורנה פיטוסי,כרמית לויטה,ענת אלימלך,,,,,
2256817,רב הנסתר,2020,תיעודי,שני חזיזה,0,not_found,,,,,,,,,,,
2391100,שאיפה לחיים,2020,קומדיה,מתן גוגנהיים | אסף אבירי,10,infobox+section,,שלמה בר אבא,דב גליקמן,גדי יגיל,ג'וי ריגר,נירה רבינוביץ,אלון נוימן,אבי קושניר,יותם קושניר,אבי קורניק,אודליה מורה מטלון
1943521,שלושה יוסי,2020,תיעודי,יעל קיפר | רונן זרצקי,0,not_found,,,,,,,,,,,
1848156,שפר בדרך להוליווד,2020,תיעודי,ונסה לאפא,0,not_found,,,,,,,,,,,
2003514,אגדת חורבן,2021,דרמה היסטורית | אנימציה,גידי דר,5,infobox,,זאב רווח,עמוס תמם,מוני מושונוב,יעל אבקסיס,יגאל נאור,,,,,
1966423,אחד בלב,2021,,טליה לביא,10,infobox+section,,רן דנקר,אביגיל הררי,מאיר סוויסה,אורלי זילברשץ,יעל פולמן,יערה,אלישע בנאי,אנה דוברוביצקי,ביאן ענתיר,ירמי שיק בלום
2091640,אל תחכי לי,2021,דרמה | מתח | נעורים,דני רייספלד | רועי גלוסקא,3,infobox,,עומר חזן,טיילור מלכוב,רז מזרחי,,,,,,,
2004706,הברך,2021,דרמה,נדב לפיד,4,infobox+section,,אבשלום פולק,נור פיבק,מילי עשת,יורם הוניג,,,,,,
2408597,החלון הרביעי,2021,תיעודי,יאיר קדר,0,not_found,,,,,,,,,,,
2002308,"הטיפול (סרט, 2021)",2021,תיעודי,צבי לנזמן,1,section,,ניצן הורוביץ,,,,,,,,,
2005128,המלכה שושנה,2021,תיעודי,קובי פרג' | מוריס בן מיור,0,not_found,,,,,,,,,,,
2532133,המספר העגול (סרט),2021,תיעודי,דוד פישר,10,section,,חנה יבלונקה,יהודה באואר,דינה פורת,יואל רפל,עמר ברטוב,אריה ברנע,יצחק ארד,גבריאל בך,ישראל גוטמן,אביהו רונן
2043061,הרפסודה (סרט),2021,דרמה | הרפתקאות,עודד רז,4,infobox,,עומר דהן,אנה זק,עידן שקרוקה,שחף כרמל יעקובוביץ',,,,,,
2026966,ויהי בוקר,2021,דרמה,ערן קולירין,10,infobox+section,,אלכס בכרי,ג'ונה סולימאן,ג'ונא סולימאן,סלים דאו,איהאב אליאס סלאמה,ח'ליפה נאטור,איזבל רמדאן,דוריד לידוואי,יארה יארר,מרוואן חמדן
1948773,זרים מושלמים (סרט ישראלי),2021,דרמה | קומדיה,ליאור אשכנזי,7,infobox,,מורן אטיאס,יוסי מרשק,שירה נאור,רותם אבוהב,חנן סביון,גיא עמיר,אבי גרייניק,,,
2007933,כנרת – ים של חיים,2021,טבע | תיעודי,משה אלפרט,0,not_found,,,,,,,,,,,
2099158,לילות קיץ (סרט),2021,תיעודי,אוהד מילשטיין,0,not_found,,,,,,,,,,,
2000044,לשחרר את שולי,2021,קומדיה | בורקס,בן בכר,10,infobox+section,,ציון ברוך,אסי ישראלוף,שלום מיכאלשווילי,לירון וייסמן,דוד שאול,אביה מלכה,אביבה אבידן,אורי כץ,נכה,רגל עץ
2479089,מישהו יאהב מישהו,2021,קומדיה | דרמה,הדס בן ארויה,3,infobox,,אלישבע וייל,לייב לב לוין,יואב הייט,,,,,,,
2135780,סינמה סבאיא,2021,דרמה,אורית פוקס רותם,5,infobox,,דאנה איבגי,אמל מורקוס,מרלן בג'אלי,ג'ואנה סעיד,אסיל פרחאת,,,,,
2025781,עוד סיפור אחד,2021,קומדיה רומנטית,גורי אלפי-אהרון,5,infobox,,דינה סנדרסון,גורי אלפי,מעיין בלום,דניאל גל,ליאור אשכנזי,,,,,
1999369,"עיניים של אבא (סרט, 2021)",2021,דרמה | תיעודי,גולן רייז,0,not_found,,,,,,,,,,,
2006974,פול ספיד,2021,דרמה | הרפתקאות | נעורים,קובי מחט,10,infobox,,שירה לוי,קווין רובין,און רפאלי,אברהם ארנסון,אקי אבני,חן אמסלם,גל אמיתי,דין גרבר,טל גרושקה,עידן תלם
2012453,צל כבד (סרט),2021,תיעודי,עידו הר,0,not_found,,,,,,,,,,,
2008219,קופסה כחולה,2021,תיעודי,מיכל ויץ,0,not_found,,,,,,,,,,,
2011741,"שמלת השבת של חנה'לה (סרט, 2021)",2021,,רני מגר,10,infobox+section,,מיכל ויצמן,שירן סנדל,נואל ברקוביץ',מיכאל גבעתי,חני נחמיאס,חיים זנאתי,שלמה וישינסקי,חנה'לה,צילי,גילי
2092901,תוכנית א' (סרט),2021,מתח | דרמה,דורון פז | יואב פז,8,infobox+section,,יואל רוזנקיאר,מיכאל אלוני,אוגוסט דיהל,ניקולאי קינסקי,עוז זהבי,ישי גולן,אבא קובנר,אמיתי קדר,,
2094585,תל אביב (סרט),2021,דרמה,מרט פרחומובסקי,7,infobox+section,,יותם גוטל,מיטל נר,גל אמיתי,ענת עצמון,אוהד שחר,ניר שטראוס,מרט פרחומובסקי,,,
2034323,תמונת הניצחון,2021,דרמה | קומדיה | נעורים | מלחמה,אבי נשר,10,infobox+section,,ג'וי ריגר,דין גרבר,ליר עיסא,יונתן ברק,גיל כהן,עבדאללה עקל,הישאם סלימאן,אדם גבאי,אליאנה תדהר,תום אבני
2096568,1341 פריימים מהמצלמה של מיכה בר-עם,2022,תיעודי,רן טל,1,infobox,,מיכה בר-עם,,,,,,,,,
2132109,40 צעדים,2022,קולנוע תיעודי,גד אייזן | מנור בירמן (במאי שותף),0,not_found,,,,,,,,,,,
2241399,H2: מעבדת השליטה (סרט),2022,תיעודי | היסטוריה,עידית אברהמי | נועם שיזף,0,not_found,,,,,,,,,,,
2241045,אדמה בוערת (סרט ישראלי),2022,דרמה,לירן שטרית,10,infobox+section,,אסף הרץ,יעל לבנטל,נתי רביץ,ריקי בליך,לירית בלבן,איציק סיידוף,ערן שראל,גיא גורביץ,ניר שעיבי,אלון לשם
2121434,אוהב אותך צ'ארלי,2022,קומדיה | אקשן,שי כנות,10,infobox+section,,מיכאל אלוני,אלון אבוטבול,נועה קירל,אליעד נחום,עדי הימלבלוי,אוראל צברי,משה פרסטר,ליאור דובדבני,לין אשרוב,רוני נתנאל
2146474,איראן 3,2022,פעולה,חני רובינשטיין,10,infobox+section,,אמירה גרון,שרי גבעתי,אביה מלכה,נעמה שטרית,ורוניקה קלנדרישבילי,שיפי אלוני,נועה בן גיגי,ליז רביאן,טאקו טבטדז,אני אימנדזה
2137636,אנחנו לא ניפרד לעולם,2022,תיעודי,אלון גור אריה,10,infobox+section,,יהודה בארקן,יגאל שילון,ניצה שאול,ששי קשת,קרוליין לנגפורד,משה טימור,איילת מנחמי,אריה מוסקונה,אלי תבור,זאב רווח
2110456,בוטיק פריז,2022,קומדיה,מרקו כרמל,6,infobox+section,,נלי תגר,ז'וזפין דראי,אנחל בונני,מוריס כהן,בת אל מוסרי,אריה צ'רנר,,,,
1949083,בחורים טובים (סרט ישראלי),2022,דרמה קומית,ארז תדמור,4,infobox,,עמית רהב,ליאנה עיון,מאור שוויצר,עירית קפלן,,,,,,
2184600,בתולים (סרט),2022,דרמה | קומדיה,מאור זגורי,8,infobox+section,,מאור לוי,חן אמסלם-זגורי,עמוס תמם,ליאנה עיון,אור עדי,איתמר קיגלר,סכיזופרן,לאונן,,
2238343,החבר השמן שלי,2022,,גודיס שניידר,5,infobox+section,,מי-רן מנקס,צחי סדן,אסף פרי,אפרת וינטראוב,ג'סמין גרין,,,,,
2110191,המצלמה של דוקטור מוריס,2022,תיעודי,מיטל צביאלי,0,not_found,,,,,,,,,,,
2087059,"הסיפור שלנו (סרט, 2022)",2022,קומדיה רומנטית | מוזיקלי | דרמה,ירון ארזי,10,infobox,,לי בירן,אליאנה תדהר,עדי חבשוש,עדן מאירי,קים אור אזולאי,אוראל צברי,אסנת פישמן,ניר כנען,יעל פדן,עידו אליאלי
2330822,הפילגש,2022,דרמה,מעיין ריף,9,infobox+section,,דאנה איבגי,סבטלנה דמידוב,איתמר רוטשילד,אניה בוקשטיין,יניב ביטון,ענת עצמון,לי גילת,נעמה פרייס,עירית גדרון,
2432488,"השתיקה (סרט, 2022)",2022,דרמה,שמי זרחין,9,infobox+section,,מוריס כהן,אושרי כהן,אסתי זקהיים,לבנה פינקלשטיין,ליאת הר לב,אלי דנקר,לירון בן-שלוש,צחי הלוי,שלומי טפיארו,
2110474,חומוס FULL טריילר,2022,קומדיה | אקשן,אסף קוברובסקי,10,infobox+section,,קרן מור,מנשה נוי,מוני מושונוב,מיכאל מושונוב,צחי גראד,יניב ביטון,פולי רשף,דיאנה גולבי,תאמר נפאר,רונן דוידוב
2170058,כאילו אין מחר,2022,"דרמה | להט""בי",ניצן גלעדי,3,infobox+section,,ישראל אוגלבו,דין מירושניקוב,מורן רוזנבלט,,,,,,,
2096906,לוס אנג'לס דרום,2022,מחזמר | תיעודי,גולן רייז | שרון יעיש,0,not_found,,,,,,,,,,,
2078497,לצאת מבוסייר,2022,דוקו-אקטיביסטי,נועה טל | דובי קרויטורו,0,not_found,,,,,,,,,,,
2103974,מיני די.וי,2022,תיעודי,שאולי מלמד,0,not_found,,,,,,,,,,,
2265129,משפט הבנקאים (סרט),2022,תיעודי,אליאב לילטי,0,not_found,,,,,,,,,,,
2079616,מתחתנת,2022,קומדיה רומנטית,ערן בן יעקב,3,infobox,,הילה סעדה,דין מירושניקוב,ענת וקסמן,,,,,,,
2536062,סבוטז' (סרט תיעודי),2022,תיעודי,נועה אהרוני,0,not_found,,,,,,,,,,,
2140564,"סבוי (סרט, 2022)",2022,דרמה | תיעודי,זהר וגנר,5,infobox+section,,דאנה איבגי,עלא דקה,אימרי ביטון,ג'לאל מסראווה,אדם גבאי,,,,,
2440713,עד שתחזור (סרט),2022,,שרי אזולאי תורג'מן,6,infobox+section,,דניאל ליטמן,עדי גילת,הלל ינאי שני,אופק פסח,מוריס כהן,הולגר ירמיש,,,,
2115215,עולה לראש,2022,קומדיה | פארודיה | סאטירה,דניאל אדר,10,infobox+section,,ערוץ הכיבוד,ערן זרחוביץ',רותם סלע,עלמה זק,"דור מוסקל, עומר ריבק ורותם קפלינסקי",עדן סבן,תום יער,המנהל האומנותי,מלטה,אירוויזיון
2108903,עצבני ומהיר: הסיפור של פאסט מיוזיק והפטיפון,2022,תיעודי,עמית איצקר,10,section,,פייבמנט,שרון קנטור,יובל מנדלסון,נטעלי גבירץ,אלישע בנאי,מאור כהן,יהלי סובול,דן תורן,רמי פורטיס,דייוויד ברוזה
2118494,עקרה (סרט),2022,עלילתי,מרדכי ורדי,9,infobox+section,,מילי עשת,יואב רוטמן,אילנית בן-יעקב,נבו קמחי,גולן אזולאי,גיל פרנק,מיכאל וייגל,רננה רז,הנרי דוד,
2110024,"קבלו אותי (סרט, 2022)",2022,"דרמה | להט""בי",אייל קנטור,10,infobox+section,,יואב קרן,גל אמיתי,מנדי ברששת,דני גבע,רוני נדלר,אמור הדריה,עתליה זהבי,איתמר מלול,אסתי זקהיים,עודד מנסטר
2129433,"קריוקי (סרט, 2022)",2022,דרמה,משה רוזנטל,10,infobox+section,,ששון גבאי,ליאור אשכנזי,ריטה שוקרון,אריה צ'רנר,קובי פרג',גל לב,אלמה דישי,תימור כהן,קרן צור,אליה לסרי
2434689,שער הפרחים (סרט),2022,,חיים בוזגלו,10,infobox+section,,אריק משעלי,אלברט אילוז,זאב רווח,אינט כהן,חיים זנאתי,ריימונד אמסלם,פלורה סעדה,הילה סעדה,סשה דמידוב,איציק זוהר
2324139,"בית (סרט, 2023)",2023,,בני פרדמן,10,infobox+section,,רועי ניק,ירדן תוסייה כהן,דרור קרן,רועי ויינברג,רמי ברוך,אסתי קוסוביצקי,ישי לפידות,ריקי בליך,מוריה אקונס,ניב מג'ר
2243424,בתי אהובתי,2023,דרמה,איתן גרין,5,infobox,,ששון גבאי,אוולין הגואל,אלברט אילוז,סיון לוי,עידו ברטל,,,,,
2244569,גזוז (סרט),2023,רומנטי,טומי לנג,3,infobox+section,,רוברט הניג,ענת מנדלסון,שירי לוטן,,,,,,,
2228813,גן קופים,2023,דרמה | קומדיה,אבי נשר,10,infobox+section,,אדיר מילר,שני כהן,יניב ביטון,סוזנה פפיאן,עלא דקה,שירה נאור,ערן זרחוביץ',תום אפלבאום,כרמל נצר,אבי סרוסי
2230916,גרגירי חול,2023,,גיתית כבירי | יהל כבירי,4,infobox+section,,שני כהן,יוסי מרשק,לוסי אהריש,אורי פפר,,,,,,
2322160,דניאל אויערבאך,2023,דרמה,דוד וולך,10,infobox+section,,דוד וולך,גלוריה בס,ליהי קורנובסקי,רועי ניק,רותם קינן,סיני פתר,אייל שיראי,חנה אזולאי-הספרי,אלישבע וייל,יובל דיין
2408716,האקטיביסט. קרל מרקס,2023,תיעודי,בנימין פריידנברג,0,not_found,,,,,,,,,,,
2428706,הארוחה,2023,דרמה,מתי הררי,7,infobox+section,,קרן פלס,עודד מנסטר,אולג לוין,יוליה טגיל,ישי גולן,חגית בן עמי,דודו באוכנר,,,
2232413,ההילולה,2023,קומדיה,אריאל בנבג'י | שלום אסייג,10,infobox+section,,שלום אסייג,אוולין הגואל,עפר שכטר,דניאל אסייג,עדי אלון,שלומי קוריאט,שרלין חזיזה,לינור אברג'יל,צחי נוי,אריק משעלי
2319206,החייל הנעלם,2023,דרמה,דני רוזנברג,4,section,,עידו טאקו,אפרת בן צור,תיקי דיין,"צה""ל",,,,,,
2275237,"הילד (סרט, 2023)",2023,קצר | דרמה | סטודנטים,יהב וינר,8,infobox+section,,יורם טולדנו,נמרוד פלג,שמעון מימרן,רן קפלן,איילת אפשטיין,אביב אלקבץ,ינון קנר,יהב גולדנברג,,
2350626,הילה (סרט),2023,דרמה,מיכל בת-אדם,10,infobox+section,,ג'ייד דייכס וויקס,פיני טבגר,יעקב זדה דניאל,איילה פלג,אלי גורנשטיין,דנה קבסה,יגאל שדה,רמי ברוך,אסתי קוסוביצקי,ניר שטראוס
2249388,המדרשיה (סרט),2023,תיעודי,טל בכר | יאיר אגמון | נתנאל ימין,0,not_found,,,,,,,,,,,
2202423,המנצחים (סרט),2023,מוזיקלי | דרמה | תקופתי,אלירן פלד,10,infobox+section,,דניאל ליטמן,עמית פרקש,ידין גלמן,יעל שטולמן,דור הררי,יואב רוטמן,אורנה כץ,יותם קושניר,נועם שנהב,גיל וייס
2341815,המשלחת (סרט),2023,דרמה,אסף סבן,7,infobox+section,,יואב בבלי,נעמי הררי,לייב לב לוין,עזרא דגן,אלמה דישי,אביב בוכלר,קובי זיסלין,,,
2228466,העיר הזאת (סרט),2023,פילם נואר,עמית אולמן,10,infobox,,עמית אולמן,מוריה אקונס,ג'ימבו ג'יי,אלון נוימן,עידן אלתרמן,ירמי אומני,איציק פצצתי,טונה,פלד,אקו מורגנשטרן
2513706,העתיד (סרט),2023,דרמה,נעם קפלן,3,infobox,,ריימונלד אמסלם,דר זוזובסקי,יוסי מרשק,,,,,,,
2256132,ולריה מתחתנת,2023,דרמה,מיכל ויניק,6,infobox+section,,לנה פרייפלד,דאשה טבורונוביץ',יעקב זדה דניאל,אברהם שלום לוי,הילה סורג'ון פישר,ויקטוריה קוזאק,,,,
2244316,חדר משלו,2023,דרמה | ישראלי,מתן יאיר,5,infobox,,גלעד לדרמן,ירדן בר-כוכבא,דרור קרן,נטע רוט,ישראל ברייט,,,,,
2322012,חידת שושני,2023,תיעודי (דוקומנטרי),מיכאל גרינשפן,0,not_found,,,,,,,,,,,
2411683,טור פרידה,2023,דרמה,רוני ניניו,5,infobox+section,,דרור קרן,כרמל בין,יהושע סובול,אילנית בן-יעקב,ג'יטה מונטה,,,,,
2193735,יותר ממה שמגיע לי,2023,דרמה,פיני טבגר,6,infobox+section,,אנה דוברוביצקי,יעקב זדה דניאל,מיכה פרודובסקי,אלברט אילוז,ריטה שוקרון,אודי רצין,,,,
2195014,לירז – הגירושים הכפולים של סטטיק,2023,תיעודי,גל רז,10,section,,"לירז ""סטטיק"" רוסו",קובי צברי,דור גל,רון ביטון,"ירדן ""ג'ורדי"" פלג",איתי שמעוני,עידו נצר,עמית מרדכי,משה רוסו,ניצה אדל רוסו
2287076,לרוץ על החול,2023,קומדיה | ספורט,אדר שפרן,10,infobox+section,,שון מונגוזה,קים אור אזולאי,צביקה הדר,מייקל קביה אהרוני,ישראל אטיאס,בר זומר,מאיר תמם,אורי ביטון,יואב לוי,משה אשכנזי
2437400,"נדל""ן: סיפור אהבה",2023,דרמה | ישראלי,ענת מלץ,2,infobox,,ויקטוריה רוסובסקי,לב לוין,,,,,,,,
2449242,סוף טוב (סרט),2023,קומדיה | דרמה,שרון מימון | טל גרניט,8,infobox+section,,אנדי מקדואל,מרים מרגוליס,סאלי פיליפס,ראקי תאקראר,טמזין גרג,טום קאלן,מישל גרינידג',דייוויד ואליאמס,,
2231847,סרט בסנטר,2023,תיעודי,קובי פרג' | מוריס בן מיור,0,not_found,,,,,,,,,,,
2288599,קרב אוויר (סרט),2023,מלחמה | דרמה | פעולה,רועי הורנשטיין,10,infobox+section,,דניאל ליטמן,מאור שוויצר,גל אמיתי,ליהי קורנובסקי,גילי איצקוביץ',בן סלע,אמיר שורוש,סרן,מפקד,טייסת
2258730,שבע ברכות (סרט),2023,דרמה,איילת מנחמי,10,infobox,,ריימונד אמסלם,אלינור סלע,דניאל סבג,תיקי דיין,מורין אמור,יואב לוי,רבקה בכר,עידית טפרסון,ערן מור,יעל לבנטל
2493452,שלושתנו (סרט),2023,תיעודי,הניה ברודבקר,0,not_found,,,,,,,,,,,
2369476,10 חודשים,2024,דרמה,עידן הובל,5,infobox,,שירי גדני,אלישבע וייל,תום חגי,עידית טפרסון,אילנית בן-יעקב,,,,,
2369488,אבי נשר: מילים להחלפה,2024,תיעודי,יאיר רוה,0,not_found,,,,,,,,,,,
2344136,אמצע החיים (סרט),2024,דרמה,יריב הורוביץ,9,infobox+section,,חן אמסלם,צחי הלוי,שלום אסייג,מורן גרוס,יניב סוויסה,יריב הורוביץ,דני רייספלד,לבנה פינקלשטיין,דודי גודר,
2376508,בחורים טובים 2,2024,דרמה קומית,ארז תדמור,5,infobox,,מאור שוויצר,עומר נודלמן,ניב סולטן,עמית רהב,ליאנה עיון,,,,,
2425211,בנות כמונו,2024,דרמה,לי גילת,3,infobox+section,,בת אל מוסרי,יעקב זדה דניאל,אורטל פשרל,,,,,,,
2405164,הטבעת,2024,דרמה קומית,אדיר מילר,10,infobox+section,,אדיר מילר,תיקי דיין,ג'וי ריגר,ירדן ג'רבי,פטר לינקה,דומיניקה בירו פנה,אסתר מרטון,בוגלרקה קאוש,צ'רבה קרקס,אנה בלוג
2328892,המעורר (סרט תיעודי),2024,תיעודי באורך מלא,רנן שור,4,infobox,,אברהם הלר,אורי זוהר,ציפורה הלר,שי אביבי,,,,,,
2387308,"העקידה (סרט, 2024)",2024,"דרמה | מותחן | להט""ב",אייל קנטור,1,infobox,,שמעון מימרן,,,,,,,,,
2395486,הפקות המזרח (סרט),2024,תיעודי,יניב סגלוביץ',0,not_found,,,,,,,,,,,
2374757,חלב (סרט),2024,דרמה,מאיה קניג,10,section,,הילה רוח,הדס ירון,טלי שרון,סמירה סרייה,מעיין תורג'מן,סימור דניאל,יבגני מוליבוגה,אורלי רות פלדהיים,קוסטה קפלן,עומר ברנע
2450514,חליסה (סרט),2024,,,0,not_found,,,,,,,,,,,
2346134,חמדה (סרט),2024,דרמה,שמי זרחין,10,infobox+section,,ששון גבאי,אסי לוי,מאור לוי,ליטל שוורץ,רועי אסף,עדי אלון,לבנה פינקלשטיין,לוטם טושינסקי,שאדי מרעי,גיא אריאלי
2378740,טרופיקנה (סרט),2024,דרמה,עומר טובי,7,infobox+section,,עירית שלג,אורי הוכמן,דובר קוסאשווילי,לירית בלבן,רבקה בכר,אילנית בן-יעקב,רינת מטטוב,,,
2407552,ימים טובים: סיפורו של זאב רווח,2024,תיעודי,אלון גור אריה,10,infobox+section,,זאב רווח,דן תורן,יהודה אטלס,הלל מיטלפונקט,זהבה בן,ניצה שאול,שלישיית מה קשור,דובי גל,חני נחמיאס,יונה אליאן
2342088,כביש הסרגל (סרט),2024,דרמת מתח,מיה דרייפוס,7,infobox+section,,טלי שרון,עידן עמדי,שרה פון שוורצה,דיקלה,יגאל נאור,בועז קונפורטי,אנסטסיה פיין,,,
2363891,כיסופים (סרט),2024,,קרן נחמד,10,infobox+section,,סוול אריאל אור,יהונתן וילוז'ני,אדם גבאי,מילי עשת,ארז עובד,ליר כץ,תמיר גינזבורג,עופר גרינברג,פאולה קרו,הרצל טובי
2423588,לא יום ולא לילה,2024,דרמה,פנחס וויה,6,infobox+section,,שמואל וילוז'ני,אלי מנשה,מעיין עמרני,אדם חתוכה פלד,מאיה כהן,דורית לב ארי,,,,
2390480,לקרוא את לוליטה בטהרן (סרט),2024,דרמה,ערן ריקליס,7,infobox,,גולשיפתה פראהאני,זאר אמיר אבראהימי,מינא קאוואני,רזא דיאקו,אראש מרנדי,קטיונה אחמדי,סינה פרוואנה,,,
2352113,מזל חתולה,2024,קומדיה | מתח,חנן סביון | גיא עמיר,10,infobox+section,,חנן סביון,גיא עמיר,מלי לוי,צחי הלוי,רותם אבוהב,ליאור אשכנזי,יוסי מרשק,לבנה פינקלשטיין,אורי הוכמן,יואב בר לב
2341448,מרוסקים: גולסטאר הסרט,2024,קומדיה,אמיל בן שמעון,10,infobox,,שייע פייגנבוים,ירון ברלד,ג'ובאני רוסו,דין מירושניקוב,רז זהבי,זהר ליבה,ניר לוי,אלעד צפני,אורי ברויר,ליאם גולן
2362495,נקמה יהודית 6,2024,פעולה | דרמה | מתח | ריגול,יהודה גרובייס,10,infobox+section,,דין מירושניקוב,אביתר לזר,שלמה סדן,נתנאל מרדכי הלוי,דניאל אליאסי,עידן צברי,אדם פרופ,יהודה רוזנווסר,איציק גרובייס,יהודה גרובייס
2414354,סודה (סרט),2024,דרמה,ארז תדמור,10,infobox+section,,רותם סלע,ליאור רז,נטע שפיגלמן,זוהר שטראוס,סיון תדמור,אנסטסיה אוורבוך,גל פרידמן,שרון שטרק,אמיתי קדר,יואל רוזנקיאר
2432418,פינק ליידי,2024,דרמה | ישראלי,ניר ברגמן,2,infobox,,נור פיבק,אורי בלופרב,,,,,,,,
2371942,פרנצ'ישקה (סרט תיעודי),2024,,לינה צ'פלין,0,not_found,,,,,,,,,,,
2395483,ציפורים משונות,2024,תיעודי,שקד אורבך,0,not_found,,,,,,,,,,,
2396926,קו המים,2024,דוקו-אקטיביזם,אלון לוי (במאי),0,not_found,,,,,,,,,,,
2366554,קרוב אלי,2024,דרמה,תום נשר,6,infobox,,ליה אללוף,דריה רוזן,עידו טאקו,נטע גרטי,יעקב זדה דניאל,שלומי שבן,,,,
2382888,רחל מאופקים (סרט),2024,דרמה תיעודית,זהר וגנר,8,infobox+section,,מירב גרובר,אלברט אילוז,רחל אדרי,דוד אדרי,אביתר אדרי,ארקדי שוסטר,יונס,אבו עמר,,
2467030,10 קילו קוקאין,2025,דרמה,דורון ערן,10,infobox+section,,דניאלה קרטס,ליעוז לוי,מאיה עשת,לונא מנסור,חואן פאבלו אוליסלאגר,פאולה טירדו,תום גרציאני,סטפני מרידה,אייל רוזלס,חואן פרידמן
2461083,ההילולה 2 – החתונה,2025,קומדיה,יריב הורוביץ | שלום אסייג,10,infobox+section,,שלום אסייג,דניאל אסייג,אוולין הגואל,עפר שכטר,שלומי קוריאט,אריק משעלי,אוראל צברי,גרא סנדלר,חי דוידוב,הרצל טובי
2474341,הים (סרט),2025,דרמה,שי כרמלי פולק,3,infobox+section,,ח'ליפה נאטור,מרלן בג'אלי,הילה סורג'ון פישר,,,,,,,
2430231,העולם ירעד,2025,דרמה,ליאור גלר,7,infobox+section,,אוליבר ג'קסון-כהן,דויד קרוס,מייקל סי פוקס,אנטון לסר,ג'רמי נוימרק ג'ונס,אדי קבטנר,ז'יל בן דוד,,,
2414678,התכשיט,2025,דרמה | מתח | פשע,יהודה גרובייס,10,infobox+section,,אליאו בן זאב,שי חי,רונן הרשקוביץ,אבי גרייניק,גילי שושן,ארקדי דוכין,ישי לפידות,טיילור מלכוב,ששי גז,איציק שמלי
2515786,חשבונות שמיים,2025,,אסתי ביטון שושן,6,infobox+section,,משי קליינשטיין,אורי אלבי,ריימונד אמסלם,ישי גולן,מיקי לאון,דניאל מורשת,,,,
2560473,טיוטה:הקרבות של נילי,2025,,טל קושנר | יניב בן אהרון,1,infobox,,נילי בלאק,,,,,,,,,
2466715,יוסף שילוח: בעל החלומות,2025,,קובי פרג' | מוריס בן מיור,1,infobox,,יוסף שילוח,,,,,,,,,
2412720,ילד זין (סרט),2025,נעורים | התבגרות | קומדיה,ירדן אגיאן,10,infobox+section,,תובל שפיר,לאה לב,ניב מג'ר,אביעד בנטוב,תומר פישמן,נועם כרמלי,לני כהן,מעיין לאוב,מיכל מנור,אורית זפרן
2523286,כי את מכוערת,2025,דרמה,שרון אנגלהרט,5,infobox+section,,יעל אבקסיס,יוסי מרשק,בן סולטן,ריקי רייף סיני,אורי אבינועם,,,,,
2425441,למה מלחמה,2025,דרמה,עמוס גיתאי,6,infobox+section,,אלברט איינשטיין,מתייה אמלריק,זיגמונד פרויד,יעל אבקסיס,אירן ז'קוב,קרן מור,,,,
2460248,לשחרר את שולי סאן,2025,קומדיה | פעולה | בורקס,בן בכר,6,infobox+section,,ציון ברוך,אסי ישראלוף,שלום מיכאלשווילי,דוד שאול,אמה מדינג,קופנגן,,,,
2422355,מופע טוטאל,2025,דרמה,רועי אסף,10,infobox+section,,רועי אסף,אלברט אילוז,אורי גבריאל,מוטי בן ישי,אורנלה בס,זוהר ז'נט סבג,שמעון מימרן,אוהד קנולר,מילי עשת,צביקה פישזון
2493539,מלאכי (סרט),2025,תיעודי | דרמה,עדו בהט | נעם דמסקי,0,not_found,,,,,,,,,,,
2479526,נאנדאורי,2025,דרמה,אתי ציקו,5,infobox+section,,נטע ריסקין,רולנד אוקרופירידזה,אנסטסיה צ'נטוראיה,מאטה טדוראדזה,גיווי צ'וגואשווילי,,,,,
2533567,נער יהודי גאה,2025,תיעודי,ישרי הלפרן,0,not_found,,,,,,,,,,,
2493275,שם טוב האבי 2,2025,,מתן בללתי,1,infobox,,תמיר בר,,,,,,,,,
2478040,שפה זרה (סרט),2025,דרמה,עודד בן נון | מיכל ברזיס,10,infobox+section,,שרה אדלר,יחזקאל לזרוב,אולריך תומסן,יפתח קליין,עפרי פרישקולניק אלדד,גל מלכה,משה פולקנפליק,שון סופטי,לארס איידינגר,מסאיי מסייבסקי
2439335,"תמונות יפואיות (סרט, 2024)",2025,,אריק לובצקי | מתי הררי,10,infobox+section,,אורי גבריאל,יגאל עדיקא,מוטי בן ישי,גבי דן,שלומי קוריאט,ג'וליה מסלאווי,אוראל צברי,עודד מנסטר,אלי גלפרין,אסתי זקהיים
2558314,גבעה 338,2026,ישראלי | קומדיה,ארז בן הרוש,9,infobox,,אלי יצפאן,שחר חסון,יעל פוליאקוב,קים אור אזולאי,אברהם ארנסון,טל פרידמן,ישי סוויסה,מיכאל סוויסה,דנה מכטיי,
2533552,הבן יקיר לי (סרט),2026,תיעודי,נעם דמסקי,0,not_found,,,,,,,,,,,
2523246,הנוסחה (סרט),2026,דרמה | מתח,יהודה גרובייס,10,infobox,,ישראל מאיר וולקן,הלל שמעון,רפאל גרינשטיין,ישי לפידות,ג'וש שגיא,ששי גז,אסף קליין,עמירן דביר,מנחם טוקר,קובי סלע
2554570,חינה אמריקאית,2026,קומדיה,שלום אסייג,5,infobox,,ישראל אטיאס,שלום אסייג,עדי הימלבלוי,שרון אלימלך,רמי קאשי,,,,,
2512162,מפרץ השמש (סרט תיעודי),2026,תיעודי,עידו ויסמן,0,not_found,,,,,,,,,,,
2554147,עין אחת פקוחה,2026,תעודה,תם גיאת,0,not_found,,,,,,,,,,,
2554641,עצמאות (סרט),2026,דרמה | ישראלי,משה רוזנטל,6,infobox+section,,אסי כהן,עידו טאקו,יאיר מזור,קרן צור,מור דימרי,נטע אורבך,,,,
2481001,קופה ראשית – הסרט,2026,קומדיה,קובי חביה,6,infobox,,קרן מור,נועה קולר,אמיר שורוש,דב נבון,יניב סוויסה,דניאל סטיופין,,,,
2557147,תיכון מגשימים (סרט),2026,מוזיקלי | התבגרות,עמית אולמן,10,infobox+section,,אמיר בנאי,נועם קלינשטיין,יעל שלביה,עמית אולמן,מיכל ינאי,עידו ברטל,רוני דואני,נאיה פדרמן,רביד רונן,יובל מנדלסון
